date,beginning_acft,rainfall_mm,inflow_acft,potential_evap_acft,actual_evap_acft,target_demand_acft,served_demand_acft,unmet_demand_acft,spill_acft,lcc_storage_acft,ccr_storage_acft,combined_storage_acft,combined_pct,breached_stage3,scenario_id,tier_pct,policy,day_number
2011-04-01,321965.0,0.0,30.0,380.0,380.0,370.0,370.0,0.0,0.0,89716.60348950973,231528.39651049025,321245.0,34.92173062289379,False,SCEN_2011_APR_270D,100,baseline_demand,1
2011-04-02,321245.0,0.0,30.0,380.0,380.0,370.0,370.0,0.0,0.0,89378.20697901945,231146.79302098052,320525.0,34.84346124578759,False,SCEN_2011_APR_270D,100,baseline_demand,2
2011-04-03,320525.0,0.0,30.0,380.0,380.0,370.0,370.0,0.0,0.0,89039.81046852918,230765.1895314708,319805.0,34.76519186868138,False,SCEN_2011_APR_270D,100,baseline_demand,3
2011-04-04,319805.0,0.0,30.0,380.0,380.0,370.0,370.0,0.0,0.0,88701.4139580389,230383.58604196107,319085.0,34.686922491575174,False,SCEN_2011_APR_270D,100,baseline_demand,4
2011-04-05,319085.0,0.0,30.0,380.0,380.0,370.0,370.0,0.0,0.0,88363.01744754863,230001.98255245134,318365.0,34.608653114468964,False,SCEN_2011_APR_270D,100,baseline_demand,5
2011-04-06,318365.0,0.0,30.0,380.0,380.0,370.0,370.0,0.0,0.0,88024.62093705835,229620.37906294162,317645.0,34.530383737362754,False,SCEN_2011_APR_270D,100,baseline_demand,6
2011-04-07,317645.0,0.0,30.0,380.0,380.0,370.0,370.0,0.0,0.0,87686.22442656808,229238.7755734319,316925.0,34.452114360256545,False,SCEN_2011_APR_270D,100,baseline_demand,7
2011-04-08,316925.0,0.0,30.0,380.0,380.0,370.0,370.0,0.0,0.0,87347.8279160778,228857.17208392217,316205.0,34.37384498315034,False,SCEN_2011_APR_270D,100,baseline_demand,8
2011-04-09,316205.0,0.0,30.0,380.0,380.0,370.0,370.0,0.0,0.0,87009.43140558753,228475.56859441244,315485.0,34.29557560604414,False,SCEN_2011_APR_270D,100,baseline_demand,9
2011-04-10,315485.0,0.0,30.0,380.0,380.0,370.0,370.0,0.0,0.0,86671.03489509725,228093.96510490272,314765.0,34.21730622893793,False,SCEN_2011_APR_270D,100,baseline_demand,10
2011-04-11,314765.0,0.5333333333333333,54.0,380.0,380.0,370.0,370.0,0.0,0.0,86339.35128818346,227729.64871181652,314069.0,34.141645831068594,False,SCEN_2011_APR_270D,100,baseline_demand,11
2011-04-12,314069.0,0.0,30.0,380.0,380.0,370.0,370.0,0.0,0.0,86000.95477769319,227348.0452223068,313349.0,34.063376453962384,False,SCEN_2011_APR_270D,100,baseline_demand,12
2011-04-13,313349.0,0.0,30.0,380.0,380.0,370.0,370.0,0.0,0.0,85662.55826720291,226966.44173279707,312629.0,33.98510707685618,False,SCEN_2011_APR_270D,100,baseline_demand,13
2011-04-14,312629.0,0.0,30.0,380.0,380.0,370.0,370.0,0.0,0.0,85324.16175671264,226584.83824328735,311909.0,33.90683769974998,False,SCEN_2011_APR_270D,100,baseline_demand,14
2011-04-15,311909.0,0.0,30.0,380.0,380.0,370.0,370.0,0.0,0.0,84985.76524622236,226203.23475377762,311189.0,33.82856832264377,False,SCEN_2011_APR_270D,100,baseline_demand,15
2011-04-16,311189.0,0.0,30.0,380.0,380.0,370.0,370.0,0.0,0.0,84647.36873573209,225821.6312642679,310469.0,33.75029894553756,False,SCEN_2011_APR_270D,100,baseline_demand,16
2011-04-17,310469.0,0.0,30.0,380.0,380.0,370.0,370.0,0.0,0.0,84308.97222524181,225440.02777475817,309749.0,33.67202956843135,False,SCEN_2011_APR_270D,100,baseline_demand,17
2011-04-18,309749.0,0.0,30.0,380.0,380.0,370.0,370.0,0.0,0.0,83970.57571475154,225058.42428524845,309029.0,33.593760191325146,False,SCEN_2011_APR_270D,100,baseline_demand,18
2011-04-19,309029.0,0.0,30.0,380.0,380.0,370.0,370.0,0.0,0.0,83632.17920426127,224676.82079573872,308309.0,33.515490814218936,False,SCEN_2011_APR_270D,100,baseline_demand,19
2011-04-20,308309.0,0.0,30.0,380.0,380.0,370.0,370.0,0.0,0.0,83293.78269377099,224295.217306229,307589.0,33.43722143711273,False,SCEN_2011_APR_270D,100,baseline_demand,20
2011-04-21,307589.0,0.0,30.0,380.0,380.0,370.0,370.0,0.0,0.0,82955.38618328072,223913.61381671927,306869.0,33.35895206000652,False,SCEN_2011_APR_270D,100,baseline_demand,21
2011-04-22,306869.0,0.0,30.0,380.0,380.0,370.0,370.0,0.0,0.0,82616.98967279044,223532.01032720954,306149.0,33.28068268290031,False,SCEN_2011_APR_270D,100,baseline_demand,22
2011-04-23,306149.0,0.0,30.0,380.0,380.0,370.0,370.0,0.0,0.0,82278.59316230017,223150.40683769982,305429.0,33.20241330579411,False,SCEN_2011_APR_270D,100,baseline_demand,23
2011-04-24,305429.0,0.0,30.0,380.0,380.0,370.0,370.0,0.0,0.0,81940.19665180989,222768.8033481901,304709.0,33.1241439286879,False,SCEN_2011_APR_270D,100,baseline_demand,24
2011-04-25,304709.0,0.09999999999999999,34.5,380.0,380.0,370.0,370.0,0.0,0.0,81603.05881074021,222390.4411892598,303993.5,33.046363735188606,False,SCEN_2011_APR_270D,100,baseline_demand,25
2011-04-26,303993.5,0.0,30.0,380.0,380.0,370.0,370.0,0.0,0.0,81264.66230024994,222008.83769975006,303273.5,32.9680943580824,False,SCEN_2011_APR_270D,100,baseline_demand,26
2011-04-27,303273.5,0.0,30.0,380.0,380.0,370.0,370.0,0.0,0.0,80926.26578975967,221627.23421024033,302553.5,32.889824980976194,False,SCEN_2011_APR_270D,100,baseline_demand,27
2011-04-28,302553.5,0.0,30.0,380.0,380.0,370.0,370.0,0.0,0.0,80587.86927926939,221245.6307207306,301833.5,32.811555603869984,False,SCEN_2011_APR_270D,100,baseline_demand,28
2011-04-29,301833.5,0.0,30.0,380.0,380.0,370.0,370.0,0.0,0.0,80249.47276877912,220864.02723122088,301113.5,32.73328622676378,False,SCEN_2011_APR_270D,100,baseline_demand,29
2011-04-30,301113.5,0.0,30.0,380.0,380.0,370.0,370.0,0.0,0.0,79911.07625828884,220482.42374171116,300393.5,32.65501684965757,False,SCEN_2011_APR_270D,100,baseline_demand,30
2011-05-01,300393.5,0.0,30.0,380.0,380.0,370.0,370.0,0.0,0.0,79572.67974779857,220100.82025220143,299673.5,32.57674747255137,False,SCEN_2011_APR_270D,100,baseline_demand,31
2011-05-02,299673.5,1.0333333333333334,76.5,380.0,380.0,370.0,370.0,0.0,0.0,79247.28948798771,219752.7105120123,299000.0,32.5035329927166,False,SCEN_2011_APR_270D,100,baseline_demand,32
2011-05-03,299000.0,0.0,30.0,380.0,380.0,370.0,370.0,0.0,0.0,78908.89297749744,219371.10702250258,298280.0,32.4252636156104,False,SCEN_2011_APR_270D,100,baseline_demand,33
2011-05-04,298280.0,0.0,30.0,380.0,380.0,370.0,370.0,0.0,0.0,78570.49646700716,218989.50353299285,297560.0,32.34699423850419,False,SCEN_2011_APR_270D,100,baseline_demand,34
2011-05-05,297560.0,0.0,30.0,380.0,380.0,370.0,370.0,0.0,0.0,78232.09995651689,218607.90004348313,296840.0,32.26872486139798,False,SCEN_2011_APR_270D,100,baseline_demand,35
2011-05-06,296840.0,0.0,30.0,380.0,380.0,370.0,370.0,0.0,0.0,77893.70344602661,218226.2965539734,296120.0,32.19045548429177,False,SCEN_2011_APR_270D,100,baseline_demand,36
2011-05-07,296120.0,0.0,30.0,380.0,380.0,370.0,370.0,0.0,0.0,77555.30693553634,217844.69306446367,295400.0,32.112186107185565,False,SCEN_2011_APR_270D,100,baseline_demand,37
2011-05-08,295400.0,0.0,30.0,380.0,380.0,370.0,370.0,0.0,0.0,77216.91042504607,217463.08957495395,294680.0,32.033916730079355,False,SCEN_2011_APR_270D,100,baseline_demand,38
2011-05-09,294680.0,0.0,30.0,380.0,380.0,370.0,370.0,0.0,0.0,76878.51391455579,217081.48608544422,293960.0,31.95564735297315,False,SCEN_2011_APR_270D,100,baseline_demand,39
2011-05-10,293960.0,0.0,30.0,380.0,380.0,370.0,370.0,0.0,0.0,76540.11740406552,216699.8825959345,293240.0,31.877377975866946,False,SCEN_2011_APR_270D,100,baseline_demand,40
2011-05-11,293240.0,0.0,30.0,380.0,380.0,370.0,370.0,0.0,0.0,76201.72089357524,216318.27910642477,292520.0,31.799108598760732,False,SCEN_2011_APR_270D,100,baseline_demand,41
2011-05-12,292520.0,33.1,1519.5,380.0,380.0,370.0,370.0,0.0,0.0,76279.9439613,217009.55603870004,293289.50000000006,31.882758995542996,False,SCEN_2011_APR_270D,100,baseline_demand,42
2011-05-13,293289.50000000006,0.0,30.0,380.0,380.0,370.0,370.0,0.0,0.0,75941.54745080972,216627.95254919032,292569.50000000006,31.804489618436794,False,SCEN_2011_APR_270D,100,baseline_demand,43
2011-05-14,292569.50000000006,0.0,30.0,380.0,380.0,370.0,370.0,0.0,0.0,75603.15094031945,216246.3490596806,291849.50000000006,31.726220241330587,False,SCEN_2011_APR_270D,100,baseline_demand,44
2011-05-15,291849.50000000006,0.0,30.0,380.0,380.0,370.0,370.0,0.0,0.0,75264.75442982918,215864.74557017087,291129.50000000006,31.647950864224377,False,SCEN_2011_APR_270D,100,baseline_demand,45
2011-05-16,291129.50000000006,0.0,30.0,380.0,380.0,370.0,370.0,0.0,0.0,74926.3579193389,215483.14208066114,290409.50000000006,31.569681487118174,False,SCEN_2011_APR_270D,100,baseline_demand,46
2011-05-17,290409.50000000006,0.0,30.0,380.0,380.0,370.0,370.0,0.0,0.0,74587.96140884863,215101.53859115142,289689.50000000006,31.491412110011964,False,SCEN_2011_APR_270D,100,baseline_demand,47
2011-05-18,289689.50000000006,0.0,30.0,380.0,380.0,370.0,370.0,0.0,0.0,74249.56489835835,214719.9351016417,288969.50000000006,31.413142732905758,False,SCEN_2011_APR_270D,100,baseline_demand,48
2011-05-19,288969.50000000006,0.0,30.0,380.0,380.0,370.0,370.0,0.0,0.0,73911.16838786808,214338.33161213197,288249.50000000006,31.334873355799548,False,SCEN_2011_APR_270D,100,baseline_demand,49
2011-05-20,288249.50000000006,0.0,30.0,380.0,380.0,370.0,370.0,0.0,0.0,73572.7718773778,213956.72812262224,287529.50000000006,31.25660397869334,False,SCEN_2011_APR_270D,100,baseline_demand,50
2011-05-21,287529.50000000006,0.0,30.0,380.0,380.0,370.0,370.0,0.0,0.0,73234.37536688753,213575.12463311251,286809.50000000006,31.17833460158714,False,SCEN_2011_APR_270D,100,baseline_demand,51
2011-05-22,286809.50000000006,0.0,30.0,380.0,380.0,370.0,370.0,0.0,0.0,72895.97885639725,213193.5211436028,286089.50000000006,31.10006522448093,False,SCEN_2011_APR_270D,100,baseline_demand,52
2011-05-23,286089.50000000006,0.0,30.0,380.0,380.0,370.0,370.0,0.0,0.0,72557.58234590698,212811.91765409306,285369.50000000006,31.021795847374722,False,SCEN_2011_APR_270D,100,baseline_demand,53
2011-05-24,285369.50000000006,0.0,30.0,380.0,380.0,370.0,370.0,0.0,0.0,72219.1858354167,212430.31416458334,284649.50000000006,30.943526470268512,False,SCEN_2011_APR_270D,100,baseline_demand,54
2011-05-25,284649.50000000006,0.0,30.0,380.0,380.0,370.0,370.0,0.0,0.0,71880.78932492643,212048.7106750736,283929.50000000006,30.865257093162306,False,SCEN_2011_APR_270D,100,baseline_demand,55
2011-05-26,283929.50000000006,2.8666666666666667,159.0,380.0,380.0,370.0,370.0,0.0,0.0,71578.47467115971,211760.02532884033,283338.50000000006,30.801010979454297,False,SCEN_2011_APR_270D,100,baseline_demand,56
2011-05-27,283338.50000000006,0.0,30.0,380.0,380.0,370.0,370.0,0.0,0.0,71240.07816066944,211378.4218393306,282618.50000000006,30.722741602348087,False,SCEN_2011_APR_270D,100,baseline_demand,57
2011-05-28,282618.50000000006,0.0,30.0,380.0,380.0,370.0,370.0,0.0,0.0,70901.68165017916,210996.81834982088,281898.50000000006,30.64447222524188,False,SCEN_2011_APR_270D,100,baseline_demand,58
2011-05-29,281898.50000000006,0.0,30.0,380.0,380.0,370.0,370.0,0.0,0.0,70563.28513968889,210615.21486031116,281178.50000000006,30.56620284813567,False,SCEN_2011_APR_270D,100,baseline_demand,59
2011-05-30,281178.50000000006,0.0,30.0,380.0,380.0,370.0,370.0,0.0,0.0,70224.88862919861,210233.61137080143,280458.50000000006,30.487933471029464,False,SCEN_2011_APR_270D,100,baseline_demand,60
2011-05-31,280458.50000000006,0.0,30.0,380.0,380.0,370.0,370.0,0.0,0.0,69886.49211870834,209852.0078812917,279738.50000000006,30.40966409392326,False,SCEN_2011_APR_270D,100,baseline_demand,61
2011-06-01,279738.50000000006,0.0,30.0,750.0,750.0,370.0,370.0,0.0,0.0,69444.60501141407,209203.89498858596,278648.5,30.291172953581913,False,SCEN_2011_APR_270D,100,baseline_demand,62
2011-06-02,278648.5,0.0,30.0,750.0,750.0,370.0,370.0,0.0,0.0,69002.7179041198,208555.78209588022,277558.5,30.17268181324057,False,SCEN_2011_APR_270D,100,baseline_demand,63
2011-06-03,277558.5,0.0,30.0,750.0,750.0,370.0,370.0,0.0,0.0,68560.83079682552,207907.66920317448,276468.5,30.054190672899228,False,SCEN_2011_APR_270D,100,baseline_demand,64
2011-06-04,276468.5,0.0,30.0,750.0,750.0,370.0,370.0,0.0,0.0,68118.94368953125,207259.55631046873,275378.5,29.935699532557887,False,SCEN_2011_APR_270D,100,baseline_demand,65
2011-06-05,275378.5,0.0,30.0,750.0,750.0,370.0,370.0,0.0,0.0,67677.05658223698,206611.443417763,274288.5,29.817208392216543,False,SCEN_2011_APR_270D,100,baseline_demand,66
2011-06-06,274288.5,0.0,30.0,750.0,750.0,370.0,370.0,0.0,0.0,67235.16947494271,205963.33052505724,273198.49999999994,29.698717251875195,False,SCEN_2011_APR_270D,100,baseline_demand,67
2011-06-07,273198.49999999994,0.0,30.0,750.0,750.0,370.0,370.0,0.0,0.0,66793.28236764844,205315.2176323515,272108.49999999994,29.580226111533857,False,SCEN_2011_APR_270D,100,baseline_demand,68
2011-06-08,272108.49999999994,0.0,30.0,750.0,750.0,370.0,370.0,0.0,0.0,66351.39526035417,204667.10473964576,271018.49999999994,29.461734971192516,False,SCEN_2011_APR_270D,100,baseline_demand,69
2011-06-09,271018.49999999994,0.0,30.0,750.0,750.0,370.0,370.0,0.0,0.0,65909.5081530599,204018.99184694,269928.4999999999,29.34324383085117,False,SCEN_2011_APR_270D,100,baseline_demand,70
2011-06-10,269928.4999999999,0.0,30.0,750.0,750.0,370.0,370.0,0.0,0.0,65467.62104576563,203370.87895423427,268838.4999999999,29.224752690509824,False,SCEN_2011_APR_270D,100,baseline_demand,71
2011-06-11,268838.4999999999,0.0,30.0,750.0,750.0,370.0,370.0,0.0,0.0,65025.733938471356,202722.76606152853,267748.4999999999,29.106261550168483,False,SCEN_2011_APR_270D,100,baseline_demand,72
2011-06-12,267748.4999999999,0.0,30.0,750.0,750.0,370.0,370.0,0.0,0.0,64583.846831177085,202074.65316882278,266658.4999999999,28.987770409827142,False,SCEN_2011_APR_270D,100,baseline_demand,73
2011-06-13,266658.4999999999,0.0,30.0,750.0,750.0,370.0,370.0,0.0,0.0,64141.959723882814,201426.54027611704,265568.4999999999,28.869279269485805,False,SCEN_2011_APR_270D,100,baseline_demand,74
2011-06-14,265568.4999999999,0.0,30.0,750.0,750.0,370.0,370.0,0.0,0.0,63700.07261658854,200778.4273834113,264478.4999999998,28.750788129144457,False,SCEN_2011_APR_270D,100,baseline_demand,75
2011-06-15,264478.4999999998,0.0,30.0,750.0,750.0,370.0,370.0,0.0,0.0,63258.18550929427,200130.31449070555,263388.4999999998,28.632296988803112,False,SCEN_2011_APR_270D,100,baseline_demand,76
2011-06-16,263388.4999999998,0.0,30.0,750.0,750.0,370.0,370.0,0.0,0.0,62816.298402,199482.2015979998,262298.4999999998,28.51380584846177,False,SCEN_2011_APR_270D,100,baseline_demand,77
2011-06-17,262298.4999999998,0.0,30.0,750.0,750.0,370.0,370.0,0.0,0.0,62374.41129470573,198834.08870529407,261208.4999999998,28.395314708120427,False,SCEN_2011_APR_270D,100,baseline_demand,78
2011-06-18,261208.4999999998,0.0,30.0,750.0,750.0,370.0,370.0,0.0,0.0,61932.52418741146,198185.97581258832,260118.49999999977,28.27682356777908,False,SCEN_2011_APR_270D,100,baseline_demand,79
2011-06-19,260118.49999999977,0.0,30.0,750.0,750.0,370.0,370.0,0.0,0.0,61490.63708011719,197537.86291988258,259028.49999999977,28.15833242743774,False,SCEN_2011_APR_270D,100,baseline_demand,80
2011-06-20,259028.49999999977,0.0,30.0,750.0,750.0,370.0,370.0,0.0,0.0,61048.749972822916,196889.75002717684,257938.49999999977,28.0398412870964,False,SCEN_2011_APR_270D,100,baseline_demand,81
2011-06-21,257938.49999999977,0.0,30.0,750.0,750.0,370.0,370.0,0.0,0.0,60606.862865528645,196241.6371344711,256848.49999999974,27.921350146755053,False,SCEN_2011_APR_270D,100,baseline_demand,82
2011-06-22,256848.49999999974,23.033333333333335,1066.5,750.0,750.0,370.0,370.0,0.0,0.0,60454.889281443415,196340.1107185563,256794.9999999997,27.915534297206186,False,SCEN_2011_APR_270D,100,baseline_demand,83
2011-06-23,256794.9999999997,5.833333333333333,292.5,750.0,750.0,370.0,370.0,0.0,0.0,60086.42455701684,195881.07544298287,255967.4999999997,27.825578867268145,False,SCEN_2011_APR_270D,100,baseline_demand,84
2011-06-24,255967.4999999997,0.43333333333333335,49.5,750.0,750.0,370.0,370.0,0.0,0.0,59649.991683878456,195247.00831612124,254896.9999999997,27.709207522556767,False,SCEN_2011_APR_270D,100,baseline_demand,85
2011-06-25,254896.9999999997,0.26666666666666666,42.0,750.0,750.0,370.0,370.0,0.0,0.0,59211.46102837242,194607.53897162728,253818.9999999997,27.59202087183386,False,SCEN_2011_APR_270D,100,baseline_demand,86
2011-06-26,253818.9999999997,0.0,30.0,750.0,750.0,370.0,370.0,0.0,0.0,58769.57392107815,193959.42607892153,252728.99999999968,27.47352973149252,False,SCEN_2011_APR_270D,100,baseline_demand,87
2011-06-27,252728.99999999968,0.0,30.0,750.0,750.0,370.0,370.0,0.0,0.0,58327.686813783876,193311.3131862158,251638.99999999965,27.355038591151175,False,SCEN_2011_APR_270D,100,baseline_demand,88
2011-06-28,251638.99999999965,0.0,30.0,750.0,750.0,370.0,370.0,0.0,0.0,57885.799706489604,192663.20029351005,250548.99999999965,27.236547450809834,False,SCEN_2011_APR_270D,100,baseline_demand,89
2011-06-29,250548.99999999965,0.0,30.0,750.0,750.0,370.0,370.0,0.0,0.0,57443.91259919533,192015.0874008043,249458.99999999965,27.118056310468493,False,SCEN_2011_APR_270D,100,baseline_demand,90
2011-06-30,249458.99999999965,0.8333333333333334,67.5,750.0,750.0,370.0,370.0,0.0,0.0,57012.514403739304,191393.98559626032,248406.49999999962,27.00364170018476,False,SCEN_2011_APR_270D,100,baseline_demand,91
2011-07-01,248406.49999999962,0.6666666666666666,60.0,750.0,750.0,370.0,370.0,0.0,0.0,56579.01842591562,190767.481574084,247346.49999999962,26.88841178388951,False,SCEN_2011_APR_270D,100,baseline_demand,92
2011-07-02,247346.49999999962,0.0,30.0,750.0,750.0,370.0,370.0,0.0,0.0,56137.13131862135,190119.36868137826,246256.4999999996,26.76992064354817,False,SCEN_2011_APR_270D,100,baseline_demand,93
2011-07-03,246256.4999999996,1.2,84.0,750.0,750.0,370.0,370.0,0.0,0.0,55710.348244374145,189510.15175562544,245220.4999999996,26.65729970648979,False,SCEN_2011_APR_270D,100,baseline_demand,94
2011-07-04,245220.4999999996,0.0,30.0,750.0,750.0,370.0,370.0,0.0,0.0,55268.461137079874,188862.0388629197,244130.49999999956,26.538808566148447,False,SCEN_2011_APR_270D,100,baseline_demand,95
2011-07-05,244130.49999999956,0.0,30.0,750.0,750.0,370.0,370.0,0.0,0.0,54826.5740297856,188213.92597021395,243040.49999999956,26.420317425807106,False,SCEN_2011_APR_270D,100,baseline_demand,96
2011-07-06,243040.49999999956,0.0,30.0,750.0,750.0,370.0,370.0,0.0,0.0,54384.68692249133,187565.8130775082,241950.49999999953,26.30182628546576,False,SCEN_2011_APR_270D,100,baseline_demand,97
2011-07-07,241950.49999999953,0.0,30.0,750.0,750.0,370.0,370.0,0.0,0.0,53942.79981519706,186917.70018480247,240860.49999999953,26.18333514512442,False,SCEN_2011_APR_270D,100,baseline_demand,98
2011-07-08,240860.49999999953,0.0,30.0,750.0,750.0,370.0,370.0,0.0,0.0,53500.91270790279,186269.58729209672,239770.4999999995,26.064844004783073,False,SCEN_2011_APR_270D,100,baseline_demand,99
2011-07-09,239770.4999999995,0.0,30.0,750.0,750.0,370.0,370.0,0.0,0.0,53059.02560060852,185621.47439939098,238680.4999999995,25.946352864441735,False,SCEN_2011_APR_270D,100,baseline_demand,100
2011-07-10,238680.4999999995,0.09999999999999999,34.5,750.0,750.0,370.0,370.0,0.0,0.0,52618.39716273484,184976.60283726465,237594.99999999948,25.828350907707303,False,SCEN_2011_APR_270D,100,baseline_demand,101
2011-07-11,237594.99999999948,0.0,30.0,750.0,750.0,370.0,370.0,0.0,0.0,52176.510055440565,184328.4899445589,236504.99999999948,25.709859767365963,False,SCEN_2011_APR_270D,100,baseline_demand,102
2011-07-12,236504.99999999948,0.0,30.0,750.0,750.0,370.0,370.0,0.0,0.0,51734.622948146294,183680.37705185317,235414.99999999948,25.591368627024618,False,SCEN_2011_APR_270D,100,baseline_demand,103
2011-07-13,235414.99999999948,0.0,30.0,750.0,750.0,370.0,370.0,0.0,0.0,51292.73584085202,183032.26415914742,234324.99999999945,25.472877486683277,False,SCEN_2011_APR_270D,100,baseline_demand,104
2011-07-14,234324.99999999945,0.0,30.0,750.0,750.0,370.0,370.0,0.0,0.0,51035.84873355775,182199.15126644168,233234.99999999942,25.35438634634193,False,SCEN_2011_APR_270D,100,baseline_demand,105
2011-07-15,233234.99999999942,0.0,30.0,750.0,750.0,370.0,370.0,0.0,0.0,50778.96162626348,181366.03837373594,232144.99999999942,25.235895206000592,False,SCEN_2011_APR_270D,100,baseline_demand,106
2011-07-16,232144.99999999942,0.0,30.0,750.0,750.0,370.0,370.0,0.0,0.0,50522.07451896921,180532.9254810302,231054.99999999942,25.117404065659247,False,SCEN_2011_APR_270D,100,baseline_demand,107
2011-07-17,231054.99999999942,0.0,30.0,750.0,750.0,370.0,370.0,0.0,0.0,50265.18741167494,179699.81258832445,229964.9999999994,24.998912925317903,False,SCEN_2011_APR_270D,100,baseline_demand,108
2011-07-18,229964.9999999994,0.0,30.0,750.0,750.0,370.0,370.0,0.0,0.0,50008.30030438067,178866.6996956187,228874.99999999936,24.88042178497656,False,SCEN_2011_APR_270D,100,baseline_demand,109
2011-07-19,228874.99999999936,7.2,354.0,750.0,750.0,370.0,370.0,0.0,0.0,49842.03739536882,178266.96260463056,228108.9999999994,24.797151864333014,False,SCEN_2011_APR_270D,100,baseline_demand,110
2011-07-20,228108.9999999994,0.0,30.0,750.0,750.0,370.0,370.0,0.0,0.0,49585.15028807455,177433.84971192482,227018.99999999936,24.67866072399167,False,SCEN_2011_APR_270D,100,baseline_demand,111
2011-07-21,227018.99999999936,0.0,30.0,750.0,750.0,370.0,370.0,0.0,0.0,49328.263180780275,176600.73681921908,225928.99999999936,24.560169583650328,False,SCEN_2011_APR_270D,100,baseline_demand,112
2011-07-22,225928.99999999936,0.0,30.0,750.0,750.0,370.0,370.0,0.0,0.0,49071.376073486004,175767.62392651333,224838.99999999933,24.44167844330898,False,SCEN_2011_APR_270D,100,baseline_demand,113
2011-07-23,224838.99999999933,0.0,30.0,750.0,750.0,370.0,370.0,0.0,0.0,48814.48896619173,174934.5110338076,223748.99999999933,24.323187302967643,False,SCEN_2011_APR_270D,100,baseline_demand,114
2011-07-24,223748.99999999933,0.0,30.0,750.0,750.0,370.0,370.0,0.0,0.0,48557.60185889746,174101.39814110185,222658.9999999993,24.204696162626295,False,SCEN_2011_APR_270D,100,baseline_demand,115
2011-07-25,222658.9999999993,0.0,30.0,750.0,750.0,370.0,370.0,0.0,0.0,48300.71475160319,173268.2852483961,221568.9999999993,24.086205022284954,False,SCEN_2011_APR_270D,100,baseline_demand,116
2011-07-26,221568.9999999993,0.0,30.0,750.0,750.0,370.0,370.0,0.0,0.0,48043.82764430892,172435.17235569036,220478.99999999927,23.967713881943613,False,SCEN_2011_APR_270D,100,baseline_demand,117
2011-07-27,220478.99999999927,0.0,30.0,750.0,750.0,370.0,370.0,0.0,0.0,47786.94053701465,171602.05946298462,219388.99999999927,23.84922274160227,False,SCEN_2011_APR_270D,100,baseline_demand,118
2011-07-28,219388.99999999927,0.0,30.0,750.0,750.0,370.0,370.0,0.0,0.0,47530.05342972038,170768.94657027887,218298.99999999924,23.730731601260924,False,SCEN_2011_APR_270D,100,baseline_demand,119
2011-07-29,218298.99999999924,3.6333333333333333,193.5,750.0,750.0,370.0,370.0,0.0,0.0,47318.89797804084,170053.6020219584,217372.49999999924,23.630014131970782,False,SCEN_2011_APR_270D,100,baseline_demand,120
2011-07-30,217372.49999999924,0.3333333333333333,45.0,750.0,750.0,370.0,370.0,0.0,0.0,47066.206435481865,169231.29356451737,216297.49999999924,23.51315360365249,False,SCEN_2011_APR_270D,100,baseline_demand,121
2011-07-31,216297.49999999924,0.0,30.0,750.0,750.0,370.0,370.0,0.0,0.0,46809.319328187594,168398.18067181163,215207.4999999992,23.394662463311143,False,SCEN_2011_APR_270D,100,baseline_demand,122
2011-08-01,215207.4999999992,0.0,30.0,750.0,750.0,370.0,370.0,0.0,0.0,46552.43222089332,167565.06777910588,214117.4999999992,23.2761713229698,False,SCEN_2011_APR_270D,100,baseline_demand,123
2011-08-02,214117.4999999992,0.0,30.0,750.0,750.0,370.0,370.0,0.0,0.0,46295.54511359905,166731.95488640014,213027.49999999919,23.157680182628457,False,SCEN_2011_APR_270D,100,baseline_demand,124
2011-08-03,213027.49999999919,0.0,30.0,750.0,750.0,370.0,370.0,0.0,0.0,46038.65800630478,165898.8419936944,211937.49999999919,23.039189042287116,False,SCEN_2011_APR_270D,100,baseline_demand,125
2011-08-04,211937.49999999919,0.0,30.0,750.0,750.0,370.0,370.0,0.0,0.0,45781.77089901051,165065.72910098865,210847.49999999916,22.920697901945772,False,SCEN_2011_APR_270D,100,baseline_demand,126
2011-08-05,210847.49999999916,0.0,30.0,750.0,750.0,370.0,370.0,0.0,0.0,45524.88379171624,164232.6162082829,209757.49999999916,22.80220676160443,False,SCEN_2011_APR_270D,100,baseline_demand,127
2011-08-06,209757.49999999916,0.0,30.0,750.0,750.0,370.0,370.0,0.0,0.0,45267.99668442197,163399.50331557717,208667.49999999913,22.683715621263087,False,SCEN_2011_APR_270D,100,baseline_demand,128
2011-08-07,208667.49999999913,0.0,30.0,750.0,750.0,370.0,370.0,0.0,0.0,45011.109577127696,162566.39042287142,207577.49999999913,22.565224480921746,False,SCEN_2011_APR_270D,100,baseline_demand,129
2011-08-08,207577.49999999913,0.0,30.0,750.0,750.0,370.0,370.0,0.0,0.0,44754.222469833425,161733.27753016568,206487.4999999991,22.446733340580398,False,SCEN_2011_APR_270D,100,baseline_demand,130
2011-08-09,206487.4999999991,0.0,30.0,750.0,750.0,370.0,370.0,0.0,0.0,44497.335362539154,160900.16463745994,205397.4999999991,22.32824220023906,False,SCEN_2011_APR_270D,100,baseline_demand,131
2011-08-10,205397.4999999991,0.0,30.0,750.0,750.0,370.0,370.0,0.0,0.0,44240.44825524488,160067.0517447542,204307.49999999907,22.209751059897716,False,SCEN_2011_APR_270D,100,baseline_demand,132
2011-08-11,204307.49999999907,0.0,30.0,750.0,750.0,370.0,370.0,0.0,0.0,43983.56114795061,159233.93885204845,203217.49999999907,22.09125991955637,False,SCEN_2011_APR_270D,100,baseline_demand,133
2011-08-12,203217.49999999907,0.0,30.0,750.0,750.0,370.0,370.0,0.0,0.0,43726.67404065634,158400.8259593427,202127.49999999904,21.972768779215027,False,SCEN_2011_APR_270D,100,baseline_demand,134
2011-08-13,202127.49999999904,0.0,30.0,750.0,750.0,370.0,370.0,0.0,0.0,43469.78693336207,157567.71306663696,201037.49999999904,21.854277638873686,False,SCEN_2011_APR_270D,100,baseline_demand,135
2011-08-14,201037.49999999904,0.0,30.0,750.0,750.0,370.0,370.0,0.0,0.0,43212.8998260678,156734.60017393122,199947.499999999,21.73578649853234,False,SCEN_2011_APR_270D,100,baseline_demand,136
2011-08-15,199947.499999999,0.0,30.0,750.0,750.0,370.0,370.0,0.0,0.0,42956.01271877353,155901.48728122548,198857.499999999,21.617295358191,False,SCEN_2011_APR_270D,100,baseline_demand,137
2011-08-16,198857.499999999,0.0,30.0,750.0,750.0,370.0,370.0,0.0,0.0,42699.125611479256,155068.37438851973,197767.49999999898,21.498804217849656,False,SCEN_2011_APR_270D,100,baseline_demand,138
2011-08-17,197767.49999999898,0.0,30.0,750.0,750.0,370.0,370.0,0.0,0.0,42442.238504184985,154235.261495814,196677.49999999898,21.380313077508315,False,SCEN_2011_APR_270D,100,baseline_demand,139
2011-08-18,196677.49999999898,0.0,30.0,750.0,750.0,370.0,370.0,0.0,0.0,42185.351396890714,153402.14860310825,195587.49999999895,21.26182193716697,False,SCEN_2011_APR_270D,100,baseline_demand,140
2011-08-19,195587.49999999895,0.0,30.0,750.0,750.0,370.0,370.0,0.0,0.0,41928.46428959644,152569.0357104025,194497.49999999895,21.143330796825627,False,SCEN_2011_APR_270D,100,baseline_demand,141
2011-08-20,194497.49999999895,0.0,30.0,750.0,750.0,370.0,370.0,0.0,0.0,41671.57718230217,151735.92281769676,193407.49999999892,21.024839656484286,False,SCEN_2011_APR_270D,100,baseline_demand,142
2011-08-21,193407.49999999892,0.0,30.0,750.0,750.0,370.0,370.0,0.0,0.0,41414.6900750079,150902.80992499102,192317.49999999892,20.90634851614294,False,SCEN_2011_APR_270D,100,baseline_demand,143
2011-08-22,192317.49999999892,0.0,30.0,750.0,750.0,370.0,370.0,0.0,0.0,41157.80296771363,150069.69703228527,191227.4999999989,20.787857375801597,False,SCEN_2011_APR_270D,100,baseline_demand,144
2011-08-23,191227.4999999989,0.0,30.0,750.0,750.0,370.0,370.0,0.0,0.0,40900.91586041936,149236.58413957953,190137.4999999989,20.669366235460256,False,SCEN_2011_APR_270D,100,baseline_demand,145
2011-08-24,190137.4999999989,0.0,30.0,750.0,750.0,370.0,370.0,0.0,0.0,40644.02875312509,148403.47124687379,189047.49999999886,20.55087509511891,False,SCEN_2011_APR_270D,100,baseline_demand,146
2011-08-25,189047.49999999886,7.433333333333333,364.49999999999994,750.0,750.0,370.0,370.0,0.0,0.0,40480.70273942794,147811.29726057092,188291.99999999886,20.468746602891496,False,SCEN_2011_APR_270D,100,baseline_demand,147
2011-08-26,188291.99999999886,0.0,30.0,750.0,750.0,370.0,370.0,0.0,0.0,40223.81563213367,146978.18436786518,187201.99999999884,20.35025546255015,False,SCEN_2011_APR_270D,100,baseline_demand,148
2011-08-27,187201.99999999884,0.0,30.0,750.0,750.0,370.0,370.0,0.0,0.0,39966.9285248394,146145.07147515944,186111.99999999884,20.231764322208807,False,SCEN_2011_APR_270D,100,baseline_demand,149
2011-08-28,186111.99999999884,0.0,30.0,750.0,750.0,370.0,370.0,0.0,0.0,39710.04141754513,145311.9585824537,185021.99999999884,20.113273181867466,False,SCEN_2011_APR_270D,100,baseline_demand,150
2011-08-29,185021.99999999884,0.0,30.0,750.0,750.0,370.0,370.0,0.0,0.0,39453.15431025086,144478.84568974795,183931.9999999988,19.994782041526125,True,SCEN_2011_APR_270D,100,baseline_demand,151
2011-08-30,183931.9999999988,0.0,30.0,750.0,750.0,370.0,370.0,0.0,0.0,39196.26720295659,143645.7327970422,182841.99999999878,19.876290901184777,True,SCEN_2011_APR_270D,100,baseline_demand,152
2011-08-31,182841.99999999878,0.0,30.0,750.0,750.0,370.0,370.0,0.0,0.0,38939.380095662316,142812.61990433646,181751.99999999878,19.757799760843437,True,SCEN_2011_APR_270D,100,baseline_demand,153
2011-09-01,181751.99999999878,0.09999999999999999,34.5,750.0,750.0,370.0,370.0,0.0,0.0,38683.751657788634,141982.74834221014,180666.49999999878,19.639797804109012,True,SCEN_2011_APR_270D,100,baseline_demand,154
2011-09-02,180666.49999999878,0.0,30.0,750.0,750.0,370.0,370.0,0.0,0.0,38426.86455049436,141149.6354495044,179576.49999999875,19.521306663767664,True,SCEN_2011_APR_270D,100,baseline_demand,155
2011-09-03,179576.49999999875,0.0,30.0,750.0,750.0,370.0,370.0,0.0,0.0,38169.97744320009,140316.52255679865,178486.49999999875,19.402815523426323,True,SCEN_2011_APR_270D,100,baseline_demand,156
2011-09-04,178486.49999999875,0.0,30.0,750.0,750.0,370.0,370.0,0.0,0.0,37913.09033590582,139483.4096640929,177396.49999999872,19.28432438308498,True,SCEN_2011_APR_270D,100,baseline_demand,157
2011-09-05,177396.49999999872,0.0,30.0,750.0,750.0,370.0,370.0,0.0,0.0,37656.20322861155,138650.29677138716,176306.49999999872,19.165833242743638,True,SCEN_2011_APR_270D,100,baseline_demand,158
2011-09-06,176306.49999999872,0.0,30.0,750.0,750.0,370.0,370.0,0.0,0.0,37399.31612131728,137817.18387868142,175216.4999999987,19.047342102402293,True,SCEN_2011_APR_270D,100,baseline_demand,159
2011-09-07,175216.4999999987,0.0,30.0,750.0,750.0,370.0,370.0,0.0,0.0,37142.42901402301,136984.07098597568,174126.4999999987,18.92885096206095,True,SCEN_2011_APR_270D,100,baseline_demand,160
2011-09-08,174126.4999999987,0.0,30.0,750.0,750.0,370.0,370.0,0.0,0.0,36885.54190672874,136150.95809326993,173036.49999999866,18.810359821719608,True,SCEN_2011_APR_270D,100,baseline_demand,161
2011-09-09,173036.49999999866,0.0,30.0,750.0,750.0,370.0,370.0,0.0,0.0,36628.654799434466,135317.8452005642,171946.49999999866,18.691868681378267,True,SCEN_2011_APR_270D,100,baseline_demand,162
2011-09-10,171946.49999999866,0.0,30.0,750.0,750.0,370.0,370.0,0.0,0.0,36371.767692140194,134484.73230785844,170856.49999999863,18.57337754103692,True,SCEN_2011_APR_270D,100,baseline_demand,163
2011-09-11,170856.49999999863,0.0,30.0,750.0,750.0,370.0,370.0,0.0,0.0,36114.88058484592,133651.6194151527,169766.49999999863,18.45488640069558,True,SCEN_2011_APR_270D,100,baseline_demand,164
2011-09-12,169766.49999999863,0.0,30.0,750.0,750.0,370.0,370.0,0.0,0.0,35857.99347755165,132818.50652244696,168676.4999999986,18.336395260354234,True,SCEN_2011_APR_270D,100,baseline_demand,165
2011-09-13,168676.4999999986,0.0,30.0,750.0,750.0,370.0,370.0,0.0,0.0,35601.10637025738,131985.39362974121,167586.4999999986,18.217904120012893,True,SCEN_2011_APR_270D,100,baseline_demand,166
2011-09-14,167586.4999999986,0.0,30.0,750.0,750.0,370.0,370.0,0.0,0.0,35344.21926296311,131152.28073703547,166496.49999999857,18.09941297967155,True,SCEN_2011_APR_270D,100,baseline_demand,167
2011-09-15,166496.49999999857,0.0,30.0,750.0,750.0,370.0,370.0,0.0,0.0,35087.33215566884,130319.16784432973,165406.49999999857,17.980921839330207,True,SCEN_2011_APR_270D,100,baseline_demand,168
2011-09-16,165406.49999999857,12.933333333333332,611.9999999999999,750.0,750.0,370.0,370.0,0.0,0.0,34993.2329601041,129905.26703989446,164898.49999999854,17.925698445483047,True,SCEN_2011_APR_270D,100,baseline_demand,169
2011-09-17,164898.49999999854,14.633333333333333,688.5,750.0,750.0,370.0,370.0,0.0,0.0,34920.531144689376,129546.46885530917,164466.99999999854,17.878791172953424,True,SCEN_2011_APR_270D,100,baseline_demand,170
2011-09-18,164466.99999999854,9.933333333333334,477.0,750.0,750.0,370.0,370.0,0.0,0.0,34788.671866506964,129035.32813349158,163823.99999999854,17.808892270898852,True,SCEN_2011_APR_270D,100,baseline_demand,171
2011-09-19,163823.99999999854,1.3666666666666665,91.5,750.0,750.0,370.0,370.0,0.0,0.0,34548.98657462741,128246.51342537113,162795.49999999854,17.697086639852,True,SCEN_2011_APR_270D,100,baseline_demand,172
2011-09-20,162795.49999999854,0.0,30.0,750.0,750.0,370.0,370.0,0.0,0.0,34292.09946733314,127413.4005326654,161705.49999999854,17.57859549951066,True,SCEN_2011_APR_270D,100,baseline_demand,173
2011-09-21,161705.49999999854,0.0,30.0,750.0,750.0,370.0,370.0,0.0,0.0,34035.212360038866,126580.28763995967,160615.49999999854,17.460104359169318,True,SCEN_2011_APR_270D,100,baseline_demand,174
2011-09-22,160615.49999999854,0.0,30.0,750.0,750.0,370.0,370.0,0.0,0.0,33778.325252744595,125747.17474725394,159525.49999999854,17.341613218827977,True,SCEN_2011_APR_270D,100,baseline_demand,175
2011-09-23,159525.49999999854,0.0,30.0,750.0,750.0,370.0,370.0,0.0,0.0,33521.438145450324,124914.06185454821,158435.49999999854,17.223122078486632,True,SCEN_2011_APR_270D,100,baseline_demand,176
2011-09-24,158435.49999999854,0.0,30.0,750.0,750.0,370.0,370.0,0.0,0.0,33264.55103815605,124080.94896184249,157345.49999999854,17.10463093814529,True,SCEN_2011_APR_270D,100,baseline_demand,177
2011-09-25,157345.49999999854,0.0,30.0,750.0,750.0,370.0,370.0,0.0,0.0,33007.66393086178,123247.83606913676,156255.49999999854,16.98613979780395,True,SCEN_2011_APR_270D,100,baseline_demand,178
2011-09-26,156255.49999999854,0.0,30.0,750.0,750.0,370.0,370.0,0.0,0.0,32750.77682356751,122414.72317643103,155165.49999999854,16.86764865746261,True,SCEN_2011_APR_270D,100,baseline_demand,179
2011-09-27,155165.49999999854,0.0,30.0,750.0,750.0,370.0,370.0,0.0,0.0,32493.88971627324,121581.6102837253,154075.49999999854,16.74915751712127,True,SCEN_2011_APR_270D,100,baseline_demand,180
2011-09-28,154075.49999999854,0.0,30.0,750.0,750.0,370.0,370.0,0.0,0.0,32237.002608978968,120748.49739101957,152985.49999999854,16.630666376779928,True,SCEN_2011_APR_270D,100,baseline_demand,181
2011-09-29,152985.49999999854,1.2,84.0,750.0,750.0,370.0,370.0,0.0,0.0,31995.21953473177,119954.28046526677,151949.49999999854,16.51804543972155,True,SCEN_2011_APR_270D,100,baseline_demand,182
2011-09-30,151949.49999999854,0.0,30.0,750.0,750.0,370.0,370.0,0.0,0.0,31738.332427437497,119121.16757256104,150859.49999999854,16.39955429938021,True,SCEN_2011_APR_270D,100,baseline_demand,183
2011-10-01,150859.49999999854,0.0,30.0,380.0,380.0,370.0,370.0,0.0,0.0,31584.935916947226,118554.56408305131,150139.49999999854,16.321284922274,True,SCEN_2011_APR_270D,100,baseline_demand,184
2011-10-02,150139.49999999854,0.0,30.0,380.0,380.0,370.0,370.0,0.0,0.0,31431.539406456955,117987.96059354159,149419.49999999854,16.243015545167793,True,SCEN_2011_APR_270D,100,baseline_demand,185
2011-10-03,149419.49999999854,0.0,30.0,380.0,380.0,370.0,370.0,0.0,0.0,31278.142895966685,117421.35710403186,148699.49999999854,16.16474616806159,True,SCEN_2011_APR_270D,100,baseline_demand,186
2011-10-04,148699.49999999854,0.0,30.0,380.0,380.0,370.0,370.0,0.0,0.0,31124.746385476414,116854.75361452214,147979.49999999854,16.08647679095538,True,SCEN_2011_APR_270D,100,baseline_demand,187
2011-10-05,147979.49999999854,0.0,30.0,380.0,380.0,370.0,370.0,0.0,0.0,30971.349874986143,116288.15012501241,147259.49999999854,16.008207413849174,True,SCEN_2011_APR_270D,100,baseline_demand,188
2011-10-06,147259.49999999854,0.0,30.0,380.0,380.0,370.0,370.0,0.0,0.0,30817.953364495872,115721.54663550269,146539.49999999854,15.929938036742966,True,SCEN_2011_APR_270D,100,baseline_demand,189
2011-10-07,146539.49999999854,1.7,106.5,380.0,380.0,370.0,370.0,0.0,0.0,30685.95423415562,115210.04576584294,145895.99999999854,15.859984780954292,True,SCEN_2011_APR_270D,100,baseline_demand,190
2011-10-08,145895.99999999854,4.566666666666667,235.50000000000003,380.0,380.0,370.0,370.0,0.0,0.0,30590.03696053892,114791.46303945963,145381.49999999854,15.804054788563814,True,SCEN_2011_APR_270D,100,baseline_demand,191
2011-10-09,145381.49999999854,47.23333333333334,2155.5000000000005,380.0,380.0,370.0,370.0,0.0,0.0,31031.15197304028,115755.84802695828,146786.99999999854,15.956843135123226,True,SCEN_2011_APR_270D,100,baseline_demand,192
2011-10-10,146786.99999999854,0.0,30.0,380.0,380.0,370.0,370.0,0.0,0.0,30877.75546255001,115189.24453744855,146066.99999999857,15.87857375801702,True,SCEN_2011_APR_270D,100,baseline_demand,193
2011-10-11,146066.99999999857,0.0,30.0,380.0,380.0,370.0,370.0,0.0,0.0,30724.358952059738,114622.64104793883,145346.99999999857,15.800304380910813,True,SCEN_2011_APR_270D,100,baseline_demand,194
2011-10-12,145346.99999999857,0.0,30.0,380.0,380.0,370.0,370.0,0.0,0.0,30570.962441569467,114056.0375584291,144626.99999999857,15.722035003804608,True,SCEN_2011_APR_270D,100,baseline_demand,195
2011-10-13,144626.99999999857,11.366666666666665,541.5,380.0,380.0,370.0,370.0,0.0,0.0,30560.634688552836,113857.86531144574,144418.49999999857,15.699369496684268,True,SCEN_2011_APR_270D,100,baseline_demand,196
2011-10-14,144418.49999999857,0.0,30.0,380.0,380.0,370.0,370.0,0.0,0.0,30407.238178062566,113291.26182193602,143698.49999999857,15.62110011957806,True,SCEN_2011_APR_270D,100,baseline_demand,197
2011-10-15,143698.49999999857,0.0,30.0,380.0,380.0,370.0,370.0,0.0,0.0,30253.841667572295,112724.65833242629,142978.49999999857,15.542830742471853,True,SCEN_2011_APR_270D,100,baseline_demand,198
2011-10-16,142978.49999999857,0.0,30.0,380.0,380.0,370.0,370.0,0.0,0.0,30100.445157082024,112158.05484291656,142258.4999999986,15.464561365365647,True,SCEN_2011_APR_270D,100,baseline_demand,199
2011-10-17,142258.4999999986,0.0,30.0,380.0,380.0,370.0,370.0,0.0,0.0,29947.048646591753,111591.45135340684,141538.4999999986,15.386291988259442,True,SCEN_2011_APR_270D,100,baseline_demand,200
2011-10-18,141538.4999999986,0.0,30.0,380.0,380.0,370.0,370.0,0.0,0.0,29793.652136101482,111024.84786389711,140818.4999999986,15.308022611153236,True,SCEN_2011_APR_270D,100,baseline_demand,201
2011-10-19,140818.4999999986,0.0,30.0,380.0,380.0,370.0,370.0,0.0,0.0,29640.25562561121,110458.24437438739,140098.4999999986,15.229753234047028,True,SCEN_2011_APR_270D,100,baseline_demand,202
2011-10-20,140098.4999999986,0.0,30.0,380.0,380.0,370.0,370.0,0.0,0.0,29486.85911512094,109891.64088487766,139378.4999999986,15.15148385694082,True,SCEN_2011_APR_270D,100,baseline_demand,203
2011-10-21,139378.4999999986,0.0,30.0,380.0,380.0,370.0,370.0,0.0,0.0,29333.46260463067,109325.03739536794,138658.4999999986,15.073214479834613,True,SCEN_2011_APR_270D,100,baseline_demand,204
2011-10-22,138658.4999999986,0.0,30.0,380.0,380.0,370.0,370.0,0.0,0.0,29180.0660941404,108758.43390585821,137938.4999999986,14.994945102728405,True,SCEN_2011_APR_270D,100,baseline_demand,205
2011-10-23,137938.4999999986,0.0,30.0,380.0,380.0,370.0,370.0,0.0,0.0,29026.669583650128,108191.83041634849,137218.4999999986,14.916675725622197,True,SCEN_2011_APR_270D,100,baseline_demand,206
2011-10-24,137218.4999999986,0.0,30.0,380.0,380.0,370.0,370.0,0.0,0.0,28873.273073159857,107625.22692683876,136498.4999999986,14.838406348515992,True,SCEN_2011_APR_270D,100,baseline_demand,207
2011-10-25,136498.4999999986,0.0,30.0,380.0,380.0,370.0,370.0,0.0,0.0,28719.876562669586,107058.62343732904,135778.49999999863,14.760136971409787,True,SCEN_2011_APR_270D,100,baseline_demand,208
2011-10-26,135778.49999999863,0.0,30.0,380.0,380.0,370.0,370.0,0.0,0.0,28566.480052179315,106492.01994781931,135058.49999999863,14.68186759430358,True,SCEN_2011_APR_270D,100,baseline_demand,209
2011-10-27,135058.49999999863,0.16666666666666666,37.5,380.0,380.0,370.0,370.0,0.0,0.0,28415.18132405669,105930.81867594193,134345.99999999863,14.604413523208896,True,SCEN_2011_APR_270D,100,baseline_demand,210
2011-10-28,134345.99999999863,0.6666666666666666,60.0,380.0,380.0,370.0,370.0,0.0,0.0,28270.175943037015,105385.8240569616,133655.9999999986,14.529405370148776,True,SCEN_2011_APR_270D,100,baseline_demand,211
2011-10-29,133655.9999999986,0.0,30.0,380.0,380.0,370.0,370.0,0.0,0.0,28116.779432546744,104819.22056745188,132935.99999999863,14.451135993042573,True,SCEN_2011_APR_270D,100,baseline_demand,212
2011-10-30,132935.99999999863,0.0,30.0,380.0,380.0,370.0,370.0,0.0,0.0,27963.382922056473,104252.61707794215,132215.99999999863,14.372866615936367,True,SCEN_2011_APR_270D,100,baseline_demand,213
2011-10-31,132215.99999999863,0.0,30.0,380.0,380.0,370.0,370.0,0.0,0.0,27809.986411566202,103686.01358843243,131495.99999999863,14.294597238830159,True,SCEN_2011_APR_270D,100,baseline_demand,214
2011-11-01,131495.99999999863,0.0,30.0,380.0,380.0,370.0,370.0,0.0,0.0,27656.58990107593,103119.4100989227,130775.99999999863,14.21632786172395,True,SCEN_2011_APR_270D,100,baseline_demand,215
2011-11-02,130775.99999999863,0.09999999999999999,34.5,380.0,380.0,370.0,370.0,0.0,0.0,27504.45206000625,102556.04793999238,130060.49999999863,14.138547668224657,True,SCEN_2011_APR_270D,100,baseline_demand,216
2011-11-03,130060.49999999863,1.5333333333333332,99.0,380.0,380.0,370.0,370.0,0.0,0.0,27370.355147298345,102039.14485270028,129409.49999999863,14.067779106424464,True,SCEN_2011_APR_270D,100,baseline_demand,217
2011-11-04,129409.49999999863,0.0,30.0,380.0,380.0,370.0,370.0,0.0,0.0,27216.958636808075,101472.54136319055,128689.49999999863,13.989509729318256,True,SCEN_2011_APR_270D,100,baseline_demand,218
2011-11-05,128689.49999999863,0.0,30.0,380.0,380.0,370.0,370.0,0.0,0.0,27063.562126317804,100905.93787368083,127969.49999999863,13.911240352212047,True,SCEN_2011_APR_270D,100,baseline_demand,219
2011-11-06,127969.49999999863,0.0,30.0,380.0,380.0,370.0,370.0,0.0,0.0,26910.165615827533,100339.3343841711,127249.49999999863,13.832970975105841,True,SCEN_2011_APR_270D,100,baseline_demand,220
2011-11-07,127249.49999999863,0.0,30.0,380.0,380.0,370.0,370.0,0.0,0.0,26756.769105337262,99772.73089466138,126529.49999999863,13.754701597999633,True,SCEN_2011_APR_270D,100,baseline_demand,221
2011-11-08,126529.49999999863,0.6,57.0,380.0,380.0,370.0,370.0,0.0,0.0,26610.924611370527,99225.57538862812,125836.49999999865,13.67936732253491,True,SCEN_2011_APR_270D,100,baseline_demand,222
2011-11-09,125836.49999999865,0.3333333333333333,45.0,380.0,380.0,370.0,370.0,0.0,0.0,26461.723665615555,98669.77633438309,125131.49999999865,13.602728557451748,True,SCEN_2011_APR_270D,100,baseline_demand,223
2011-11-10,125131.49999999865,1.0,75.0,380.0,380.0,370.0,370.0,0.0,0.0,26320.913849331177,98135.58615066747,124456.49999999865,13.529351016414681,True,SCEN_2011_APR_270D,100,baseline_demand,224
2011-11-11,124456.49999999865,0.0,30.0,380.0,380.0,370.0,370.0,0.0,0.0,26167.517338840906,97568.98266115774,123736.49999999865,13.451081639308473,True,SCEN_2011_APR_270D,100,baseline_demand,225
2011-11-12,123736.49999999865,0.0,30.0,380.0,380.0,370.0,370.0,0.0,0.0,26014.120828350635,97002.37917164802,123016.49999999866,13.372812262202268,True,SCEN_2011_APR_270D,100,baseline_demand,226
2011-11-13,123016.49999999866,0.0,30.0,380.0,380.0,370.0,370.0,0.0,0.0,25860.724317860364,96435.7756821383,122296.49999999866,13.29454288509606,True,SCEN_2011_APR_270D,100,baseline_demand,227
2011-11-14,122296.49999999866,0.0,30.0,380.0,380.0,370.0,370.0,0.0,0.0,25707.327807370093,95869.17219262857,121576.49999999866,13.216273507989854,True,SCEN_2011_APR_270D,100,baseline_demand,228
2011-11-15,121576.49999999866,4.733333333333333,243.0,380.0,380.0,370.0,370.0,0.0,0.0,25613.508316121046,95455.99168387761,121069.49999999866,13.161158821610899,True,SCEN_2011_APR_270D,100,baseline_demand,229
2011-11-16,121069.49999999866,0.0,30.0,380.0,380.0,370.0,370.0,0.0,0.0,25460.111805630775,94889.38819436789,120349.49999999866,13.082889444504692,True,SCEN_2011_APR_270D,100,baseline_demand,230
2011-11-17,120349.49999999866,0.0,30.0,380.0,380.0,370.0,370.0,0.0,0.0,25306.715295140504,94322.78470485816,119629.49999999866,13.004620067398484,True,SCEN_2011_APR_270D,100,baseline_demand,231
2011-11-18,119629.49999999866,0.0,30.0,380.0,380.0,370.0,370.0,0.0,0.0,25153.318784650233,93756.18121534844,118909.49999999866,12.926350690292276,True,SCEN_2011_APR_270D,100,baseline_demand,232
2011-11-19,118909.49999999866,0.0,30.0,380.0,380.0,370.0,370.0,0.0,0.0,24999.922274159962,93189.57772583871,118189.49999999868,12.848081313186071,True,SCEN_2011_APR_270D,100,baseline_demand,233
2011-11-20,118189.49999999868,0.0,30.0,380.0,380.0,370.0,370.0,0.0,0.0,24846.52576366969,92622.97423632898,117469.49999999868,12.769811936079863,True,SCEN_2011_APR_270D,100,baseline_demand,234
2011-11-21,117469.49999999868,1.5999999999999999,102.0,380.0,380.0,370.0,370.0,0.0,0.0,24713.26796390885,92108.23203608983,116821.49999999868,12.699369496684279,True,SCEN_2011_APR_270D,100,baseline_demand,235
2011-11-22,116821.49999999868,0.19999999999999998,39.0,380.0,380.0,370.0,370.0,0.0,0.0,24562.388792259757,91548.11120773893,116110.49999999869,12.6220784867919,True,SCEN_2011_APR_270D,100,baseline_demand,236
2011-11-23,116110.49999999869,0.0,30.0,380.0,380.0,370.0,370.0,0.0,0.0,24408.992281769486,90981.5077182292,115390.49999999869,12.543809109685695,True,SCEN_2011_APR_270D,100,baseline_demand,237
2011-11-24,115390.49999999869,0.0,30.0,380.0,380.0,370.0,370.0,0.0,0.0,24255.595771279215,90414.90422871948,114670.49999999869,12.465539732579487,True,SCEN_2011_APR_270D,100,baseline_demand,238
2011-11-25,114670.49999999869,0.0,30.0,380.0,380.0,370.0,370.0,0.0,0.0,24102.199260788944,89848.30073920975,113950.49999999869,12.387270355473278,True,SCEN_2011_APR_270D,100,baseline_demand,239
2011-11-26,113950.49999999869,9.233333333333333,445.49999999999994,380.0,380.0,370.0,370.0,0.0,0.0,24065.01989346641,89580.98010653228,113645.99999999869,12.354168931405445,True,SCEN_2011_APR_270D,100,baseline_demand,240
2011-11-27,113645.99999999869,0.0,30.0,380.0,380.0,370.0,370.0,0.0,0.0,23911.62338297614,89014.37661702256,112925.99999999869,12.275899554299238,True,SCEN_2011_APR_270D,100,baseline_demand,241
2011-11-28,112925.99999999869,0.0,30.0,380.0,380.0,370.0,370.0,0.0,0.0,23758.22687248587,88447.77312751283,112205.9999999987,12.197630177193032,True,SCEN_2011_APR_270D,100,baseline_demand,242
2011-11-29,112205.9999999987,0.0,30.0,380.0,380.0,370.0,370.0,0.0,0.0,23604.8303619956,87881.1696380031,111485.9999999987,12.119360800086826,True,SCEN_2011_APR_270D,100,baseline_demand,243
2011-11-30,111485.9999999987,0.0,30.0,380.0,380.0,370.0,370.0,0.0,0.0,23451.433851505328,87314.56614849338,110765.9999999987,12.041091422980617,True,SCEN_2011_APR_270D,100,baseline_demand,244
2011-12-01,110765.9999999987,0.16666666666666666,37.5,380.0,380.0,370.0,370.0,0.0,0.0,23300.135123382704,86753.364876616,110053.4999999987,11.963637351885934,True,SCEN_2011_APR_270D,100,baseline_demand,245
2011-12-02,110053.4999999987,2.433333333333333,139.5,380.0,380.0,370.0,370.0,0.0,0.0,23177.366235460104,86265.63376453861,109442.99999999872,11.897271442547964,True,SCEN_2011_APR_270D,100,baseline_demand,246
2011-12-03,109442.99999999872,1.2,84.0,380.0,380.0,370.0,370.0,0.0,0.0,23039.073758016904,85737.92624198181,108776.99999999872,11.824872268724722,True,SCEN_2011_APR_270D,100,baseline_demand,247
2011-12-04,108776.99999999872,2.9000000000000004,160.50000000000003,380.0,380.0,370.0,370.0,0.0,0.0,22922.17866072372,85265.32133927499,108187.4999999987,11.760789216219013,True,SCEN_2011_APR_270D,100,baseline_demand,248
2011-12-05,108187.4999999987,2.1333333333333333,126.0,380.0,380.0,370.0,370.0,0.0,0.0,22795.63376453935,84767.86623545935,107563.4999999987,11.692955756060302,True,SCEN_2011_APR_270D,100,baseline_demand,249
2011-12-06,107563.4999999987,0.0,30.0,380.0,380.0,370.0,370.0,0.0,0.0,22642.23725404908,84201.26274594963,106843.4999999987,11.614686378954094,True,SCEN_2011_APR_270D,100,baseline_demand,250
2011-12-07,106843.4999999987,0.0,30.0,380.0,380.0,370.0,370.0,0.0,0.0,22488.84074355881,83634.6592564399,106123.49999999872,11.536417001847887,True,SCEN_2011_APR_270D,100,baseline_demand,251
2011-12-08,106123.49999999872,0.0,30.0,380.0,380.0,370.0,370.0,0.0,0.0,22335.444233068538,83068.05576693018,105403.49999999872,11.458147624741681,True,SCEN_2011_APR_270D,100,baseline_demand,252
2011-12-09,105403.49999999872,0.0,30.0,380.0,380.0,370.0,370.0,0.0,0.0,22182.047722578267,82501.45227742045,104683.49999999872,11.379878247635473,True,SCEN_2011_APR_270D,100,baseline_demand,253
2011-12-10,104683.49999999872,10.0,480.0,380.0,380.0,370.0,370.0,0.0,0.0,22154.518154146917,82258.9818458518,104413.49999999872,11.350527231220646,True,SCEN_2011_APR_270D,100,baseline_demand,254
2011-12-11,104413.49999999872,2.533333333333333,144.0,380.0,380.0,370.0,370.0,0.0,0.0,22033.007935644906,81774.4920643538,103807.49999999872,11.284650505489587,True,SCEN_2011_APR_270D,100,baseline_demand,255
2011-12-12,103807.49999999872,2.1,124.5,380.0,380.0,370.0,370.0,0.0,0.0,21906.04348298701,81275.9565170117,103181.9999999987,11.21665398412857,True,SCEN_2011_APR_270D,100,baseline_demand,256
2011-12-13,103181.9999999987,1.2,84.0,380.0,380.0,370.0,370.0,0.0,0.0,21767.75100554381,80748.2489944549,102515.99999999872,11.144254810305329,True,SCEN_2011_APR_270D,100,baseline_demand,257
2011-12-14,102515.99999999872,0.6,57.0,380.0,380.0,370.0,370.0,0.0,0.0,21621.906511577075,80201.09348842164,101822.99999999872,11.068920534840604,True,SCEN_2011_APR_270D,100,baseline_demand,258
2011-12-15,101822.99999999872,1.0,75.0,380.0,380.0,370.0,370.0,0.0,0.0,21481.096695292697,79666.90330470602,101147.99999999872,10.995542993803536,True,SCEN_2011_APR_270D,100,baseline_demand,259
2011-12-16,101147.99999999872,0.0,30.0,380.0,380.0,370.0,370.0,0.0,0.0,21327.700184802427,79100.2998151963,100427.99999999872,10.917273616697328,True,SCEN_2011_APR_270D,100,baseline_demand,260
2011-12-17,100427.99999999872,0.0,30.0,380.0,380.0,370.0,370.0,0.0,0.0,21174.303674312156,78533.69632568657,99707.99999999872,10.839004239591121,True,SCEN_2011_APR_270D,100,baseline_demand,261
2011-12-18,99707.99999999872,0.16666666666666666,37.5,380.0,380.0,370.0,370.0,0.0,0.0,21023.004946189532,77972.4950538092,98995.49999999872,10.761550168496436,True,SCEN_2011_APR_270D,100,baseline_demand,262
2011-12-19,98995.49999999872,2.9000000000000004,160.50000000000003,380.0,380.0,370.0,370.0,0.0,0.0,20906.109848896347,77499.89015110237,98405.99999999872,10.69746711599073,True,SCEN_2011_APR_270D,100,baseline_demand,263
2011-12-20,98405.99999999872,0.19999999999999998,39.0,380.0,380.0,370.0,370.0,0.0,0.0,20755.230677247255,76939.76932275147,97694.99999999872,10.62017610609835,True,SCEN_2011_APR_270D,100,baseline_demand,264
2011-12-21,97694.99999999872,3.3000000000000003,178.5,380.0,380.0,370.0,370.0,0.0,0.0,20643.370257636427,76480.12974236229,97123.49999999872,10.558049788020298,True,SCEN_2011_APR_270D,100,baseline_demand,265
2011-12-22,97123.49999999872,9.4,453.0,380.0,380.0,370.0,370.0,0.0,0.0,20608.28867268154,76218.21132731717,96826.49999999872,10.525763669963988,True,SCEN_2011_APR_270D,100,baseline_demand,266
2011-12-23,96826.49999999872,0.0,30.0,380.0,380.0,370.0,370.0,0.0,0.0,20454.89216219127,75651.60783780745,96106.49999999872,10.44749429285778,True,SCEN_2011_APR_270D,100,baseline_demand,267
2011-12-24,96106.49999999872,2.766666666666667,154.5,380.0,380.0,370.0,370.0,0.0,0.0,20336.31883900397,75174.68116099475,95510.99999999872,10.382758995542854,True,SCEN_2011_APR_270D,100,baseline_demand,268
2011-12-25,95510.99999999872,0.26666666666666666,42.0,380.0,380.0,370.0,370.0,0.0,0.0,20186.278780301935,74616.72121969677,94802.9999999987,10.305794108055084,True,SCEN_2011_APR_270D,100,baseline_demand,269
2011-12-26,94802.9999999987,0.26666666666666666,42.0,380.0,380.0,370.0,370.0,0.0,0.0,20036.2387215999,74058.7612783988,94094.9999999987,10.228829220567311,True,SCEN_2011_APR_270D,100,baseline_demand,270
2011-04-01,321965.0,0.0,30.0,380.0,380.0,314.5,314.5,0.0,0.0,89752.67848950972,231547.82151049023,321300.49999999994,34.92776388737905,False,SCEN_2011_APR_270D,100,conservation_15pct,1
2011-04-02,321300.49999999994,0.0,30.0,380.0,380.0,314.5,314.5,0.0,0.0,89450.35697901945,231185.6430209805,320635.99999999994,34.85552777475812,False,SCEN_2011_APR_270D,100,conservation_15pct,2
2011-04-03,320635.99999999994,0.0,30.0,380.0,380.0,314.5,314.5,0.0,0.0,89148.03546852917,230823.46453147076,319971.49999999994,34.78329166213718,False,SCEN_2011_APR_270D,100,conservation_15pct,3
2011-04-04,319971.49999999994,0.0,30.0,380.0,380.0,314.5,314.5,0.0,0.0,88845.71395803889,230461.28604196102,319306.9999999999,34.71105554951624,False,SCEN_2011_APR_270D,100,conservation_15pct,4
2011-04-05,319306.9999999999,0.0,30.0,380.0,380.0,314.5,314.5,0.0,0.0,88543.39244754861,230099.10755245129,318642.4999999999,34.638819436895304,False,SCEN_2011_APR_270D,100,conservation_15pct,5
2011-04-06,318642.4999999999,0.0,30.0,380.0,380.0,314.5,314.5,0.0,0.0,88241.07093705834,229736.92906294155,317977.9999999999,34.56658332427436,False,SCEN_2011_APR_270D,100,conservation_15pct,6
2011-04-07,317977.9999999999,0.0,30.0,380.0,380.0,314.5,314.5,0.0,0.0,87938.74942656806,229374.7505734318,317313.4999999999,34.49434721165343,False,SCEN_2011_APR_270D,100,conservation_15pct,7
2011-04-08,317313.4999999999,0.0,30.0,380.0,380.0,314.5,314.5,0.0,0.0,87636.42791607778,229012.57208392207,316648.9999999999,34.42211109903249,False,SCEN_2011_APR_270D,100,conservation_15pct,8
2011-04-09,316648.9999999999,0.0,30.0,380.0,380.0,314.5,314.5,0.0,0.0,87334.1064055875,228650.39359441234,315984.4999999998,34.34987498641155,False,SCEN_2011_APR_270D,100,conservation_15pct,9
2011-04-10,315984.4999999998,0.0,30.0,380.0,380.0,314.5,314.5,0.0,0.0,87031.78489509723,228288.2151049026,315319.9999999998,34.277638873790615,False,SCEN_2011_APR_270D,100,conservation_15pct,10
2011-04-11,315319.9999999998,0.5333333333333333,54.0,380.0,380.0,314.5,314.5,0.0,0.0,86736.17628818343,227943.3237118164,314679.4999999998,34.20801174040655,False,SCEN_2011_APR_270D,100,conservation_15pct,11
2011-04-12,314679.4999999998,0.0,30.0,380.0,380.0,314.5,314.5,0.0,0.0,86433.85477769315,227581.14522230666,314014.9999999998,34.135775627785605,False,SCEN_2011_APR_270D,100,conservation_15pct,12
2011-04-13,314014.9999999998,0.0,30.0,380.0,380.0,314.5,314.5,0.0,0.0,86131.53326720287,227218.96673279692,313350.49999999977,34.06353951516466,False,SCEN_2011_APR_270D,100,conservation_15pct,13
2011-04-14,313350.49999999977,0.0,30.0,380.0,380.0,314.5,314.5,0.0,0.0,85829.2117567126,226856.78824328718,312685.99999999977,33.991303402543736,False,SCEN_2011_APR_270D,100,conservation_15pct,14
2011-04-15,312685.99999999977,0.0,30.0,380.0,380.0,314.5,314.5,0.0,0.0,85526.89024622232,226494.60975377745,312021.49999999977,33.91906728992279,False,SCEN_2011_APR_270D,100,conservation_15pct,15
2011-04-16,312021.49999999977,0.0,30.0,380.0,380.0,314.5,314.5,0.0,0.0,85224.56873573204,226132.4312642677,311356.99999999977,33.84683117730186,False,SCEN_2011_APR_270D,100,conservation_15pct,16
2011-04-17,311356.99999999977,0.0,30.0,380.0,380.0,314.5,314.5,0.0,0.0,84922.24722524176,225770.25277475797,310692.49999999977,33.774595064680916,False,SCEN_2011_APR_270D,100,conservation_15pct,17
2011-04-18,310692.49999999977,0.0,30.0,380.0,380.0,314.5,314.5,0.0,0.0,84619.92571475149,225408.07428524824,310027.9999999997,33.702358952059974,False,SCEN_2011_APR_270D,100,conservation_15pct,18
2011-04-19,310027.9999999997,0.0,30.0,380.0,380.0,314.5,314.5,0.0,0.0,84317.60420426121,225045.8957957385,309363.4999999997,33.63012283943904,False,SCEN_2011_APR_270D,100,conservation_15pct,19
2011-04-20,309363.4999999997,0.0,30.0,380.0,380.0,314.5,314.5,0.0,0.0,84015.28269377093,224683.71730622876,308698.9999999997,33.5578867268181,False,SCEN_2011_APR_270D,100,conservation_15pct,20
2011-04-21,308698.9999999997,0.0,30.0,380.0,380.0,314.5,314.5,0.0,0.0,83712.96118328065,224321.53881671902,308034.49999999965,33.48565061419716,False,SCEN_2011_APR_270D,100,conservation_15pct,21
2011-04-22,308034.49999999965,0.0,30.0,380.0,380.0,314.5,314.5,0.0,0.0,83410.63967279038,223959.3603272093,307369.99999999965,33.41341450157622,False,SCEN_2011_APR_270D,100,conservation_15pct,22
2011-04-23,307369.99999999965,0.0,30.0,380.0,380.0,314.5,314.5,0.0,0.0,83108.3181623001,223597.18183769955,306705.49999999965,33.341178388955285,False,SCEN_2011_APR_270D,100,conservation_15pct,23
2011-04-24,306705.49999999965,0.0,30.0,380.0,380.0,314.5,314.5,0.0,0.0,82805.99665180982,223235.0033481898,306040.99999999965,33.26894227633434,False,SCEN_2011_APR_270D,100,conservation_15pct,24
2011-04-25,306040.99999999965,0.09999999999999999,34.5,380.0,380.0,314.5,314.5,0.0,0.0,82504.93381074014,222876.0661892595,305380.99999999965,33.197195347320324,False,SCEN_2011_APR_270D,100,conservation_15pct,25
2011-04-26,305380.99999999965,0.0,30.0,380.0,380.0,314.5,314.5,0.0,0.0,82202.61230024986,222513.88769974976,304716.49999999965,33.12495923469939,False,SCEN_2011_APR_270D,100,conservation_15pct,26
2011-04-27,304716.49999999965,0.0,30.0,380.0,380.0,314.5,314.5,0.0,0.0,81900.29078975959,222151.70921024002,304051.9999999996,33.05272312207844,False,SCEN_2011_APR_270D,100,conservation_15pct,27
2011-04-28,304051.9999999996,0.0,30.0,380.0,380.0,314.5,314.5,0.0,0.0,81597.96927926931,221789.53072073028,303387.4999999996,32.980487009457505,False,SCEN_2011_APR_270D,100,conservation_15pct,28
2011-04-29,303387.4999999996,0.0,30.0,380.0,380.0,314.5,314.5,0.0,0.0,81295.64776877903,221427.35223122055,302722.9999999996,32.90825089683656,False,SCEN_2011_APR_270D,100,conservation_15pct,29
2011-04-30,302722.9999999996,0.0,30.0,380.0,380.0,314.5,314.5,0.0,0.0,80993.32625828875,221065.1737417108,302058.49999999953,32.83601478421562,False,SCEN_2011_APR_270D,100,conservation_15pct,30
2011-05-01,302058.49999999953,0.0,30.0,380.0,380.0,314.5,314.5,0.0,0.0,80691.00474779848,220702.99525220107,301393.99999999953,32.76377867159469,False,SCEN_2011_APR_270D,100,conservation_15pct,31
2011-05-02,301393.99999999953,1.0333333333333334,76.5,380.0,380.0,314.5,314.5,0.0,0.0,80401.68948798762,220374.31051201193,300775.99999999953,32.69659745624519,False,SCEN_2011_APR_270D,100,conservation_15pct,32
2011-05-03,300775.99999999953,0.0,30.0,380.0,380.0,314.5,314.5,0.0,0.0,80099.36797749734,220012.1320225022,300111.49999999953,32.62436134362426,False,SCEN_2011_APR_270D,100,conservation_15pct,33
2011-05-04,300111.49999999953,0.0,30.0,380.0,380.0,314.5,314.5,0.0,0.0,79797.04646700707,219649.95353299245,299446.99999999953,32.55212523100332,False,SCEN_2011_APR_270D,100,conservation_15pct,34
2011-05-05,299446.99999999953,0.0,30.0,380.0,380.0,314.5,314.5,0.0,0.0,79494.72495651679,219287.77504348272,298782.49999999953,32.47988911838238,False,SCEN_2011_APR_270D,100,conservation_15pct,35
2011-05-06,298782.49999999953,0.0,30.0,380.0,380.0,314.5,314.5,0.0,0.0,79192.40344602651,218925.59655397298,298117.9999999995,32.40765300576144,False,SCEN_2011_APR_270D,100,conservation_15pct,36
2011-05-07,298117.9999999995,0.0,30.0,380.0,380.0,314.5,314.5,0.0,0.0,78890.08193553623,218563.41806446324,297453.4999999995,32.335416893140504,False,SCEN_2011_APR_270D,100,conservation_15pct,37
2011-05-08,297453.4999999995,0.0,30.0,380.0,380.0,314.5,314.5,0.0,0.0,78587.76042504596,218201.2395749535,296788.9999999995,32.26318078051956,False,SCEN_2011_APR_270D,100,conservation_15pct,38
2011-05-09,296788.9999999995,0.0,30.0,380.0,380.0,314.5,314.5,0.0,0.0,78285.43891455568,217839.06108544377,296124.4999999994,32.19094466789862,False,SCEN_2011_APR_270D,100,conservation_15pct,39
2011-05-10,296124.4999999994,0.0,30.0,380.0,380.0,314.5,314.5,0.0,0.0,77983.1174040654,217476.88259593403,295459.9999999994,32.118708555277685,False,SCEN_2011_APR_270D,100,conservation_15pct,40
2011-05-11,295459.9999999994,0.0,30.0,380.0,380.0,314.5,314.5,0.0,0.0,77680.79589357512,217114.7041064243,294795.4999999994,32.04647244265675,False,SCEN_2011_APR_270D,100,conservation_15pct,41
2011-05-12,294795.4999999994,33.1,1519.5,380.0,380.0,314.5,314.5,0.0,0.0,77795.09396129988,217825.40603869956,295620.4999999994,32.13615610392427,False,SCEN_2011_APR_270D,100,conservation_15pct,42
2011-05-13,295620.4999999994,0.0,30.0,380.0,380.0,314.5,314.5,0.0,0.0,77492.7724508096,217463.22754918982,294955.9999999994,32.063919991303344,False,SCEN_2011_APR_270D,100,conservation_15pct,43
2011-05-14,294955.9999999994,0.0,30.0,380.0,380.0,314.5,314.5,0.0,0.0,77190.45094031932,217101.04905968008,294291.4999999994,31.9916838786824,False,SCEN_2011_APR_270D,100,conservation_15pct,44
2011-05-15,294291.4999999994,0.0,30.0,380.0,380.0,314.5,314.5,0.0,0.0,76888.12942982904,216738.87057017034,293626.9999999994,31.919447766061467,False,SCEN_2011_APR_270D,100,conservation_15pct,45
2011-05-16,293626.9999999994,0.0,30.0,380.0,380.0,314.5,314.5,0.0,0.0,76585.80791933877,216376.6920806606,292962.49999999936,31.84721165344052,False,SCEN_2011_APR_270D,100,conservation_15pct,46
2011-05-17,292962.49999999936,0.0,30.0,380.0,380.0,314.5,314.5,0.0,0.0,76283.48640884849,216014.51359115087,292297.99999999936,31.774975540819582,False,SCEN_2011_APR_270D,100,conservation_15pct,47
2011-05-18,292297.99999999936,0.0,30.0,380.0,380.0,314.5,314.5,0.0,0.0,75981.16489835821,215652.33510164113,291633.49999999936,31.702739428198644,False,SCEN_2011_APR_270D,100,conservation_15pct,48
2011-05-19,291633.49999999936,0.0,30.0,380.0,380.0,314.5,314.5,0.0,0.0,75678.84338786794,215290.1566121314,290968.9999999993,31.630503315577702,False,SCEN_2011_APR_270D,100,conservation_15pct,49
2011-05-20,290968.9999999993,0.0,30.0,380.0,380.0,314.5,314.5,0.0,0.0,75376.52187737766,214927.97812262166,290304.4999999993,31.55826720295677,False,SCEN_2011_APR_270D,100,conservation_15pct,50
2011-05-21,290304.4999999993,0.0,30.0,380.0,380.0,314.5,314.5,0.0,0.0,75074.20036688738,214565.79963311192,289639.9999999993,31.486031090335832,False,SCEN_2011_APR_270D,100,conservation_15pct,51
2011-05-22,289639.9999999993,0.0,30.0,380.0,380.0,314.5,314.5,0.0,0.0,74771.8788563971,214203.62114360218,288975.4999999993,31.413794977714893,False,SCEN_2011_APR_270D,100,conservation_15pct,52
2011-05-23,288975.4999999993,0.0,30.0,380.0,380.0,314.5,314.5,0.0,0.0,74469.55734590683,213841.44265409245,288310.9999999993,31.341558865093955,False,SCEN_2011_APR_270D,100,conservation_15pct,53
2011-05-24,288310.9999999993,0.0,30.0,380.0,380.0,314.5,314.5,0.0,0.0,74167.23583541655,213479.2641645827,287646.49999999924,31.269322752473013,False,SCEN_2011_APR_270D,100,conservation_15pct,54
2011-05-25,287646.49999999924,0.0,30.0,380.0,380.0,314.5,314.5,0.0,0.0,73864.91432492627,213117.08567507297,286981.99999999924,31.197086639852074,False,SCEN_2011_APR_270D,100,conservation_15pct,55
2011-05-26,286981.99999999924,2.8666666666666667,159.0,380.0,380.0,314.5,314.5,0.0,0.0,73598.67467115955,212847.82532883968,286446.49999999924,31.138873790629333,False,SCEN_2011_APR_270D,100,conservation_15pct,56
2011-05-27,286446.49999999924,0.0,30.0,380.0,380.0,314.5,314.5,0.0,0.0,73296.35316066927,212485.64683932994,285781.9999999992,31.06663767800839,False,SCEN_2011_APR_270D,100,conservation_15pct,57
2011-05-28,285781.9999999992,0.0,30.0,380.0,380.0,314.5,314.5,0.0,0.0,72994.031650179,212123.4683498202,285117.4999999992,30.994401565387452,False,SCEN_2011_APR_270D,100,conservation_15pct,58
2011-05-29,285117.4999999992,0.0,30.0,380.0,380.0,314.5,314.5,0.0,0.0,72691.71013968872,211761.28986031047,284452.9999999992,30.922165452766514,False,SCEN_2011_APR_270D,100,conservation_15pct,59
2011-05-30,284452.9999999992,0.0,30.0,380.0,380.0,314.5,314.5,0.0,0.0,72389.38862919844,211399.11137080073,283788.4999999992,30.849929340145582,False,SCEN_2011_APR_270D,100,conservation_15pct,60
2011-05-31,283788.4999999992,0.0,30.0,380.0,380.0,314.5,314.5,0.0,0.0,72087.06711870816,211036.932881291,283123.9999999992,30.777693227524644,False,SCEN_2011_APR_270D,100,conservation_15pct,61
2011-06-01,283123.9999999992,0.0,30.0,750.0,750.0,314.5,314.5,0.0,0.0,71681.25501141389,210408.24498858524,282089.4999999991,30.665235351668564,False,SCEN_2011_APR_270D,100,conservation_15pct,62
2011-06-02,282089.4999999991,0.0,30.0,750.0,750.0,314.5,314.5,0.0,0.0,71275.44290411961,209779.55709587949,281054.99999999907,30.552777475812487,False,SCEN_2011_APR_270D,100,conservation_15pct,63
2011-06-03,281054.99999999907,0.0,30.0,750.0,750.0,314.5,314.5,0.0,0.0,70869.63079682534,209150.86920317373,280020.49999999907,30.440319599956418,False,SCEN_2011_APR_270D,100,conservation_15pct,64
2011-06-04,280020.49999999907,0.0,30.0,750.0,750.0,314.5,314.5,0.0,0.0,70463.81868953106,208522.18131046797,278985.99999999907,30.327861724100348,False,SCEN_2011_APR_270D,100,conservation_15pct,65
2011-06-05,278985.99999999907,0.0,30.0,750.0,750.0,314.5,314.5,0.0,0.0,70058.00658223679,207893.49341776222,277951.499999999,30.215403848244264,False,SCEN_2011_APR_270D,100,conservation_15pct,66
2011-06-06,277951.499999999,0.0,30.0,750.0,750.0,314.5,314.5,0.0,0.0,69652.19447494252,207264.80552505646,276916.99999999895,30.10294597238819,False,SCEN_2011_APR_270D,100,conservation_15pct,67
2011-06-07,276916.99999999895,0.0,30.0,750.0,750.0,314.5,314.5,0.0,0.0,69246.38236764824,206636.1176323507,275882.49999999895,29.99048809653212,False,SCEN_2011_APR_270D,100,conservation_15pct,68
2011-06-08,275882.49999999895,0.0,30.0,750.0,750.0,314.5,314.5,0.0,0.0,68840.57026035397,206007.42973964495,274847.99999999895,29.878030220676045,False,SCEN_2011_APR_270D,100,conservation_15pct,69
2011-06-09,274847.99999999895,0.0,30.0,750.0,750.0,314.5,314.5,0.0,0.0,68434.7581530597,205378.7418469392,273813.4999999989,29.76557234481997,False,SCEN_2011_APR_270D,100,conservation_15pct,70
2011-06-10,273813.4999999989,0.0,30.0,750.0,750.0,314.5,314.5,0.0,0.0,68028.94604576542,204750.05395423344,272778.99999999884,29.653114468963892,False,SCEN_2011_APR_270D,100,conservation_15pct,71
2011-06-11,272778.99999999884,0.0,30.0,750.0,750.0,314.5,314.5,0.0,0.0,67623.13393847115,204121.3660615277,271744.49999999884,29.540656593107823,False,SCEN_2011_APR_270D,100,conservation_15pct,72
2011-06-12,271744.49999999884,0.0,30.0,750.0,750.0,314.5,314.5,0.0,0.0,67217.32183117687,203492.67816882193,270709.99999999884,29.428198717251746,False,SCEN_2011_APR_270D,100,conservation_15pct,73
2011-06-13,270709.99999999884,0.0,30.0,750.0,750.0,314.5,314.5,0.0,0.0,66811.5097238826,202863.99027611618,269675.4999999988,29.31574084139567,False,SCEN_2011_APR_270D,100,conservation_15pct,74
2011-06-14,269675.4999999988,0.0,30.0,750.0,750.0,314.5,314.5,0.0,0.0,66405.69761658832,202235.30238341042,268640.9999999987,29.203282965539596,False,SCEN_2011_APR_270D,100,conservation_15pct,75
2011-06-15,268640.9999999987,0.0,30.0,750.0,750.0,314.5,314.5,0.0,0.0,65999.88550929405,201606.61449070467,267606.4999999987,29.09082508968352,False,SCEN_2011_APR_270D,100,conservation_15pct,76
2011-06-16,267606.4999999987,0.0,30.0,750.0,750.0,314.5,314.5,0.0,0.0,65594.07340199978,200977.9265979989,266571.9999999987,28.97836721382745,False,SCEN_2011_APR_270D,100,conservation_15pct,77
2011-06-17,266571.9999999987,0.0,30.0,750.0,750.0,314.5,314.5,0.0,0.0,65188.261294705495,200349.23870529316,265537.49999999866,28.865909337971374,False,SCEN_2011_APR_270D,100,conservation_15pct,78
2011-06-18,265537.49999999866,0.0,30.0,750.0,750.0,314.5,314.5,0.0,0.0,64782.44918741122,199720.5508125874,264502.9999999986,28.753451462115297,False,SCEN_2011_APR_270D,100,conservation_15pct,79
2011-06-19,264502.9999999986,0.0,30.0,750.0,750.0,314.5,314.5,0.0,0.0,64376.63708011695,199091.86291988165,263468.4999999986,28.64099358625922,False,SCEN_2011_APR_270D,100,conservation_15pct,80
2011-06-20,263468.4999999986,0.0,30.0,750.0,750.0,314.5,314.5,0.0,0.0,63970.82497282267,198463.1750271759,262433.99999999854,28.528535710403148,False,SCEN_2011_APR_270D,100,conservation_15pct,81
2011-06-21,262433.99999999854,0.0,30.0,750.0,750.0,314.5,314.5,0.0,0.0,63565.0128655284,197834.48713447014,261399.49999999854,28.416077834547078,False,SCEN_2011_APR_270D,100,conservation_15pct,82
2011-06-22,261399.49999999854,23.033333333333335,1066.5,750.0,750.0,314.5,314.5,0.0,0.0,63449.114281443166,197952.38571855534,261401.4999999985,28.416295249483476,False,SCEN_2011_APR_270D,100,conservation_15pct,83
2011-06-23,261401.4999999985,5.833333333333333,292.5,750.0,750.0,314.5,314.5,0.0,0.0,63116.72455701659,197512.7754429819,260629.4999999985,28.33237308403071,False,SCEN_2011_APR_270D,100,conservation_15pct,84
2011-06-24,260629.4999999985,0.43333333333333335,49.5,750.0,750.0,314.5,314.5,0.0,0.0,62716.3666838782,196898.13331612025,259614.49999999846,28.222035003804596,False,SCEN_2011_APR_270D,100,conservation_15pct,85
2011-06-25,259614.49999999846,0.26666666666666666,42.0,750.0,750.0,314.5,314.5,0.0,0.0,62313.91102837216,196278.08897162628,258591.99999999843,28.110881617566957,False,SCEN_2011_APR_270D,100,conservation_15pct,86
2011-06-26,258591.99999999843,0.0,30.0,750.0,750.0,314.5,314.5,0.0,0.0,61908.098921077886,195649.40107892052,257557.4999999984,27.99842374171088,False,SCEN_2011_APR_270D,100,conservation_15pct,87
2011-06-27,257557.4999999984,0.0,30.0,750.0,750.0,314.5,314.5,0.0,0.0,61502.28681378361,195020.71318621477,256522.99999999837,27.885965865854807,False,SCEN_2011_APR_270D,100,conservation_15pct,88
2011-06-28,256522.99999999837,0.0,30.0,750.0,750.0,314.5,314.5,0.0,0.0,61096.47470648934,194392.025293509,255488.49999999834,27.77350798999873,False,SCEN_2011_APR_270D,100,conservation_15pct,89
2011-06-29,255488.49999999834,0.0,30.0,750.0,750.0,314.5,314.5,0.0,0.0,60690.662599195064,193763.33740080326,254453.9999999983,27.66105011414266,False,SCEN_2011_APR_270D,100,conservation_15pct,90
2011-06-30,254453.9999999983,0.8333333333333334,67.5,750.0,750.0,314.5,314.5,0.0,0.0,60295.33940373903,193161.66059625926,253456.99999999828,27.552668768344198,False,SCEN_2011_APR_270D,100,conservation_15pct,91
2011-07-01,253456.99999999828,0.6666666666666666,60.0,750.0,750.0,314.5,314.5,0.0,0.0,59897.91842591535,192554.58157408293,252452.49999999828,27.443472116534217,False,SCEN_2011_APR_270D,100,conservation_15pct,92
2011-07-02,252452.49999999828,0.0,30.0,750.0,750.0,314.5,314.5,0.0,0.0,59492.106318621074,191925.89368137717,251417.99999999825,27.331014240678144,False,SCEN_2011_APR_270D,100,conservation_15pct,93
2011-07-03,251417.99999999825,1.2,84.0,750.0,750.0,314.5,314.5,0.0,0.0,59101.398244373864,191336.10175562435,250437.4999999982,27.22442656810503,False,SCEN_2011_APR_270D,100,conservation_15pct,94
2011-07-04,250437.4999999982,0.0,30.0,750.0,750.0,314.5,314.5,0.0,0.0,58695.58613707959,190707.4138629186,249402.9999999982,27.11196869224896,False,SCEN_2011_APR_270D,100,conservation_15pct,95
2011-07-05,249402.9999999982,0.0,30.0,750.0,750.0,314.5,314.5,0.0,0.0,58289.774029785316,190078.72597021284,248368.49999999814,26.999510816392885,False,SCEN_2011_APR_270D,100,conservation_15pct,96
2011-07-06,248368.49999999814,0.0,30.0,750.0,750.0,314.5,314.5,0.0,0.0,57883.96192249104,189450.03807750708,247333.99999999814,26.887052940536808,False,SCEN_2011_APR_270D,100,conservation_15pct,97
2011-07-07,247333.99999999814,0.0,30.0,750.0,750.0,314.5,314.5,0.0,0.0,57478.14981519677,188821.35018480133,246299.49999999808,26.774595064680735,False,SCEN_2011_APR_270D,100,conservation_15pct,98
2011-07-08,246299.49999999808,0.0,30.0,750.0,750.0,314.5,314.5,0.0,0.0,57072.337707902494,188192.66229209557,245264.99999999808,26.662137188824666,False,SCEN_2011_APR_270D,100,conservation_15pct,99
2011-07-09,245264.99999999808,0.0,30.0,750.0,750.0,314.5,314.5,0.0,0.0,56666.52560060822,187563.97439938982,244230.49999999802,26.54967931296859,False,SCEN_2011_APR_270D,100,conservation_15pct,100
2011-07-10,244230.49999999802,0.09999999999999999,34.5,750.0,750.0,314.5,314.5,0.0,0.0,56261.972162734535,186938.52783726348,243200.49999999802,26.43771062071943,False,SCEN_2011_APR_270D,100,conservation_15pct,101
2011-07-11,243200.49999999802,0.0,30.0,750.0,750.0,314.5,314.5,0.0,0.0,55856.16005544026,186309.83994455772,242165.999999998,26.325252744863352,False,SCEN_2011_APR_270D,100,conservation_15pct,102
2011-07-12,242165.999999998,0.0,30.0,750.0,750.0,314.5,314.5,0.0,0.0,55450.34794814599,185681.15205185197,241131.49999999796,26.21279486900728,False,SCEN_2011_APR_270D,100,conservation_15pct,103
2011-07-13,241131.49999999796,0.0,30.0,750.0,750.0,314.5,314.5,0.0,0.0,55044.53584085171,185052.4641591462,240096.99999999793,26.100336993151206,False,SCEN_2011_APR_270D,100,conservation_15pct,104
2011-07-14,240096.99999999793,0.0,30.0,750.0,750.0,314.5,314.5,0.0,0.0,54638.72373355744,184423.77626644046,239062.4999999979,25.987879117295133,False,SCEN_2011_APR_270D,100,conservation_15pct,105
2011-07-15,239062.4999999979,0.0,30.0,750.0,750.0,314.5,314.5,0.0,0.0,54232.911626263165,183795.0883737347,238027.99999999788,25.875421241439057,False,SCEN_2011_APR_270D,100,conservation_15pct,106
2011-07-16,238027.99999999788,0.0,30.0,750.0,750.0,314.5,314.5,0.0,0.0,53827.09951896889,183166.40048102895,236993.49999999785,25.76296336558298,False,SCEN_2011_APR_270D,100,conservation_15pct,107
2011-07-17,236993.49999999785,0.0,30.0,750.0,750.0,314.5,314.5,0.0,0.0,53421.28741167462,182537.7125883232,235958.99999999782,25.650505489726903,False,SCEN_2011_APR_270D,100,conservation_15pct,108
2011-07-18,235958.99999999782,0.0,30.0,750.0,750.0,314.5,314.5,0.0,0.0,53015.47530438034,181909.02469561744,234924.4999999978,25.538047613870834,False,SCEN_2011_APR_270D,100,conservation_15pct,109
2011-07-19,234924.4999999978,7.2,354.0,750.0,750.0,314.5,314.5,0.0,0.0,52700.28739536849,181513.71260462928,234213.9999999978,25.460810957712553,False,SCEN_2011_APR_270D,100,conservation_15pct,110
2011-07-20,234213.9999999978,0.0,30.0,750.0,750.0,314.5,314.5,0.0,0.0,52294.475288074216,180885.02471192353,233179.49999999773,25.34835308185648,False,SCEN_2011_APR_270D,100,conservation_15pct,111
2011-07-21,233179.49999999773,0.0,30.0,750.0,750.0,314.5,314.5,0.0,0.0,51888.66318077994,180256.33681921777,232144.99999999773,25.235895206000404,False,SCEN_2011_APR_270D,100,conservation_15pct,112
2011-07-22,232144.99999999773,0.0,30.0,750.0,750.0,314.5,314.5,0.0,0.0,51482.85107348567,179627.64892651202,231110.49999999767,25.123437330144327,False,SCEN_2011_APR_270D,100,conservation_15pct,113
2011-07-23,231110.49999999767,0.0,30.0,750.0,750.0,314.5,314.5,0.0,0.0,51234.288966191394,178841.71103380626,230075.99999999767,25.010979454288258,False,SCEN_2011_APR_270D,100,conservation_15pct,114
2011-07-24,230075.99999999767,0.0,30.0,750.0,750.0,314.5,314.5,0.0,0.0,50985.72685889712,178055.7731411005,229041.4999999976,24.898521578432177,False,SCEN_2011_APR_270D,100,conservation_15pct,115
2011-07-25,229041.4999999976,0.0,30.0,750.0,750.0,314.5,314.5,0.0,0.0,50737.164751602846,177269.83524839475,228006.9999999976,24.786063702576108,False,SCEN_2011_APR_270D,100,conservation_15pct,116
2011-07-26,228006.9999999976,0.0,30.0,750.0,750.0,314.5,314.5,0.0,0.0,50488.60264430857,176483.897355689,226972.49999999756,24.67360582672003,False,SCEN_2011_APR_270D,100,conservation_15pct,117
2011-07-27,226972.49999999756,0.0,30.0,750.0,750.0,314.5,314.5,0.0,0.0,50240.0405370143,175697.95946298324,225937.99999999756,24.56114795086396,False,SCEN_2011_APR_270D,100,conservation_15pct,118
2011-07-28,225937.99999999756,0.0,30.0,750.0,750.0,314.5,314.5,0.0,0.0,49991.478429720024,174912.0215702775,224903.4999999975,24.44869007500788,False,SCEN_2011_APR_270D,100,conservation_15pct,119
2011-07-29,224903.4999999975,3.6333333333333333,193.5,750.0,750.0,314.5,314.5,0.0,0.0,49788.647978040484,174243.852021957,224032.49999999747,24.354005870203007,False,SCEN_2011_APR_270D,100,conservation_15pct,120
2011-07-30,224032.49999999747,0.3333333333333333,45.0,750.0,750.0,314.5,314.5,0.0,0.0,49544.281435481505,173468.71856451596,223012.99999999747,24.243178606369984,False,SCEN_2011_APR_270D,100,conservation_15pct,121
2011-07-31,223012.99999999747,0.0,30.0,750.0,750.0,314.5,314.5,0.0,0.0,49295.71932818723,172682.7806718102,221978.49999999744,24.130720730513907,False,SCEN_2011_APR_270D,100,conservation_15pct,122
2011-08-01,221978.49999999744,0.0,30.0,750.0,750.0,314.5,314.5,0.0,0.0,49047.15722089296,171896.84277910445,220943.9999999974,24.018262854657834,False,SCEN_2011_APR_270D,100,conservation_15pct,123
2011-08-02,220943.9999999974,0.0,30.0,750.0,750.0,314.5,314.5,0.0,0.0,48798.59511359868,171110.9048863987,219909.49999999738,23.905804978801758,False,SCEN_2011_APR_270D,100,conservation_15pct,124
2011-08-03,219909.49999999738,0.0,30.0,750.0,750.0,314.5,314.5,0.0,0.0,48550.03300630441,170324.96699369294,218874.99999999735,23.793347102945685,False,SCEN_2011_APR_270D,100,conservation_15pct,125
2011-08-04,218874.99999999735,0.0,30.0,750.0,750.0,314.5,314.5,0.0,0.0,48301.470899010135,169539.0291009872,217840.49999999732,23.68088922708961,False,SCEN_2011_APR_270D,100,conservation_15pct,126
2011-08-05,217840.49999999732,0.0,30.0,750.0,750.0,314.5,314.5,0.0,0.0,48052.90879171586,168753.09120828143,216805.9999999973,23.568431351233535,False,SCEN_2011_APR_270D,100,conservation_15pct,127
2011-08-06,216805.9999999973,0.0,30.0,750.0,750.0,314.5,314.5,0.0,0.0,47804.34668442159,167967.15331557568,215771.49999999726,23.455973475377462,False,SCEN_2011_APR_270D,100,conservation_15pct,128
2011-08-07,215771.49999999726,0.0,30.0,750.0,750.0,314.5,314.5,0.0,0.0,47555.78457712731,167181.21542286992,214736.99999999724,23.343515599521385,False,SCEN_2011_APR_270D,100,conservation_15pct,129
2011-08-08,214736.99999999724,0.0,30.0,750.0,750.0,314.5,314.5,0.0,0.0,47307.22246983304,166395.27753016417,213702.4999999972,23.231057723665312,False,SCEN_2011_APR_270D,100,conservation_15pct,130
2011-08-09,213702.4999999972,0.0,30.0,750.0,750.0,314.5,314.5,0.0,0.0,47058.660362538765,165609.3396374584,212667.99999999718,23.118599847809236,False,SCEN_2011_APR_270D,100,conservation_15pct,131
2011-08-10,212667.99999999718,0.0,30.0,750.0,750.0,314.5,314.5,0.0,0.0,46810.09825524449,164823.40174475266,211633.49999999715,23.006141971953163,False,SCEN_2011_APR_270D,100,conservation_15pct,132
2011-08-11,211633.49999999715,0.0,30.0,750.0,750.0,314.5,314.5,0.0,0.0,46561.53614795022,164037.4638520469,210598.99999999712,22.89368409609709,False,SCEN_2011_APR_270D,100,conservation_15pct,133
2011-08-12,210598.99999999712,0.0,30.0,750.0,750.0,314.5,314.5,0.0,0.0,46312.97404065594,163251.52595934115,209564.4999999971,22.781226220241013,False,SCEN_2011_APR_270D,100,conservation_15pct,134
2011-08-13,209564.4999999971,0.0,30.0,750.0,750.0,314.5,314.5,0.0,0.0,46064.41193336167,162465.5880666354,208529.99999999706,22.66876834438494,False,SCEN_2011_APR_270D,100,conservation_15pct,135
2011-08-14,208529.99999999706,0.0,30.0,750.0,750.0,314.5,314.5,0.0,0.0,45815.849826067395,161679.65017392964,207495.49999999703,22.556310468528864,False,SCEN_2011_APR_270D,100,conservation_15pct,136
2011-08-15,207495.49999999703,0.0,30.0,750.0,750.0,314.5,314.5,0.0,0.0,45567.28771877312,160893.71228122388,206460.999999997,22.44385259267279,False,SCEN_2011_APR_270D,100,conservation_15pct,137
2011-08-16,206460.999999997,0.0,30.0,750.0,750.0,314.5,314.5,0.0,0.0,45318.72561147885,160107.77438851813,205426.49999999697,22.331394716816718,False,SCEN_2011_APR_270D,100,conservation_15pct,138
2011-08-17,205426.49999999697,0.0,30.0,750.0,750.0,314.5,314.5,0.0,0.0,45070.16350418457,159321.83649581237,204391.99999999694,22.218936840960644,False,SCEN_2011_APR_270D,100,conservation_15pct,139
2011-08-18,204391.99999999694,0.0,30.0,750.0,750.0,314.5,314.5,0.0,0.0,44821.6013968903,158535.89860310662,203357.49999999691,22.106478965104568,False,SCEN_2011_APR_270D,100,conservation_15pct,140
2011-08-19,203357.49999999691,0.0,30.0,750.0,750.0,314.5,314.5,0.0,0.0,44573.039289596025,157749.96071040086,202322.9999999969,21.99402108924849,False,SCEN_2011_APR_270D,100,conservation_15pct,141
2011-08-20,202322.9999999969,0.0,30.0,750.0,750.0,314.5,314.5,0.0,0.0,44324.47718230175,156964.0228176951,201288.49999999686,21.88156321339242,False,SCEN_2011_APR_270D,100,conservation_15pct,142
2011-08-21,201288.49999999686,0.0,30.0,750.0,750.0,314.5,314.5,0.0,0.0,44075.91507500748,156178.08492498935,200253.99999999683,21.76910533753634,False,SCEN_2011_APR_270D,100,conservation_15pct,143
2011-08-22,200253.99999999683,0.0,30.0,750.0,750.0,314.5,314.5,0.0,0.0,43827.3529677132,155392.1470322836,199219.4999999968,21.65664746168027,False,SCEN_2011_APR_270D,100,conservation_15pct,144
2011-08-23,199219.4999999968,0.0,30.0,750.0,750.0,314.5,314.5,0.0,0.0,43578.79086041893,154606.20913957784,198184.99999999677,21.544189585824196,False,SCEN_2011_APR_270D,100,conservation_15pct,145
2011-08-24,198184.99999999677,0.0,30.0,750.0,750.0,314.5,314.5,0.0,0.0,43330.228753124655,153820.2712468721,197150.49999999674,21.431731709968123,False,SCEN_2011_APR_270D,100,conservation_15pct,146
2011-08-25,197150.49999999674,7.433333333333333,364.49999999999994,750.0,750.0,314.5,314.5,0.0,0.0,43175.22773942751,153275.2722605692,196450.4999999967,21.35563648222597,False,SCEN_2011_APR_270D,100,conservation_15pct,147
2011-08-26,196450.4999999967,0.0,30.0,750.0,750.0,314.5,314.5,0.0,0.0,42926.665632133234,152489.33436786346,195415.99999999668,21.2431786063699,False,SCEN_2011_APR_270D,100,conservation_15pct,148
2011-08-27,195415.99999999668,0.0,30.0,750.0,750.0,314.5,314.5,0.0,0.0,42678.10352483896,151703.3964751577,194381.49999999665,21.130720730513822,False,SCEN_2011_APR_270D,100,conservation_15pct,149
2011-08-28,194381.49999999665,0.0,30.0,750.0,750.0,314.5,314.5,0.0,0.0,42429.541417544686,150917.45858245195,193346.99999999662,21.01826285465775,False,SCEN_2011_APR_270D,100,conservation_15pct,150
2011-08-29,193346.99999999662,0.0,30.0,750.0,750.0,314.5,314.5,0.0,0.0,42180.97931025041,150131.5206897462,192312.4999999966,20.905804978801672,False,SCEN_2011_APR_270D,100,conservation_15pct,151
2011-08-30,192312.4999999966,0.0,30.0,750.0,750.0,314.5,314.5,0.0,0.0,41932.41720295614,149345.58279704044,191277.99999999657,20.7933471029456,False,SCEN_2011_APR_270D,100,conservation_15pct,152
2011-08-31,191277.99999999657,0.0,30.0,750.0,750.0,314.5,314.5,0.0,0.0,41683.855095661864,148559.64490433468,190243.49999999654,20.680889227089523,False,SCEN_2011_APR_270D,100,conservation_15pct,153
2011-09-01,190243.49999999654,0.09999999999999999,34.5,750.0,750.0,314.5,314.5,0.0,0.0,41436.55165778818,147776.94834220834,189213.4999999965,20.568920534840363,False,SCEN_2011_APR_270D,100,conservation_15pct,154
2011-09-02,189213.4999999965,0.0,30.0,750.0,750.0,314.5,314.5,0.0,0.0,41187.989550493905,146991.0104495026,188178.9999999965,20.456462658984293,False,SCEN_2011_APR_270D,100,conservation_15pct,155
2011-09-03,188178.9999999965,0.0,30.0,750.0,750.0,314.5,314.5,0.0,0.0,40939.42744319963,146205.07255679683,187144.49999999645,20.344004783128213,False,SCEN_2011_APR_270D,100,conservation_15pct,156
2011-09-04,187144.49999999645,0.0,30.0,750.0,750.0,314.5,314.5,0.0,0.0,40690.86533590536,145419.13466409108,186109.99999999645,20.231546907272143,False,SCEN_2011_APR_270D,100,conservation_15pct,157
2011-09-05,186109.99999999645,0.0,30.0,750.0,750.0,314.5,314.5,0.0,0.0,40442.30322861108,144633.19677138532,185075.4999999964,20.119089031416067,False,SCEN_2011_APR_270D,100,conservation_15pct,158
2011-09-06,185075.4999999964,0.0,30.0,750.0,750.0,314.5,314.5,0.0,0.0,40193.74112131681,143847.25887867957,184040.9999999964,20.006631155559994,False,SCEN_2011_APR_270D,100,conservation_15pct,159
2011-09-07,184040.9999999964,0.0,30.0,750.0,750.0,314.5,314.5,0.0,0.0,39945.179014022535,143061.3209859738,183006.49999999633,19.894173279703917,True,SCEN_2011_APR_270D,100,conservation_15pct,160
2011-09-08,183006.49999999633,0.0,30.0,750.0,750.0,314.5,314.5,0.0,0.0,39696.61690672826,142275.38309326806,181971.99999999633,19.781715403847848,True,SCEN_2011_APR_270D,100,conservation_15pct,161
2011-09-09,181971.99999999633,0.0,30.0,750.0,750.0,314.5,314.5,0.0,0.0,39448.05479943399,141489.4452005623,180937.49999999627,19.669257527991768,True,SCEN_2011_APR_270D,100,conservation_15pct,162
2011-09-10,180937.49999999627,0.0,30.0,750.0,750.0,314.5,314.5,0.0,0.0,39199.49269213971,140703.50730785655,179902.99999999627,19.556799652135698,True,SCEN_2011_APR_270D,100,conservation_15pct,163
2011-09-11,179902.99999999627,0.0,30.0,750.0,750.0,314.5,314.5,0.0,0.0,38950.93058484544,139917.5694151508,178868.49999999622,19.444341776279618,True,SCEN_2011_APR_270D,100,conservation_15pct,164
2011-09-12,178868.49999999622,0.0,30.0,750.0,750.0,314.5,314.5,0.0,0.0,38702.368477551165,139131.63152244504,177833.99999999622,19.331883900423545,True,SCEN_2011_APR_270D,100,conservation_15pct,165
2011-09-13,177833.99999999622,0.0,30.0,750.0,750.0,314.5,314.5,0.0,0.0,38453.80637025689,138345.69362973928,176799.49999999616,19.219426024567472,True,SCEN_2011_APR_270D,100,conservation_15pct,166
2011-09-14,176799.49999999616,0.0,30.0,750.0,750.0,314.5,314.5,0.0,0.0,38205.24426296262,137559.75573703353,175764.99999999616,19.1069681487114,True,SCEN_2011_APR_270D,100,conservation_15pct,167
2011-09-15,175764.99999999616,0.0,30.0,750.0,750.0,314.5,314.5,0.0,0.0,37956.68215566834,136773.81784432777,174730.4999999961,18.994510272855322,True,SCEN_2011_APR_270D,100,conservation_15pct,168
2011-09-16,174730.4999999961,12.933333333333332,611.9999999999999,750.0,750.0,314.5,314.5,0.0,0.0,37870.9079601036,136407.09203989248,174277.99999999607,18.94532014349343,True,SCEN_2011_APR_270D,100,conservation_15pct,169
2011-09-17,174277.99999999607,14.633333333333333,688.5,750.0,750.0,314.5,314.5,0.0,0.0,37806.53114468887,136095.46885530718,173901.99999999604,18.904446135449074,True,SCEN_2011_APR_270D,100,conservation_15pct,170
2011-09-18,173901.99999999604,9.933333333333334,477.0,750.0,750.0,314.5,314.5,0.0,0.0,37682.99686650646,135631.50313348958,173314.49999999604,18.840580497879774,True,SCEN_2011_APR_270D,100,conservation_15pct,171
2011-09-19,173314.49999999604,1.3666666666666665,91.5,750.0,750.0,314.5,314.5,0.0,0.0,37451.6365746269,134889.8634253691,172341.499999996,18.734808131318186,True,SCEN_2011_APR_270D,100,conservation_15pct,172
2011-09-20,172341.499999996,0.0,30.0,750.0,750.0,314.5,314.5,0.0,0.0,37203.074467332626,134103.92553266336,171306.99999999598,18.622350255462113,True,SCEN_2011_APR_270D,100,conservation_15pct,173
2011-09-21,171306.99999999598,0.0,30.0,750.0,750.0,314.5,314.5,0.0,0.0,36954.51236003835,133317.9876399576,170272.49999999595,18.50989237960604,True,SCEN_2011_APR_270D,100,conservation_15pct,174
2011-09-22,170272.49999999595,0.0,30.0,750.0,750.0,314.5,314.5,0.0,0.0,36705.95025274408,132532.04974725185,169237.99999999593,18.397434503749967,True,SCEN_2011_APR_270D,100,conservation_15pct,175
2011-09-23,169237.99999999593,0.0,30.0,750.0,750.0,314.5,314.5,0.0,0.0,36457.388145449804,131746.1118545461,168203.4999999959,18.28497662789389,True,SCEN_2011_APR_270D,100,conservation_15pct,176
2011-09-24,168203.4999999959,0.0,30.0,750.0,750.0,314.5,314.5,0.0,0.0,36208.82603815553,130960.17396184035,167168.99999999587,18.172518752037817,True,SCEN_2011_APR_270D,100,conservation_15pct,177
2011-09-25,167168.99999999587,0.0,30.0,750.0,750.0,314.5,314.5,0.0,0.0,35960.263930861256,130174.23606913463,166134.49999999587,18.060060876181744,True,SCEN_2011_APR_270D,100,conservation_15pct,178
2011-09-26,166134.49999999587,0.0,30.0,750.0,750.0,314.5,314.5,0.0,0.0,35711.70182356698,129388.2981764289,165099.99999999587,17.947603000325675,True,SCEN_2011_APR_270D,100,conservation_15pct,179
2011-09-27,165099.99999999587,0.0,30.0,750.0,750.0,314.5,314.5,0.0,0.0,35463.13971627271,128602.36028372317,164065.49999999587,17.8351451244696,True,SCEN_2011_APR_270D,100,conservation_15pct,180
2011-09-28,164065.49999999587,0.0,30.0,750.0,750.0,314.5,314.5,0.0,0.0,35214.577608978434,127816.42239101745,163030.99999999587,17.722687248613532,True,SCEN_2011_APR_270D,100,conservation_15pct,181
2011-09-29,163030.99999999587,1.2,84.0,750.0,750.0,314.5,314.5,0.0,0.0,34981.119534731224,127069.38046526465,162050.49999999587,17.616099576040426,True,SCEN_2011_APR_270D,100,conservation_15pct,182
2011-09-30,162050.49999999587,0.0,30.0,750.0,750.0,314.5,314.5,0.0,0.0,34732.55742743695,126283.44257255892,161015.99999999587,17.503641700184353,True,SCEN_2011_APR_270D,100,conservation_15pct,183
2011-10-01,161015.99999999587,0.0,30.0,380.0,380.0,314.5,314.5,0.0,0.0,34587.48591694668,125764.0140830492,160351.49999999587,17.431405587563418,True,SCEN_2011_APR_270D,100,conservation_15pct,184
2011-10-02,160351.49999999587,0.0,30.0,380.0,380.0,314.5,314.5,0.0,0.0,34442.41440645641,125244.58559353948,159686.9999999959,17.359169474942483,True,SCEN_2011_APR_270D,100,conservation_15pct,185
2011-10-03,159686.9999999959,0.0,30.0,380.0,380.0,314.5,314.5,0.0,0.0,34297.34289596614,124725.15710402976,159022.4999999959,17.286933362321548,True,SCEN_2011_APR_270D,100,conservation_15pct,186
2011-10-04,159022.4999999959,0.0,30.0,380.0,380.0,314.5,314.5,0.0,0.0,34152.27138547587,124205.72861452003,158357.9999999959,17.21469724970061,True,SCEN_2011_APR_270D,100,conservation_15pct,187
2011-10-05,158357.9999999959,0.0,30.0,380.0,380.0,314.5,314.5,0.0,0.0,34007.1998749856,123686.30012501031,157693.49999999593,17.142461137079675,True,SCEN_2011_APR_270D,100,conservation_15pct,188
2011-10-06,157693.49999999593,0.0,30.0,380.0,380.0,314.5,314.5,0.0,0.0,33862.12836449533,123166.87163550059,157028.99999999593,17.070225024458736,True,SCEN_2011_APR_270D,100,conservation_15pct,189
2011-10-07,157028.99999999593,1.7,106.5,380.0,380.0,314.5,314.5,0.0,0.0,33738.45423415507,122702.54576584084,156440.99999999593,17.006305033155336,True,SCEN_2011_APR_270D,100,conservation_15pct,190
2011-10-08,156440.99999999593,4.566666666666667,235.50000000000003,380.0,380.0,314.5,314.5,0.0,0.0,33650.86196053837,122331.13803945754,155981.99999999593,16.95640830525013,True,SCEN_2011_APR_270D,100,conservation_15pct,191
2011-10-09,155981.99999999593,47.23333333333334,2155.5000000000005,380.0,380.0,314.5,314.5,0.0,0.0,34100.30197303973,123342.69802695619,157442.99999999593,17.115229916294805,True,SCEN_2011_APR_270D,100,conservation_15pct,192
2011-10-10,157442.99999999593,0.0,30.0,380.0,380.0,314.5,314.5,0.0,0.0,33955.23046254946,122823.26953744647,156778.49999999593,17.04299380367387,True,SCEN_2011_APR_270D,100,conservation_15pct,193
2011-10-11,156778.49999999593,0.0,30.0,380.0,380.0,314.5,314.5,0.0,0.0,33810.15895205919,122303.84104793674,156113.99999999593,16.97075769105293,True,SCEN_2011_APR_270D,100,conservation_15pct,194
2011-10-12,156113.99999999593,0.0,30.0,380.0,380.0,314.5,314.5,0.0,0.0,33665.08744156892,121784.41255842702,155449.49999999593,16.898521578431996,True,SCEN_2011_APR_270D,100,conservation_15pct,195
2011-10-13,155449.49999999593,11.366666666666665,541.5,380.0,380.0,314.5,314.5,0.0,0.0,33663.084688552284,121633.41531144366,155296.49999999595,16.881889335796927,True,SCEN_2011_APR_270D,100,conservation_15pct,196
2011-10-14,155296.49999999595,0.0,30.0,380.0,380.0,314.5,314.5,0.0,0.0,33518.013178062014,121113.98682193394,154631.99999999595,16.809653223175992,True,SCEN_2011_APR_270D,100,conservation_15pct,197
2011-10-15,154631.99999999595,0.0,30.0,380.0,380.0,314.5,314.5,0.0,0.0,33372.941667571744,120594.55833242422,153967.49999999595,16.737417110555057,True,SCEN_2011_APR_270D,100,conservation_15pct,198
2011-10-16,153967.49999999595,0.0,30.0,380.0,380.0,314.5,314.5,0.0,0.0,33227.870157081474,120075.1298429145,153302.99999999598,16.66518099793412,True,SCEN_2011_APR_270D,100,conservation_15pct,199
2011-10-17,153302.99999999598,0.0,30.0,380.0,380.0,314.5,314.5,0.0,0.0,33082.7986465912,119555.70135340477,152638.49999999598,16.592944885313184,True,SCEN_2011_APR_270D,100,conservation_15pct,200
2011-10-18,152638.49999999598,0.0,30.0,380.0,380.0,314.5,314.5,0.0,0.0,32937.72713610093,119036.27286389505,151973.99999999598,16.520708772692245,True,SCEN_2011_APR_270D,100,conservation_15pct,201
2011-10-19,151973.99999999598,0.0,30.0,380.0,380.0,314.5,314.5,0.0,0.0,32792.65562561066,118516.84437438533,151309.49999999598,16.44847266007131,True,SCEN_2011_APR_270D,100,conservation_15pct,202
2011-10-20,151309.49999999598,0.0,30.0,380.0,380.0,314.5,314.5,0.0,0.0,32647.584115120397,117997.4158848756,150644.999999996,16.376236547450375,True,SCEN_2011_APR_270D,100,conservation_15pct,203
2011-10-21,150644.999999996,0.0,30.0,380.0,380.0,314.5,314.5,0.0,0.0,32502.512604630127,117477.98739536588,149980.499999996,16.304000434829437,True,SCEN_2011_APR_270D,100,conservation_15pct,204
2011-10-22,149980.499999996,0.0,30.0,380.0,380.0,314.5,314.5,0.0,0.0,32357.441094139856,116958.55890585616,149315.999999996,16.2317643222085,True,SCEN_2011_APR_270D,100,conservation_15pct,205
2011-10-23,149315.999999996,0.0,30.0,380.0,380.0,314.5,314.5,0.0,0.0,32212.369583649586,116439.13041634644,148651.499999996,16.159528209587563,True,SCEN_2011_APR_270D,100,conservation_15pct,206
2011-10-24,148651.499999996,0.0,30.0,380.0,380.0,314.5,314.5,0.0,0.0,32067.298073159316,115919.70192683671,147986.99999999604,16.08729209696663,True,SCEN_2011_APR_270D,100,conservation_15pct,207
2011-10-25,147986.99999999604,0.0,30.0,380.0,380.0,314.5,314.5,0.0,0.0,31922.226562669046,115400.27343732699,147322.49999999604,16.015055984345693,True,SCEN_2011_APR_270D,100,conservation_15pct,208
2011-10-26,147322.49999999604,0.0,30.0,380.0,380.0,314.5,314.5,0.0,0.0,31777.155052178776,114880.84494781727,146657.99999999604,15.942819871724756,True,SCEN_2011_APR_270D,100,conservation_15pct,209
2011-10-27,146657.99999999604,0.16666666666666666,37.5,380.0,380.0,314.5,314.5,0.0,0.0,31634.181324056153,114366.8186759399,146000.99999999604,15.871399065115344,True,SCEN_2011_APR_270D,100,conservation_15pct,210
2011-10-28,146000.99999999604,0.6666666666666666,60.0,380.0,380.0,314.5,314.5,0.0,0.0,31497.500943036477,113868.99905695957,145366.49999999604,15.802424176540498,True,SCEN_2011_APR_270D,100,conservation_15pct,211
2011-10-29,145366.49999999604,0.0,30.0,380.0,380.0,314.5,314.5,0.0,0.0,31352.429432546207,113349.57056744985,144701.99999999604,15.730188063919561,True,SCEN_2011_APR_270D,100,conservation_15pct,212
2011-10-30,144701.99999999604,0.0,30.0,380.0,380.0,314.5,314.5,0.0,0.0,31207.357922055937,112830.14207794012,144037.49999999607,15.657951951298626,True,SCEN_2011_APR_270D,100,conservation_15pct,213
2011-10-31,144037.49999999607,0.0,30.0,380.0,380.0,314.5,314.5,0.0,0.0,31062.286411565667,112310.7135884304,143372.99999999607,15.585715838677691,True,SCEN_2011_APR_270D,100,conservation_15pct,214
2011-11-01,143372.99999999607,0.0,30.0,380.0,380.0,314.5,314.5,0.0,0.0,30917.214901075396,111791.28509892068,142708.49999999607,15.513479726056753,True,SCEN_2011_APR_270D,100,conservation_15pct,215
2011-11-02,142708.49999999607,0.09999999999999999,34.5,380.0,380.0,314.5,314.5,0.0,0.0,30773.402060005716,111275.09793999036,142048.49999999607,15.441732797042729,True,SCEN_2011_APR_270D,100,conservation_15pct,216
2011-11-03,142048.49999999607,1.5333333333333332,99.0,380.0,380.0,314.5,314.5,0.0,0.0,30647.630147297812,110805.36985269826,141452.99999999607,15.376997499727803,True,SCEN_2011_APR_270D,100,conservation_15pct,217
2011-11-04,141452.99999999607,0.0,30.0,380.0,380.0,314.5,314.5,0.0,0.0,30502.558636807542,110285.94136318854,140788.49999999607,15.304761387106867,True,SCEN_2011_APR_270D,100,conservation_15pct,218
2011-11-05,140788.49999999607,0.0,30.0,380.0,380.0,314.5,314.5,0.0,0.0,30357.48712631727,109766.51287367882,140123.9999999961,15.232525274485933,True,SCEN_2011_APR_270D,100,conservation_15pct,219
2011-11-06,140123.9999999961,0.0,30.0,380.0,380.0,314.5,314.5,0.0,0.0,30212.415615827,109247.0843841691,139459.4999999961,15.160289161864995,True,SCEN_2011_APR_270D,100,conservation_15pct,220
2011-11-07,139459.4999999961,0.0,30.0,380.0,380.0,314.5,314.5,0.0,0.0,30067.34410533673,108727.65589465937,138794.9999999961,15.08805304924406,True,SCEN_2011_APR_270D,100,conservation_15pct,221
2011-11-08,138794.9999999961,0.6,57.0,380.0,380.0,314.5,314.5,0.0,0.0,29929.824611369997,108227.67538862611,138157.4999999961,15.018752038264605,True,SCEN_2011_APR_270D,100,conservation_15pct,222
2011-11-09,138157.4999999961,0.3333333333333333,45.0,380.0,380.0,314.5,314.5,0.0,0.0,29788.948665615026,107719.05133438109,137507.9999999961,14.948146537666714,True,SCEN_2011_APR_270D,100,conservation_15pct,223
2011-11-10,137507.9999999961,1.0,75.0,380.0,380.0,314.5,314.5,0.0,0.0,29656.46384933065,107232.03615066547,136888.49999999613,14.880802261114917,True,SCEN_2011_APR_270D,100,conservation_15pct,224
2011-11-11,136888.49999999613,0.0,30.0,380.0,380.0,314.5,314.5,0.0,0.0,29511.39233884038,106712.60766115575,136223.99999999613,14.808566148493982,True,SCEN_2011_APR_270D,100,conservation_15pct,225
2011-11-12,136223.99999999613,0.0,30.0,380.0,380.0,314.5,314.5,0.0,0.0,29366.320828350108,106193.17917164603,135559.49999999613,14.736330035873044,True,SCEN_2011_APR_270D,100,conservation_15pct,226
2011-11-13,135559.49999999613,0.0,30.0,380.0,380.0,314.5,314.5,0.0,0.0,29221.249317859838,105673.7506821363,134894.99999999616,14.66409392325211,True,SCEN_2011_APR_270D,100,conservation_15pct,227
2011-11-14,134894.99999999616,0.0,30.0,380.0,380.0,314.5,314.5,0.0,0.0,29076.177807369568,105154.32219262658,134230.49999999616,14.591857810631174,True,SCEN_2011_APR_270D,100,conservation_15pct,228
2011-11-15,134230.49999999616,4.733333333333333,243.0,380.0,380.0,314.5,314.5,0.0,0.0,28990.68331612052,104788.31668387563,133778.99999999616,14.542776388737488,True,SCEN_2011_APR_270D,100,conservation_15pct,229
2011-11-16,133778.99999999616,0.0,30.0,380.0,380.0,314.5,314.5,0.0,0.0,28845.61180563025,104268.8881943659,133114.49999999616,14.47054027611655,True,SCEN_2011_APR_270D,100,conservation_15pct,230
2011-11-17,133114.49999999616,0.0,30.0,380.0,380.0,314.5,314.5,0.0,0.0,28700.54029513998,103749.45970485618,132449.99999999616,14.398304163495615,True,SCEN_2011_APR_270D,100,conservation_15pct,231
2011-11-18,132449.99999999616,0.0,30.0,380.0,380.0,314.5,314.5,0.0,0.0,28555.46878464971,103230.03121534646,131785.49999999616,14.326068050874676,True,SCEN_2011_APR_270D,100,conservation_15pct,232
2011-11-19,131785.49999999616,0.0,30.0,380.0,380.0,314.5,314.5,0.0,0.0,28410.39727415944,102710.60272583674,131120.9999999962,14.253831938253745,True,SCEN_2011_APR_270D,100,conservation_15pct,233
2011-11-20,131120.9999999962,0.0,30.0,380.0,380.0,314.5,314.5,0.0,0.0,28265.32576366917,102191.17423632702,130456.49999999619,14.181595825632806,True,SCEN_2011_APR_270D,100,conservation_15pct,234
2011-11-21,130456.49999999619,1.5999999999999999,102.0,380.0,380.0,314.5,314.5,0.0,0.0,28140.39296390833,101723.60703608787,129863.99999999619,14.117186650722491,True,SCEN_2011_APR_270D,100,conservation_15pct,235
2011-11-22,129863.99999999619,0.19999999999999998,39.0,380.0,380.0,314.5,314.5,0.0,0.0,27997.838792259237,101210.66120773696,129208.4999999962,14.045928905315384,True,SCEN_2011_APR_270D,100,conservation_15pct,236
2011-11-23,129208.4999999962,0.0,30.0,380.0,380.0,314.5,314.5,0.0,0.0,27852.767281768967,100691.23271822724,128543.99999999622,13.973692792694447,True,SCEN_2011_APR_270D,100,conservation_15pct,237
2011-11-24,128543.99999999622,0.0,30.0,380.0,380.0,314.5,314.5,0.0,0.0,27707.695771278697,100171.80422871752,127879.49999999622,13.90145668007351,True,SCEN_2011_APR_270D,100,conservation_15pct,238
2011-11-25,127879.49999999622,0.0,30.0,380.0,380.0,314.5,314.5,0.0,0.0,27562.624260788427,99652.3757392078,127214.99999999622,13.829220567452571,True,SCEN_2011_APR_270D,100,conservation_15pct,239
2011-11-26,127214.99999999622,9.233333333333333,445.49999999999994,380.0,380.0,314.5,314.5,0.0,0.0,27533.769893465895,99432.23010653033,126965.99999999623,13.802152407870011,True,SCEN_2011_APR_270D,100,conservation_15pct,240
2011-11-27,126965.99999999623,0.0,30.0,380.0,380.0,314.5,314.5,0.0,0.0,27388.698382975625,98912.80161702061,126301.49999999623,13.729916295249073,True,SCEN_2011_APR_270D,100,conservation_15pct,241
2011-11-28,126301.49999999623,0.0,30.0,380.0,380.0,314.5,314.5,0.0,0.0,27243.626872485354,98393.37312751089,125636.99999999625,13.657680182628138,True,SCEN_2011_APR_270D,100,conservation_15pct,242
2011-11-29,125636.99999999625,0.0,30.0,380.0,380.0,314.5,314.5,0.0,0.0,27098.555361995084,97873.94463800117,124972.49999999625,13.585444070007203,True,SCEN_2011_APR_270D,100,conservation_15pct,243
2011-11-30,124972.49999999625,0.0,30.0,380.0,380.0,314.5,314.5,0.0,0.0,26953.483851504814,97354.51614849144,124307.99999999626,13.513207957386268,True,SCEN_2011_APR_270D,100,conservation_15pct,244
2011-12-01,124307.99999999626,0.16666666666666666,37.5,380.0,380.0,314.5,314.5,0.0,0.0,26810.51012338219,96840.48987661407,123650.99999999626,13.441787150776852,True,SCEN_2011_APR_270D,100,conservation_15pct,245
2011-12-02,123650.99999999626,2.433333333333333,139.5,380.0,380.0,314.5,314.5,0.0,0.0,26696.06623545959,96399.93376453668,123095.99999999627,13.38145450592415,True,SCEN_2011_APR_270D,100,conservation_15pct,246
2011-12-03,123095.99999999627,1.2,84.0,380.0,380.0,314.5,314.5,0.0,0.0,26566.098758016393,95919.40124197988,122485.49999999627,13.31508859658618,True,SCEN_2011_APR_270D,100,conservation_15pct,247
2011-12-04,122485.49999999627,2.9000000000000004,160.50000000000003,380.0,380.0,314.5,314.5,0.0,0.0,26457.52866072321,95493.97133927306,121951.49999999627,13.257038808565744,True,SCEN_2011_APR_270D,100,conservation_15pct,248
2011-12-05,121951.49999999627,2.1333333333333333,126.0,380.0,380.0,314.5,314.5,0.0,0.0,26339.30876453884,95043.69123545743,121382.99999999627,13.195238612892302,True,SCEN_2011_APR_270D,100,conservation_15pct,249
2011-12-06,121382.99999999627,0.0,30.0,380.0,380.0,314.5,314.5,0.0,0.0,26194.23725404857,94524.26274594771,120718.49999999627,13.123002500271364,True,SCEN_2011_APR_270D,100,conservation_15pct,250
2011-12-07,120718.49999999627,0.0,30.0,380.0,380.0,314.5,314.5,0.0,0.0,26049.1657435583,94004.83425643799,120053.99999999629,13.050766387650429,True,SCEN_2011_APR_270D,100,conservation_15pct,251
2011-12-08,120053.99999999629,0.0,30.0,380.0,380.0,314.5,314.5,0.0,0.0,25904.09423306803,93485.40576692826,119389.49999999629,12.97853027502949,True,SCEN_2011_APR_270D,100,conservation_15pct,252
2011-12-09,119389.49999999629,0.0,30.0,380.0,380.0,314.5,314.5,0.0,0.0,25759.02272257776,92965.97727741854,118724.9999999963,12.906294162408555,True,SCEN_2011_APR_270D,100,conservation_15pct,253
2011-12-10,118724.9999999963,10.0,480.0,380.0,380.0,314.5,314.5,0.0,0.0,25739.81815414641,92770.68184584989,118510.4999999963,12.882976410478996,True,SCEN_2011_APR_270D,100,conservation_15pct,254
2011-12-11,118510.4999999963,2.533333333333333,144.0,380.0,380.0,314.5,314.5,0.0,0.0,25626.6329356444,92333.3670643519,117959.9999999963,12.82313294923321,True,SCEN_2011_APR_270D,100,conservation_15pct,255
2011-12-12,117959.9999999963,2.1,124.5,380.0,380.0,314.5,314.5,0.0,0.0,25507.993482986505,91882.0065170098,117389.9999999963,12.761169692357463,True,SCEN_2011_APR_270D,100,conservation_15pct,256
2011-12-13,117389.9999999963,1.2,84.0,380.0,380.0,314.5,314.5,0.0,0.0,25378.026005543306,91401.473994453,116779.4999999963,12.694803783019493,True,SCEN_2011_APR_270D,100,conservation_15pct,257
2011-12-14,116779.4999999963,0.6,57.0,380.0,380.0,314.5,314.5,0.0,0.0,25240.506511576572,90901.49348841974,116141.99999999632,12.62550277204004,True,SCEN_2011_APR_270D,100,conservation_15pct,258
2011-12-15,116141.99999999632,1.0,75.0,380.0,380.0,314.5,314.5,0.0,0.0,25108.021695292195,90414.47830470413,115522.49999999632,12.55815849548824,True,SCEN_2011_APR_270D,100,conservation_15pct,259
2011-12-16,115522.49999999632,0.0,30.0,380.0,380.0,314.5,314.5,0.0,0.0,24962.950184801924,89895.0498151944,114857.99999999633,12.485922382867304,True,SCEN_2011_APR_270D,100,conservation_15pct,260
2011-12-17,114857.99999999633,0.0,30.0,380.0,380.0,314.5,314.5,0.0,0.0,24817.878674311654,89375.62132568468,114193.49999999633,12.413686270246368,True,SCEN_2011_APR_270D,100,conservation_15pct,261
2011-12-18,114193.49999999633,0.16666666666666666,37.5,380.0,380.0,314.5,314.5,0.0,0.0,24674.90494618903,88861.59505380731,113536.49999999633,12.342265463636954,True,SCEN_2011_APR_270D,100,conservation_15pct,262
2011-12-19,113536.49999999633,2.9000000000000004,160.50000000000003,380.0,380.0,314.5,314.5,0.0,0.0,24566.334848895847,88436.16515110049,113002.49999999633,12.284215675616517,True,SCEN_2011_APR_270D,100,conservation_15pct,263
2011-12-20,113002.49999999633,0.19999999999999998,39.0,380.0,380.0,314.5,314.5,0.0,0.0,24423.780677246756,87923.21932274959,112346.99999999635,12.21295793020941,True,SCEN_2011_APR_270D,100,conservation_15pct,264
2011-12-21,112346.99999999635,3.3000000000000003,178.5,380.0,380.0,314.5,314.5,0.0,0.0,24320.24525763593,87510.75474236041,111830.99999999633,12.156864876616623,True,SCEN_2011_APR_270D,100,conservation_15pct,265
2011-12-22,111830.99999999633,9.4,453.0,380.0,380.0,314.5,314.5,0.0,0.0,24293.488672681044,87296.0113273153,111589.49999999633,12.130612023045586,True,SCEN_2011_APR_270D,100,conservation_15pct,266
2011-12-23,111589.49999999633,0.0,30.0,380.0,380.0,314.5,314.5,0.0,0.0,24148.417162190774,86776.58283780557,110924.99999999635,12.05837591042465,True,SCEN_2011_APR_270D,100,conservation_15pct,267
2011-12-24,110924.99999999635,2.766666666666667,154.5,380.0,380.0,314.5,314.5,0.0,0.0,24038.168839003472,86346.83116099288,110384.99999999635,11.999673877594994,True,SCEN_2011_APR_270D,100,conservation_15pct,268
2011-12-25,110384.99999999635,0.26666666666666666,42.0,380.0,380.0,314.5,314.5,0.0,0.0,23896.45378030144,85836.04621969491,109732.49999999635,11.928742254592493,True,SCEN_2011_APR_270D,100,conservation_15pct,269
2011-12-26,109732.49999999635,0.26666666666666666,42.0,380.0,380.0,314.5,314.5,0.0,0.0,23754.738721599406,85325.26127839694,109079.99999999635,11.857810631589993,True,SCEN_2011_APR_270D,100,conservation_15pct,270
2011-04-01,321965.0,0.0,30.0,380.0,380.0,370.0,370.0,0.0,0.0,89716.60348950973,231528.39651049025,321245.0,34.92173062289379,False,SCEN_2011_APR_270D,80,baseline_demand,1
2011-04-02,321245.0,0.0,30.0,380.0,380.0,370.0,370.0,0.0,0.0,89378.20697901945,231146.79302098052,320525.0,34.84346124578759,False,SCEN_2011_APR_270D,80,baseline_demand,2
2011-04-03,320525.0,0.0,30.0,380.0,380.0,370.0,370.0,0.0,0.0,89039.81046852918,230765.1895314708,319805.0,34.76519186868138,False,SCEN_2011_APR_270D,80,baseline_demand,3
2011-04-04,319805.0,0.0,30.0,380.0,380.0,370.0,370.0,0.0,0.0,88701.4139580389,230383.58604196107,319085.0,34.686922491575174,False,SCEN_2011_APR_270D,80,baseline_demand,4
2011-04-05,319085.0,0.0,30.0,380.0,380.0,370.0,370.0,0.0,0.0,88363.01744754863,230001.98255245134,318365.0,34.608653114468964,False,SCEN_2011_APR_270D,80,baseline_demand,5
2011-04-06,318365.0,0.0,30.0,380.0,380.0,370.0,370.0,0.0,0.0,88024.62093705835,229620.37906294162,317645.0,34.530383737362754,False,SCEN_2011_APR_270D,80,baseline_demand,6
2011-04-07,317645.0,0.0,30.0,380.0,380.0,370.0,370.0,0.0,0.0,87686.22442656808,229238.7755734319,316925.0,34.452114360256545,False,SCEN_2011_APR_270D,80,baseline_demand,7
2011-04-08,316925.0,0.0,30.0,380.0,380.0,370.0,370.0,0.0,0.0,87347.8279160778,228857.17208392217,316205.0,34.37384498315034,False,SCEN_2011_APR_270D,80,baseline_demand,8
2011-04-09,316205.0,0.0,30.0,380.0,380.0,370.0,370.0,0.0,0.0,87009.43140558753,228475.56859441244,315485.0,34.29557560604414,False,SCEN_2011_APR_270D,80,baseline_demand,9
2011-04-10,315485.0,0.0,30.0,380.0,380.0,370.0,370.0,0.0,0.0,86671.03489509725,228093.96510490272,314765.0,34.21730622893793,False,SCEN_2011_APR_270D,80,baseline_demand,10
2011-04-11,314765.0,0.4266666666666667,49.2,380.0,380.0,370.0,370.0,0.0,0.0,86338.00870746817,227726.19129253182,314064.19999999995,34.14112403522122,False,SCEN_2011_APR_270D,80,baseline_demand,11
2011-04-12,314064.19999999995,0.0,30.0,380.0,380.0,370.0,370.0,0.0,0.0,85999.61219697789,227344.5878030221,313344.19999999995,34.06285465811501,False,SCEN_2011_APR_270D,80,baseline_demand,12
2011-04-13,313344.19999999995,0.0,30.0,380.0,380.0,370.0,370.0,0.0,0.0,85661.21568648762,226962.98431351237,312624.19999999995,33.9845852810088,False,SCEN_2011_APR_270D,80,baseline_demand,13
2011-04-14,312624.19999999995,0.0,30.0,380.0,380.0,370.0,370.0,0.0,0.0,85322.81917599734,226581.38082400264,311904.19999999995,33.906315903902595,False,SCEN_2011_APR_270D,80,baseline_demand,14
2011-04-15,311904.19999999995,0.0,30.0,380.0,380.0,370.0,370.0,0.0,0.0,84984.42266550707,226199.77733449292,311184.19999999995,33.828046526796385,False,SCEN_2011_APR_270D,80,baseline_demand,15
2011-04-16,311184.19999999995,0.0,30.0,380.0,380.0,370.0,370.0,0.0,0.0,84646.02615501679,225818.1738449832,310464.19999999995,33.74977714969018,False,SCEN_2011_APR_270D,80,baseline_demand,16
2011-04-17,310464.19999999995,0.0,30.0,380.0,380.0,370.0,370.0,0.0,0.0,84307.62964452652,225436.57035547346,309744.19999999995,33.67150777258397,False,SCEN_2011_APR_270D,80,baseline_demand,17
2011-04-18,309744.19999999995,0.0,30.0,380.0,380.0,370.0,370.0,0.0,0.0,83969.23313403624,225054.96686596374,309024.19999999995,33.59323839547776,False,SCEN_2011_APR_270D,80,baseline_demand,18
2011-04-19,309024.19999999995,0.0,30.0,380.0,380.0,370.0,370.0,0.0,0.0,83630.83662354597,224673.363376454,308304.19999999995,33.51496901837156,False,SCEN_2011_APR_270D,80,baseline_demand,19
2011-04-20,308304.19999999995,0.0,30.0,380.0,380.0,370.0,370.0,0.0,0.0,83292.4401130557,224291.7598869443,307584.19999999995,33.43669964126535,False,SCEN_2011_APR_270D,80,baseline_demand,20
2011-04-21,307584.19999999995,0.0,30.0,380.0,380.0,370.0,370.0,0.0,0.0,82954.04360256542,223910.15639743456,306864.19999999995,33.358430264159146,False,SCEN_2011_APR_270D,80,baseline_demand,21
2011-04-22,306864.19999999995,0.0,30.0,380.0,380.0,370.0,370.0,0.0,0.0,82615.64709207515,223528.55290792484,306144.19999999995,33.280160887052936,False,SCEN_2011_APR_270D,80,baseline_demand,22
2011-04-23,306144.19999999995,0.0,30.0,380.0,380.0,370.0,370.0,0.0,0.0,82277.25058158487,223146.9494184151,305424.19999999995,33.201891509946726,False,SCEN_2011_APR_270D,80,baseline_demand,23
2011-04-24,305424.19999999995,0.0,30.0,380.0,380.0,370.0,370.0,0.0,0.0,81938.8540710946,222765.3459289054,304704.19999999995,33.12362213284052,False,SCEN_2011_APR_270D,80,baseline_demand,24
2011-04-25,304704.19999999995,0.08,33.6,380.0,380.0,370.0,370.0,0.0,0.0,81601.46449614079,222386.3355038592,303987.8,33.04574410261985,False,SCEN_2011_APR_270D,80,baseline_demand,25
2011-04-26,303987.8,0.0,30.0,380.0,380.0,370.0,370.0,0.0,0.0,81263.06798565052,222004.7320143495,303267.8,32.96747472551364,False,SCEN_2011_APR_270D,80,baseline_demand,26
2011-04-27,303267.8,0.0,30.0,380.0,380.0,370.0,370.0,0.0,0.0,80924.67147516024,221623.12852483976,302547.8,32.88920534840744,False,SCEN_2011_APR_270D,80,baseline_demand,27
2011-04-28,302547.8,0.0,30.0,380.0,380.0,370.0,370.0,0.0,0.0,80586.27496466997,221241.52503533004,301827.8,32.81093597130123,False,SCEN_2011_APR_270D,80,baseline_demand,28
2011-04-29,301827.8,0.0,30.0,380.0,380.0,370.0,370.0,0.0,0.0,80247.87845417969,220859.9215458203,301107.8,32.73266659419502,False,SCEN_2011_APR_270D,80,baseline_demand,29
2011-04-30,301107.8,0.0,30.0,380.0,380.0,370.0,370.0,0.0,0.0,79909.48194368942,220478.31805631059,300387.8,32.654397217088814,False,SCEN_2011_APR_270D,80,baseline_demand,30
2011-05-01,300387.8,0.0,30.0,380.0,380.0,370.0,370.0,0.0,0.0,79571.08543319914,220096.71456680086,299667.8,32.576127839982604,False,SCEN_2011_APR_270D,80,baseline_demand,31
2011-05-02,299667.8,0.8266666666666668,67.2,380.0,380.0,370.0,370.0,0.0,0.0,79243.09392325241,219741.9060767476,298985.0,32.50190238069355,False,SCEN_2011_APR_270D,80,baseline_demand,32
2011-05-03,298985.0,0.0,30.0,380.0,380.0,370.0,370.0,0.0,0.0,78904.69741276214,219360.30258723788,298265.0,32.42363300358735,False,SCEN_2011_APR_270D,80,baseline_demand,33
2011-05-04,298265.0,0.0,30.0,380.0,380.0,370.0,370.0,0.0,0.0,78566.30090227186,218978.69909772815,297545.0,32.34536362648114,False,SCEN_2011_APR_270D,80,baseline_demand,34
2011-05-05,297545.0,0.0,30.0,380.0,380.0,370.0,370.0,0.0,0.0,78227.90439178159,218597.09560821843,296825.0,32.267094249374935,False,SCEN_2011_APR_270D,80,baseline_demand,35
2011-05-06,296825.0,0.0,30.0,380.0,380.0,370.0,370.0,0.0,0.0,77889.50788129131,218215.4921187087,296105.0,32.188824872268725,False,SCEN_2011_APR_270D,80,baseline_demand,36
2011-05-07,296105.0,0.0,30.0,380.0,380.0,370.0,370.0,0.0,0.0,77551.11137080104,217833.88862919898,295385.0,32.110555495162515,False,SCEN_2011_APR_270D,80,baseline_demand,37
2011-05-08,295385.0,0.0,30.0,380.0,380.0,370.0,370.0,0.0,0.0,77212.71486031076,217452.28513968925,294665.0,32.032286118056305,False,SCEN_2011_APR_270D,80,baseline_demand,38
2011-05-09,294665.0,0.0,30.0,380.0,380.0,370.0,370.0,0.0,0.0,76874.31834982049,217070.68165017953,293945.0,31.954016740950102,False,SCEN_2011_APR_270D,80,baseline_demand,39
2011-05-10,293945.0,0.0,30.0,380.0,380.0,370.0,370.0,0.0,0.0,76535.92183933021,216689.0781606698,293225.0,31.8757473638439,False,SCEN_2011_APR_270D,80,baseline_demand,40
2011-05-11,293225.0,0.0,30.0,380.0,380.0,370.0,370.0,0.0,0.0,76197.52532883994,216307.47467116007,292505.0,31.79747798673769,False,SCEN_2011_APR_270D,80,baseline_demand,41
2011-05-12,292505.0,26.480000000000004,1221.6000000000001,380.0,380.0,370.0,370.0,0.0,0.0,76192.42448092169,216784.17551907833,292976.60000000003,31.848744428742258,False,SCEN_2011_APR_270D,80,baseline_demand,42
2011-05-13,292976.60000000003,0.0,30.0,380.0,380.0,370.0,370.0,0.0,0.0,75854.02797043142,216402.5720295686,292256.60000000003,31.770475051636048,False,SCEN_2011_APR_270D,80,baseline_demand,43
2011-05-14,292256.60000000003,0.0,30.0,380.0,380.0,370.0,370.0,0.0,0.0,75515.63145994114,216020.96854005888,291536.60000000003,31.692205674529845,False,SCEN_2011_APR_270D,80,baseline_demand,44
2011-05-15,291536.60000000003,0.0,30.0,380.0,380.0,370.0,370.0,0.0,0.0,75177.23494945087,215639.36505054915,290816.60000000003,31.61393629742364,False,SCEN_2011_APR_270D,80,baseline_demand,45
2011-05-16,290816.60000000003,0.0,30.0,380.0,380.0,370.0,370.0,0.0,0.0,74838.83843896059,215257.76156103943,290096.60000000003,31.53566692031743,False,SCEN_2011_APR_270D,80,baseline_demand,46
2011-05-17,290096.60000000003,0.0,30.0,380.0,380.0,370.0,370.0,0.0,0.0,74500.44192847032,214876.1580715297,289376.60000000003,31.457397543211226,False,SCEN_2011_APR_270D,80,baseline_demand,47
2011-05-18,289376.60000000003,0.0,30.0,380.0,380.0,370.0,370.0,0.0,0.0,74162.04541798004,214494.55458201998,288656.60000000003,31.379128166105012,False,SCEN_2011_APR_270D,80,baseline_demand,48
2011-05-19,288656.60000000003,0.0,30.0,380.0,380.0,370.0,370.0,0.0,0.0,73823.64890748977,214112.95109251025,287936.60000000003,31.30085878899881,False,SCEN_2011_APR_270D,80,baseline_demand,49
2011-05-20,287936.60000000003,0.0,30.0,380.0,380.0,370.0,370.0,0.0,0.0,73485.2523969995,213731.34760300053,287216.60000000003,31.2225894118926,False,SCEN_2011_APR_270D,80,baseline_demand,50
2011-05-21,287216.60000000003,0.0,30.0,380.0,380.0,370.0,370.0,0.0,0.0,73146.85588650922,213349.7441134908,286496.60000000003,31.144320034786393,False,SCEN_2011_APR_270D,80,baseline_demand,51
2011-05-22,286496.60000000003,0.0,30.0,380.0,380.0,370.0,370.0,0.0,0.0,72808.45937601895,212968.14062398107,285776.60000000003,31.06605065768019,False,SCEN_2011_APR_270D,80,baseline_demand,52
2011-05-23,285776.60000000003,0.0,30.0,380.0,380.0,370.0,370.0,0.0,0.0,72470.06286552867,212586.53713447135,285056.60000000003,30.987781280573977,False,SCEN_2011_APR_270D,80,baseline_demand,53
2011-05-24,285056.60000000003,0.0,30.0,380.0,380.0,370.0,370.0,0.0,0.0,72131.6663550384,212204.93364496162,284336.60000000003,30.909511903467774,False,SCEN_2011_APR_270D,80,baseline_demand,54
2011-05-25,284336.60000000003,0.0,30.0,380.0,380.0,370.0,370.0,0.0,0.0,71793.26984454812,211823.3301554519,283616.60000000003,30.831242526361564,False,SCEN_2011_APR_270D,80,baseline_demand,55
2011-05-26,283616.60000000003,2.2933333333333334,133.2,380.0,380.0,370.0,370.0,0.0,0.0,71483.7388194367,211516.06118056332,282999.80000000005,30.76419175997391,False,SCEN_2011_APR_270D,80,baseline_demand,56
2011-05-27,282999.80000000005,0.0,30.0,380.0,380.0,370.0,370.0,0.0,0.0,71145.34230894642,211134.4576910536,282279.80000000005,30.68592238286771,False,SCEN_2011_APR_270D,80,baseline_demand,57
2011-05-28,282279.80000000005,0.0,30.0,380.0,380.0,370.0,370.0,0.0,0.0,70806.94579845614,210752.85420154387,281559.80000000005,30.6076530057615,False,SCEN_2011_APR_270D,80,baseline_demand,58
2011-05-29,281559.80000000005,0.0,30.0,380.0,380.0,370.0,370.0,0.0,0.0,70468.54928796587,210371.25071203415,280839.80000000005,30.529383628655292,False,SCEN_2011_APR_270D,80,baseline_demand,59
2011-05-30,280839.80000000005,0.0,30.0,380.0,380.0,370.0,370.0,0.0,0.0,70130.1527774756,209989.64722252442,280119.80000000005,30.45111425154909,False,SCEN_2011_APR_270D,80,baseline_demand,60
2011-05-31,280119.80000000005,0.0,30.0,380.0,380.0,370.0,370.0,0.0,0.0,69791.75626698532,209608.0437330147,279399.80000000005,30.37284487444288,False,SCEN_2011_APR_270D,80,baseline_demand,61
2011-06-01,279399.80000000005,0.0,30.0,750.0,750.0,370.0,370.0,0.0,0.0,69349.86915969105,208959.93084030895,278309.8,30.25435373410153,False,SCEN_2011_APR_270D,80,baseline_demand,62
2011-06-02,278309.8,0.0,30.0,750.0,750.0,370.0,370.0,0.0,0.0,68907.98205239678,208311.8179476032,277219.8,30.135862593760187,False,SCEN_2011_APR_270D,80,baseline_demand,63
2011-06-03,277219.8,0.0,30.0,750.0,750.0,370.0,370.0,0.0,0.0,68466.09494510251,207663.70505489747,276129.8,30.01737145341885,False,SCEN_2011_APR_270D,80,baseline_demand,64
2011-06-04,276129.8,0.0,30.0,750.0,750.0,370.0,370.0,0.0,0.0,68024.20783780824,207015.59216219172,275039.79999999993,29.898880313077502,False,SCEN_2011_APR_270D,80,baseline_demand,65
2011-06-05,275039.79999999993,0.0,30.0,750.0,750.0,370.0,370.0,0.0,0.0,67582.32073051397,206367.47926948598,273949.79999999993,29.78038917273616,False,SCEN_2011_APR_270D,80,baseline_demand,66
2011-06-06,273949.79999999993,0.0,30.0,750.0,750.0,370.0,370.0,0.0,0.0,67140.4336232197,205719.36637678024,272859.79999999993,29.661898032394816,False,SCEN_2011_APR_270D,80,baseline_demand,67
2011-06-07,272859.79999999993,0.0,30.0,750.0,750.0,370.0,370.0,0.0,0.0,66698.54651592542,205071.2534840745,271769.79999999993,29.543406892053476,False,SCEN_2011_APR_270D,80,baseline_demand,68
2011-06-08,271769.79999999993,0.0,30.0,750.0,750.0,370.0,370.0,0.0,0.0,66256.65940863115,204423.14059136875,270679.79999999993,29.424915751712135,False,SCEN_2011_APR_270D,80,baseline_demand,69
2011-06-09,270679.79999999993,0.0,30.0,750.0,750.0,370.0,370.0,0.0,0.0,65814.77230133688,203775.027698663,269589.7999999999,29.306424611370787,False,SCEN_2011_APR_270D,80,baseline_demand,70
2011-06-10,269589.7999999999,0.0,30.0,750.0,750.0,370.0,370.0,0.0,0.0,65372.88519404261,203126.91480595726,268499.7999999999,29.18793347102945,False,SCEN_2011_APR_270D,80,baseline_demand,71
2011-06-11,268499.7999999999,0.0,30.0,750.0,750.0,370.0,370.0,0.0,0.0,64930.99808674834,202478.80191325152,267409.7999999999,29.069442330688105,False,SCEN_2011_APR_270D,80,baseline_demand,72
2011-06-12,267409.7999999999,0.0,30.0,750.0,750.0,370.0,370.0,0.0,0.0,64489.11097945407,201830.68902054577,266319.7999999998,28.950951190346757,False,SCEN_2011_APR_270D,80,baseline_demand,73
2011-06-13,266319.7999999998,0.0,30.0,750.0,750.0,370.0,370.0,0.0,0.0,64047.2238721598,201182.57612784003,265229.7999999998,28.832460050005416,False,SCEN_2011_APR_270D,80,baseline_demand,74
2011-06-14,265229.7999999998,0.0,30.0,750.0,750.0,370.0,370.0,0.0,0.0,63605.336764865526,200534.4632351343,264139.7999999998,28.71396890966407,False,SCEN_2011_APR_270D,80,baseline_demand,75
2011-06-15,264139.7999999998,0.0,30.0,750.0,750.0,370.0,370.0,0.0,0.0,63163.449657571255,199886.35034242854,263049.7999999998,28.59547776932273,False,SCEN_2011_APR_270D,80,baseline_demand,76
2011-06-16,263049.7999999998,0.0,30.0,750.0,750.0,370.0,370.0,0.0,0.0,62721.56255027698,199238.2374497228,261959.79999999978,28.476986628981386,False,SCEN_2011_APR_270D,80,baseline_demand,77
2011-06-17,261959.79999999978,0.0,30.0,750.0,750.0,370.0,370.0,0.0,0.0,62279.67544298271,198590.12455701706,260869.79999999976,28.358495488640045,False,SCEN_2011_APR_270D,80,baseline_demand,78
2011-06-18,260869.79999999976,0.0,30.0,750.0,750.0,370.0,370.0,0.0,0.0,61837.78833568844,197942.0116643113,259779.79999999976,28.240004348298704,False,SCEN_2011_APR_270D,80,baseline_demand,79
2011-06-19,259779.79999999976,0.0,30.0,750.0,750.0,370.0,370.0,0.0,0.0,61395.90122839417,197293.89877160557,258689.79999999976,28.12151320795736,False,SCEN_2011_APR_270D,80,baseline_demand,80
2011-06-20,258689.79999999976,0.0,30.0,750.0,750.0,370.0,370.0,0.0,0.0,60954.0141210999,196645.78587889983,257599.79999999973,28.00302206761602,False,SCEN_2011_APR_270D,80,baseline_demand,81
2011-06-21,257599.79999999973,0.0,30.0,750.0,750.0,370.0,370.0,0.0,0.0,60512.12701380563,195997.67298619408,256509.7999999997,27.88453092727467,False,SCEN_2011_APR_270D,80,baseline_demand,82
2011-06-22,256509.7999999997,18.42666666666667,859.2000000000002,750.0,750.0,370.0,370.0,0.0,0.0,60302.17072507859,195946.82927492113,256248.9999999997,27.85618001956731,False,SCEN_2011_APR_270D,80,baseline_demand,83
2011-06-23,256248.9999999997,4.666666666666667,240.0,750.0,750.0,370.0,370.0,0.0,0.0,59919.02152407848,195449.97847592123,255368.9999999997,27.760517447548615,False,SCEN_2011_APR_270D,80,baseline_demand,84
2011-06-24,255368.9999999997,0.3466666666666667,45.6,750.0,750.0,370.0,370.0,0.0,0.0,59481.49780410892,194813.1021958908,254294.59999999971,27.64372214371124,False,SCEN_2011_APR_270D,80,baseline_demand,85
2011-06-25,254294.59999999971,0.21333333333333335,39.6,750.0,750.0,370.0,370.0,0.0,0.0,59042.295858245234,194171.90414175446,253214.1999999997,27.52627459506465,False,SCEN_2011_APR_270D,80,baseline_demand,86
2011-06-26,253214.1999999997,0.0,30.0,750.0,750.0,370.0,370.0,0.0,0.0,58600.40875095096,193523.79124904872,252124.1999999997,27.407783454723305,False,SCEN_2011_APR_270D,80,baseline_demand,87
2011-06-27,252124.1999999997,0.0,30.0,750.0,750.0,370.0,370.0,0.0,0.0,58158.52164365669,192875.67835634298,251034.19999999966,27.289292314381964,False,SCEN_2011_APR_270D,80,baseline_demand,88
2011-06-28,251034.19999999966,0.0,30.0,750.0,750.0,370.0,370.0,0.0,0.0,57716.63453636242,192227.56546363723,249944.19999999966,27.17080117404062,False,SCEN_2011_APR_270D,80,baseline_demand,89
2011-06-29,249944.19999999966,0.0,30.0,750.0,750.0,370.0,370.0,0.0,0.0,57274.74742906815,191579.4525709315,248854.19999999963,27.05231003369927,False,SCEN_2011_APR_270D,80,baseline_demand,90
2011-06-30,248854.19999999963,0.6666666666666667,60.0,750.0,750.0,370.0,370.0,0.0,0.0,56841.25145124447,190952.94854875517,247794.19999999963,26.937080117404026,False,SCEN_2011_APR_270D,80,baseline_demand,91
2011-07-01,247794.19999999963,0.5333333333333333,54.0,750.0,750.0,370.0,370.0,0.0,0.0,56406.07724752667,190322.12275247296,246728.19999999963,26.821197956299557,False,SCEN_2011_APR_270D,80,baseline_demand,92
2011-07-02,246728.19999999963,0.0,30.0,750.0,750.0,370.0,370.0,0.0,0.0,55964.1901402324,189674.00985976722,245638.1999999996,26.702706815958216,False,SCEN_2011_APR_270D,80,baseline_demand,93
2011-07-03,245638.1999999996,0.96,73.19999999999999,750.0,750.0,370.0,370.0,0.0,0.0,55534.38625937578,189057.01374062384,244591.39999999962,26.588911838243245,False,SCEN_2011_APR_270D,80,baseline_demand,94
2011-07-04,244591.39999999962,0.0,30.0,750.0,750.0,370.0,370.0,0.0,0.0,55092.49915208151,188408.9008479181,243501.39999999962,26.470420697901904,False,SCEN_2011_APR_270D,80,baseline_demand,95
2011-07-05,243501.39999999962,0.0,30.0,750.0,750.0,370.0,370.0,0.0,0.0,54650.61204478724,187760.78795521235,242411.3999999996,26.35192955756056,False,SCEN_2011_APR_270D,80,baseline_demand,96
2011-07-06,242411.3999999996,0.0,30.0,750.0,750.0,370.0,370.0,0.0,0.0,54208.72493749297,187112.6750625066,241321.39999999956,26.23343841721921,False,SCEN_2011_APR_270D,80,baseline_demand,97
2011-07-07,241321.39999999956,0.0,30.0,750.0,750.0,370.0,370.0,0.0,0.0,53766.837830198696,186464.56216980086,240231.39999999956,26.114947276877874,False,SCEN_2011_APR_270D,80,baseline_demand,98
2011-07-08,240231.39999999956,0.0,30.0,750.0,750.0,370.0,370.0,0.0,0.0,53324.950722904425,185816.44927709512,239141.39999999956,25.996456136536533,False,SCEN_2011_APR_270D,80,baseline_demand,99
2011-07-09,239141.39999999956,0.0,30.0,750.0,750.0,370.0,370.0,0.0,0.0,52883.063615610154,185168.33638438937,238051.39999999953,25.877964996195185,False,SCEN_2011_APR_270D,80,baseline_demand,100
2011-07-10,238051.39999999953,0.08,33.6,750.0,750.0,370.0,370.0,0.0,0.0,52442.18344385235,184522.81655614718,236964.99999999953,25.75986520273938,False,SCEN_2011_APR_270D,80,baseline_demand,101
2011-07-11,236964.99999999953,0.0,30.0,750.0,750.0,370.0,370.0,0.0,0.0,52000.29633655808,183874.70366344144,235874.99999999953,25.641374062398036,False,SCEN_2011_APR_270D,80,baseline_demand,102
2011-07-12,235874.99999999953,0.0,30.0,750.0,750.0,370.0,370.0,0.0,0.0,51558.40922926381,183226.5907707357,234784.9999999995,25.522882922056688,False,SCEN_2011_APR_270D,80,baseline_demand,103
2011-07-13,234784.9999999995,0.0,30.0,750.0,750.0,370.0,370.0,0.0,0.0,51301.52212196954,182393.47787802995,233694.99999999948,25.404391781715347,False,SCEN_2011_APR_270D,80,baseline_demand,104
2011-07-14,233694.99999999948,0.0,30.0,750.0,750.0,370.0,370.0,0.0,0.0,51044.63501467527,181560.3649853242,232604.99999999948,25.285900641374003,False,SCEN_2011_APR_270D,80,baseline_demand,105
2011-07-15,232604.99999999948,0.0,30.0,750.0,750.0,370.0,370.0,0.0,0.0,50787.747907380995,180727.25209261847,231514.99999999948,25.16740950103266,False,SCEN_2011_APR_270D,80,baseline_demand,106
2011-07-16,231514.99999999948,0.0,30.0,750.0,750.0,370.0,370.0,0.0,0.0,50530.860800086724,179894.13919991272,230424.99999999945,25.048918360691317,False,SCEN_2011_APR_270D,80,baseline_demand,107
2011-07-17,230424.99999999945,0.0,30.0,750.0,750.0,370.0,370.0,0.0,0.0,50273.97369279245,179061.02630720698,229334.99999999942,24.930427220349973,False,SCEN_2011_APR_270D,80,baseline_demand,108
2011-07-18,229334.99999999942,0.0,30.0,750.0,750.0,370.0,370.0,0.0,0.0,50017.08658549818,178227.91341450124,228244.99999999942,24.811936080008635,False,SCEN_2011_APR_270D,80,baseline_demand,109
2011-07-19,228244.99999999942,5.760000000000001,289.20000000000005,750.0,750.0,370.0,370.0,0.0,0.0,49832.69883682985,177581.50116316957,227414.19999999943,24.72162191542553,False,SCEN_2011_APR_270D,80,baseline_demand,110
2011-07-20,227414.19999999943,0.0,30.0,750.0,750.0,370.0,370.0,0.0,0.0,49575.81172953558,176748.38827046382,226324.1999999994,24.603130775084185,False,SCEN_2011_APR_270D,80,baseline_demand,111
2011-07-21,226324.1999999994,0.0,30.0,750.0,750.0,370.0,370.0,0.0,0.0,49318.924622241306,175915.27537775808,225234.19999999937,24.484639634742837,False,SCEN_2011_APR_270D,80,baseline_demand,112
2011-07-22,225234.19999999937,0.0,30.0,750.0,750.0,370.0,370.0,0.0,0.0,49062.037514947035,175082.16248505234,224144.19999999937,24.366148494401497,False,SCEN_2011_APR_270D,80,baseline_demand,113
2011-07-23,224144.19999999937,0.0,30.0,750.0,750.0,370.0,370.0,0.0,0.0,48805.15040765276,174249.0495923466,223054.19999999937,24.247657354060156,False,SCEN_2011_APR_270D,80,baseline_demand,114
2011-07-24,223054.19999999937,0.0,30.0,750.0,750.0,370.0,370.0,0.0,0.0,48548.26330035849,173415.93669964085,221964.19999999934,24.12916621371881,False,SCEN_2011_APR_270D,80,baseline_demand,115
2011-07-25,221964.19999999934,0.0,30.0,750.0,750.0,370.0,370.0,0.0,0.0,48291.37619306422,172582.8238069351,220874.1999999993,24.010675073377467,False,SCEN_2011_APR_270D,80,baseline_demand,116
2011-07-26,220874.1999999993,0.0,30.0,750.0,750.0,370.0,370.0,0.0,0.0,48034.48908576995,171749.71091422936,219784.1999999993,23.892183933036126,False,SCEN_2011_APR_270D,80,baseline_demand,117
2011-07-27,219784.1999999993,0.0,30.0,750.0,750.0,370.0,370.0,0.0,0.0,47777.60197847568,170916.59802152362,218694.1999999993,23.773692792694785,False,SCEN_2011_APR_270D,80,baseline_demand,118
2011-07-28,218694.1999999993,0.0,30.0,750.0,750.0,370.0,370.0,0.0,0.0,47520.71487118141,170083.48512881788,217604.19999999928,23.655201652353437,False,SCEN_2011_APR_270D,80,baseline_demand,119
2011-07-29,217604.19999999928,2.9066666666666667,160.8,750.0,750.0,370.0,370.0,0.0,0.0,47300.413088378926,169344.58691162034,216644.99999999927,23.550929448853058,False,SCEN_2011_APR_270D,80,baseline_demand,120
2011-07-30,216644.99999999927,0.26666666666666666,42.0,750.0,750.0,370.0,370.0,0.0,0.0,47046.88243287289,168520.11756712638,215566.99999999927,23.433742798130154,False,SCEN_2011_APR_270D,80,baseline_demand,121
2011-07-31,215566.99999999927,0.0,30.0,750.0,750.0,370.0,370.0,0.0,0.0,46789.99532557862,167687.00467442063,214476.99999999924,23.315251657788806,False,SCEN_2011_APR_270D,80,baseline_demand,122
2011-08-01,214476.99999999924,0.0,30.0,750.0,750.0,370.0,370.0,0.0,0.0,46533.108218284346,166853.8917817149,213386.99999999924,23.196760517447466,False,SCEN_2011_APR_270D,80,baseline_demand,123
2011-08-02,213386.99999999924,0.0,30.0,750.0,750.0,370.0,370.0,0.0,0.0,46276.221110990075,166020.77888900915,212296.9999999992,23.07826937710612,False,SCEN_2011_APR_270D,80,baseline_demand,124
2011-08-03,212296.9999999992,0.0,30.0,750.0,750.0,370.0,370.0,0.0,0.0,46019.3340036958,165187.6659963034,211206.9999999992,22.95977823676478,False,SCEN_2011_APR_270D,80,baseline_demand,125
2011-08-04,211206.9999999992,0.0,30.0,750.0,750.0,370.0,370.0,0.0,0.0,45762.44689640153,164354.55310359766,210116.99999999919,22.841287096423436,False,SCEN_2011_APR_270D,80,baseline_demand,126
2011-08-05,210116.99999999919,0.0,30.0,750.0,750.0,370.0,370.0,0.0,0.0,45505.55978910726,163521.44021089192,209026.99999999919,22.722795956082095,False,SCEN_2011_APR_270D,80,baseline_demand,127
2011-08-06,209026.99999999919,0.0,30.0,750.0,750.0,370.0,370.0,0.0,0.0,45248.67268181299,162688.32731818617,207936.99999999916,22.60430481574075,False,SCEN_2011_APR_270D,80,baseline_demand,128
2011-08-07,207936.99999999916,0.0,30.0,750.0,750.0,370.0,370.0,0.0,0.0,44991.78557451872,161855.21442548043,206846.99999999916,22.485813675399406,False,SCEN_2011_APR_270D,80,baseline_demand,129
2011-08-08,206846.99999999916,0.0,30.0,750.0,750.0,370.0,370.0,0.0,0.0,44734.89846722445,161022.1015327747,205756.99999999913,22.36732253505806,False,SCEN_2011_APR_270D,80,baseline_demand,130
2011-08-09,205756.99999999913,0.0,30.0,750.0,750.0,370.0,370.0,0.0,0.0,44478.01135993018,160188.98864006894,204666.99999999913,22.248831394716724,False,SCEN_2011_APR_270D,80,baseline_demand,131
2011-08-10,204666.99999999913,0.0,30.0,750.0,750.0,370.0,370.0,0.0,0.0,44221.124252635906,159355.8757473632,203576.9999999991,22.130340254375376,False,SCEN_2011_APR_270D,80,baseline_demand,132
2011-08-11,203576.9999999991,0.0,30.0,750.0,750.0,370.0,370.0,0.0,0.0,43964.237145341634,158522.76285465746,202486.9999999991,22.011849114034035,False,SCEN_2011_APR_270D,80,baseline_demand,133
2011-08-12,202486.9999999991,0.0,30.0,750.0,750.0,370.0,370.0,0.0,0.0,43707.35003804736,157689.6499619517,201396.99999999907,21.89335797369269,False,SCEN_2011_APR_270D,80,baseline_demand,134
2011-08-13,201396.99999999907,0.0,30.0,750.0,750.0,370.0,370.0,0.0,0.0,43450.46293075309,156856.53706924597,200306.99999999907,21.77486683335135,False,SCEN_2011_APR_270D,80,baseline_demand,135
2011-08-14,200306.99999999907,0.0,30.0,750.0,750.0,370.0,370.0,0.0,0.0,43193.57582345882,156023.42417654023,199216.99999999904,21.656375693010006,False,SCEN_2011_APR_270D,80,baseline_demand,136
2011-08-15,199216.99999999904,0.0,30.0,750.0,750.0,370.0,370.0,0.0,0.0,42936.68871616455,155190.31128383448,198126.99999999904,21.537884552668665,False,SCEN_2011_APR_270D,80,baseline_demand,137
2011-08-16,198126.99999999904,0.0,30.0,750.0,750.0,370.0,370.0,0.0,0.0,42679.80160887028,154357.19839112874,197036.999999999,21.41939341232732,False,SCEN_2011_APR_270D,80,baseline_demand,138
2011-08-17,197036.999999999,0.0,30.0,750.0,750.0,370.0,370.0,0.0,0.0,42422.91450157601,153524.085498423,195946.999999999,21.300902271985976,False,SCEN_2011_APR_270D,80,baseline_demand,139
2011-08-18,195946.999999999,0.0,30.0,750.0,750.0,370.0,370.0,0.0,0.0,42166.02739428174,152690.97260571725,194856.99999999898,21.18241113164463,False,SCEN_2011_APR_270D,80,baseline_demand,140
2011-08-19,194856.99999999898,0.0,30.0,750.0,750.0,370.0,370.0,0.0,0.0,41909.140286987466,151857.8597130115,193766.99999999898,21.063919991303294,False,SCEN_2011_APR_270D,80,baseline_demand,141
2011-08-20,193766.99999999898,0.0,30.0,750.0,750.0,370.0,370.0,0.0,0.0,41652.253179693194,151024.74682030577,192676.99999999895,20.945428850961946,False,SCEN_2011_APR_270D,80,baseline_demand,142
2011-08-21,192676.99999999895,0.0,30.0,750.0,750.0,370.0,370.0,0.0,0.0,41395.36607239892,150191.63392760002,191586.99999999895,20.826937710620605,False,SCEN_2011_APR_270D,80,baseline_demand,143
2011-08-22,191586.99999999895,0.0,30.0,750.0,750.0,370.0,370.0,0.0,0.0,41138.47896510465,149358.52103489428,190496.99999999892,20.708446570279264,False,SCEN_2011_APR_270D,80,baseline_demand,144
2011-08-23,190496.99999999892,0.0,30.0,750.0,750.0,370.0,370.0,0.0,0.0,40881.59185781038,148525.40814218853,189406.99999999892,20.58995542993792,False,SCEN_2011_APR_270D,80,baseline_demand,145
2011-08-24,189406.99999999892,0.0,30.0,750.0,750.0,370.0,370.0,0.0,0.0,40624.70475051611,147692.2952494828,188316.9999999989,20.471464289596575,False,SCEN_2011_APR_270D,80,baseline_demand,146
2011-08-25,188316.9999999989,5.946666666666666,297.59999999999997,750.0,750.0,370.0,370.0,0.0,0.0,40442.66651809954,147051.93348189935,187494.5999999989,20.382063267746375,False,SCEN_2011_APR_270D,80,baseline_demand,147
2011-08-26,187494.5999999989,0.0,30.0,750.0,750.0,370.0,370.0,0.0,0.0,40185.77941080527,146218.8205891936,186404.59999999887,20.26357212740503,False,SCEN_2011_APR_270D,80,baseline_demand,148
2011-08-27,186404.59999999887,0.0,30.0,750.0,750.0,370.0,370.0,0.0,0.0,39928.892303511,145385.70769648787,185314.59999999887,20.145080987063686,False,SCEN_2011_APR_270D,80,baseline_demand,149
2011-08-28,185314.59999999887,0.0,30.0,750.0,750.0,370.0,370.0,0.0,0.0,39672.00519621673,144552.59480378212,184224.59999999884,20.026589846722345,False,SCEN_2011_APR_270D,80,baseline_demand,150
2011-08-29,184224.59999999884,0.0,30.0,750.0,750.0,370.0,370.0,0.0,0.0,39415.118088922456,143719.48191107638,183134.59999999884,19.908098706381004,True,SCEN_2011_APR_270D,80,baseline_demand,151
2011-08-30,183134.59999999884,0.0,30.0,750.0,750.0,370.0,370.0,0.0,0.0,39158.230981628185,142886.36901837063,182044.5999999988,19.789607566039656,True,SCEN_2011_APR_270D,80,baseline_demand,152
2011-08-31,182044.5999999988,0.0,30.0,750.0,750.0,370.0,370.0,0.0,0.0,38901.343874333914,142053.2561256649,180954.5999999988,19.671116425698315,True,SCEN_2011_APR_270D,80,baseline_demand,153
2011-09-01,180954.5999999988,0.08,33.6,750.0,750.0,370.0,370.0,0.0,0.0,38645.46370257611,141222.7362974227,179868.19999999882,19.553016632242507,True,SCEN_2011_APR_270D,80,baseline_demand,154
2011-09-02,179868.19999999882,0.0,30.0,750.0,750.0,370.0,370.0,0.0,0.0,38388.57659528184,140389.62340471696,178778.1999999988,19.434525491901162,True,SCEN_2011_APR_270D,80,baseline_demand,155
2011-09-03,178778.1999999988,0.0,30.0,750.0,750.0,370.0,370.0,0.0,0.0,38131.68948798757,139556.5105120112,177688.1999999988,19.31603435155982,True,SCEN_2011_APR_270D,80,baseline_demand,156
2011-09-04,177688.1999999988,0.0,30.0,750.0,750.0,370.0,370.0,0.0,0.0,37874.8023806933,138723.39761930547,176598.19999999876,19.197543211218477,True,SCEN_2011_APR_270D,80,baseline_demand,157
2011-09-05,176598.19999999876,0.0,30.0,750.0,750.0,370.0,370.0,0.0,0.0,37617.91527339903,137890.28472659973,175508.19999999876,19.079052070877133,True,SCEN_2011_APR_270D,80,baseline_demand,158
2011-09-06,175508.19999999876,0.0,30.0,750.0,750.0,370.0,370.0,0.0,0.0,37361.028166104756,137057.17183389398,174418.19999999873,18.960560930535788,True,SCEN_2011_APR_270D,80,baseline_demand,159
2011-09-07,174418.19999999873,0.0,30.0,750.0,750.0,370.0,370.0,0.0,0.0,37104.141058810485,136224.05894118824,173328.19999999873,18.84206979019445,True,SCEN_2011_APR_270D,80,baseline_demand,160
2011-09-08,173328.19999999873,0.0,30.0,750.0,750.0,370.0,370.0,0.0,0.0,36847.25395151621,135390.9460484825,172238.1999999987,18.723578649853103,True,SCEN_2011_APR_270D,80,baseline_demand,161
2011-09-09,172238.1999999987,0.0,30.0,750.0,750.0,370.0,370.0,0.0,0.0,36590.36684422194,134557.83315577675,171148.1999999987,18.605087509511762,True,SCEN_2011_APR_270D,80,baseline_demand,162
2011-09-10,171148.1999999987,0.0,30.0,750.0,750.0,370.0,370.0,0.0,0.0,36333.47973692767,133724.720263071,170058.19999999867,18.486596369170417,True,SCEN_2011_APR_270D,80,baseline_demand,163
2011-09-11,170058.19999999867,0.0,30.0,750.0,750.0,370.0,370.0,0.0,0.0,36076.5926296334,132891.60737036527,168968.19999999867,18.368105228829076,True,SCEN_2011_APR_270D,80,baseline_demand,164
2011-09-12,168968.19999999867,0.0,30.0,750.0,750.0,370.0,370.0,0.0,0.0,35819.70552233913,132058.49447765952,167878.19999999864,18.249614088487732,True,SCEN_2011_APR_270D,80,baseline_demand,165
2011-09-13,167878.19999999864,0.0,30.0,750.0,750.0,370.0,370.0,0.0,0.0,35562.81841504486,131225.38158495378,166788.19999999864,18.13112294814639,True,SCEN_2011_APR_270D,80,baseline_demand,166
2011-09-14,166788.19999999864,0.0,30.0,750.0,750.0,370.0,370.0,0.0,0.0,35305.93130775059,130392.26869224804,165698.19999999861,18.012631807805047,True,SCEN_2011_APR_270D,80,baseline_demand,167
2011-09-15,165698.19999999861,0.0,30.0,750.0,750.0,370.0,370.0,0.0,0.0,35049.044200456316,129559.1557995423,164608.19999999861,17.894140667463702,True,SCEN_2011_APR_270D,80,baseline_demand,168
2011-09-16,164608.19999999861,10.346666666666666,495.59999999999997,750.0,750.0,370.0,370.0,0.0,0.0,34922.38742254567,129061.41257745294,163983.7999999986,17.826263724317705,True,SCEN_2011_APR_270D,80,baseline_demand,169
2011-09-17,163983.7999999986,11.706666666666667,556.8000000000001,750.0,750.0,370.0,370.0,0.0,0.0,34812.848548755035,128607.75145124356,163420.59999999858,17.76503967822574,True,SCEN_2011_APR_270D,80,baseline_demand,170
2011-09-18,163420.59999999858,7.946666666666667,387.6,750.0,750.0,370.0,370.0,0.0,0.0,34655.98370475025,128032.21629524833,162688.1999999986,17.685422328513813,True,SCEN_2011_APR_270D,80,baseline_demand,171
2011-09-19,162688.1999999986,1.0933333333333333,79.19999999999999,750.0,750.0,370.0,370.0,0.0,0.0,34412.858049787756,127234.54195021083,161647.39999999857,17.572279595608062,True,SCEN_2011_APR_270D,80,baseline_demand,172
2011-09-20,161647.39999999857,0.0,30.0,750.0,750.0,370.0,370.0,0.0,0.0,34155.970942493484,126401.4290575051,160557.39999999857,17.45378845526672,True,SCEN_2011_APR_270D,80,baseline_demand,173
2011-09-21,160557.39999999857,0.0,30.0,750.0,750.0,370.0,370.0,0.0,0.0,33899.08383519921,125568.31616479937,159467.39999999857,17.33529731492538,True,SCEN_2011_APR_270D,80,baseline_demand,174
2011-09-22,159467.39999999857,0.0,30.0,750.0,750.0,370.0,370.0,0.0,0.0,33642.19672790494,124735.20327209364,158377.39999999857,17.216806174584036,True,SCEN_2011_APR_270D,80,baseline_demand,175
2011-09-23,158377.39999999857,0.0,30.0,750.0,750.0,370.0,370.0,0.0,0.0,33385.30962061067,123902.09037938791,157287.39999999857,17.0983150342427,True,SCEN_2011_APR_270D,80,baseline_demand,176
2011-09-24,157287.39999999857,0.0,30.0,750.0,750.0,370.0,370.0,0.0,0.0,33128.4225133164,123068.97748668218,156197.39999999857,16.979823893901354,True,SCEN_2011_APR_270D,80,baseline_demand,177
2011-09-25,156197.39999999857,0.0,30.0,750.0,750.0,370.0,370.0,0.0,0.0,32871.53540602213,122235.86459397645,155107.39999999857,16.861332753560013,True,SCEN_2011_APR_270D,80,baseline_demand,178
2011-09-26,155107.39999999857,0.0,30.0,750.0,750.0,370.0,370.0,0.0,0.0,32614.64829872786,121402.75170127072,154017.3999999986,16.742841613218676,True,SCEN_2011_APR_270D,80,baseline_demand,179
2011-09-27,154017.3999999986,0.0,30.0,750.0,750.0,370.0,370.0,0.0,0.0,32357.76119143359,120569.638808565,152927.3999999986,16.62435047287733,True,SCEN_2011_APR_270D,80,baseline_demand,180
2011-09-28,152927.3999999986,0.0,30.0,750.0,750.0,370.0,370.0,0.0,0.0,32100.87408413932,119736.52591585927,151837.3999999986,16.505859332535994,True,SCEN_2011_APR_270D,80,baseline_demand,181
2011-09-29,151837.3999999986,0.96,73.19999999999999,750.0,750.0,370.0,370.0,0.0,0.0,31856.070203282707,118934.52979671588,150790.59999999858,16.392064354821024,True,SCEN_2011_APR_270D,80,baseline_demand,182
2011-09-30,150790.59999999858,0.0,30.0,750.0,750.0,370.0,370.0,0.0,0.0,31599.183095988436,118101.41690401016,149700.59999999858,16.27357321447968,True,SCEN_2011_APR_270D,80,baseline_demand,183
2011-10-01,149700.59999999858,0.0,30.0,380.0,380.0,370.0,370.0,0.0,0.0,31445.786585498165,117534.81341450043,148980.59999999858,16.195303837373473,True,SCEN_2011_APR_270D,80,baseline_demand,184
2011-10-02,148980.59999999858,0.0,30.0,380.0,380.0,370.0,370.0,0.0,0.0,31292.390075007894,116968.2099249907,148260.5999999986,16.11703446026727,True,SCEN_2011_APR_270D,80,baseline_demand,185
2011-10-03,148260.5999999986,0.0,30.0,380.0,380.0,370.0,370.0,0.0,0.0,31138.993564517623,116401.60643548098,147540.5999999986,16.03876508316106,True,SCEN_2011_APR_270D,80,baseline_demand,186
2011-10-04,147540.5999999986,0.0,30.0,380.0,380.0,370.0,370.0,0.0,0.0,30985.597054027352,115835.00294597125,146820.5999999986,15.960495706054855,True,SCEN_2011_APR_270D,80,baseline_demand,187
2011-10-05,146820.5999999986,0.0,30.0,380.0,380.0,370.0,370.0,0.0,0.0,30832.20054353708,115268.39945646153,146100.5999999986,15.882226328948649,True,SCEN_2011_APR_270D,80,baseline_demand,188
2011-10-06,146100.5999999986,0.0,30.0,380.0,380.0,370.0,370.0,0.0,0.0,30678.80403304681,114701.7959669518,145380.5999999986,15.80395695184244,True,SCEN_2011_APR_270D,80,baseline_demand,189
2011-10-07,145380.5999999986,1.36,91.2,380.0,380.0,370.0,370.0,0.0,0.0,30542.52542667655,114179.27457332207,144721.79999999862,15.732340471790263,True,SCEN_2011_APR_270D,80,baseline_demand,190
2011-10-08,144721.79999999862,3.653333333333334,194.40000000000003,380.0,380.0,370.0,370.0,0.0,0.0,30435.11230568514,113731.08769431348,144166.19999999861,15.671942602456637,True,SCEN_2011_APR_270D,80,baseline_demand,191
2011-10-09,144166.19999999861,37.786666666666676,1730.4000000000003,380.0,380.0,370.0,370.0,0.0,0.0,30757.32501358817,114389.27498641044,145146.5999999986,15.778519404282923,True,SCEN_2011_APR_270D,80,baseline_demand,192
2011-10-10,145146.5999999986,0.0,30.0,380.0,380.0,370.0,370.0,0.0,0.0,30603.9285030979,113822.67149690072,144426.5999999986,15.700250027176715,True,SCEN_2011_APR_270D,80,baseline_demand,193
2011-10-11,144426.5999999986,0.0,30.0,380.0,380.0,370.0,370.0,0.0,0.0,30450.53199260763,113256.06800739099,143706.5999999986,15.621980650070508,True,SCEN_2011_APR_270D,80,baseline_demand,194
2011-10-12,143706.5999999986,0.0,30.0,380.0,380.0,370.0,370.0,0.0,0.0,30297.13548211736,112689.46451788126,142986.59999999864,15.543711272964305,True,SCEN_2011_APR_270D,80,baseline_demand,195
2011-10-13,142986.59999999864,9.093333333333332,439.19999999999993,380.0,380.0,370.0,370.0,0.0,0.0,30258.193977606,112417.60602239262,142675.79999999862,15.509924991846791,True,SCEN_2011_APR_270D,80,baseline_demand,196
2011-10-14,142675.79999999862,0.0,30.0,380.0,380.0,370.0,370.0,0.0,0.0,30104.797467115728,111851.00253288289,141955.79999999862,15.431655614740583,True,SCEN_2011_APR_270D,80,baseline_demand,197
2011-10-15,141955.79999999862,0.0,30.0,380.0,380.0,370.0,370.0,0.0,0.0,29951.400956625457,111284.39904337317,141235.79999999862,15.353386237634375,True,SCEN_2011_APR_270D,80,baseline_demand,198
2011-10-16,141235.79999999862,0.0,30.0,380.0,380.0,370.0,370.0,0.0,0.0,29798.004446135186,110717.79555386344,140515.79999999862,15.275116860528168,True,SCEN_2011_APR_270D,80,baseline_demand,199
2011-10-17,140515.79999999862,0.0,30.0,380.0,380.0,370.0,370.0,0.0,0.0,29644.607935644915,110151.19206435372,139795.79999999862,15.19684748342196,True,SCEN_2011_APR_270D,80,baseline_demand,200
2011-10-18,139795.79999999862,0.0,30.0,380.0,380.0,370.0,370.0,0.0,0.0,29491.211425154645,109584.58857484399,139075.79999999865,15.118578106315757,True,SCEN_2011_APR_270D,80,baseline_demand,201
2011-10-19,139075.79999999865,0.0,30.0,380.0,380.0,370.0,370.0,0.0,0.0,29337.814914664374,109017.98508533427,138355.79999999865,15.040308729209551,True,SCEN_2011_APR_270D,80,baseline_demand,202
2011-10-20,138355.79999999865,0.0,30.0,380.0,380.0,370.0,370.0,0.0,0.0,29184.418404174103,108451.38159582454,137635.79999999865,14.962039352103343,True,SCEN_2011_APR_270D,80,baseline_demand,203
2011-10-21,137635.79999999865,0.0,30.0,380.0,380.0,370.0,370.0,0.0,0.0,29031.021893683832,107884.77810631481,136915.79999999865,14.883769974997135,True,SCEN_2011_APR_270D,80,baseline_demand,204
2011-10-22,136915.79999999865,0.0,30.0,380.0,380.0,370.0,370.0,0.0,0.0,28877.62538319356,107318.17461680509,136195.79999999865,14.805500597890928,True,SCEN_2011_APR_270D,80,baseline_demand,205
2011-10-23,136195.79999999865,0.0,30.0,380.0,380.0,370.0,370.0,0.0,0.0,28724.22887270329,106751.57112729536,135475.79999999865,14.72723122078472,True,SCEN_2011_APR_270D,80,baseline_demand,206
2011-10-24,135475.79999999865,0.0,30.0,380.0,380.0,370.0,370.0,0.0,0.0,28570.83236221302,106184.96763778564,134755.79999999865,14.648961843678515,True,SCEN_2011_APR_270D,80,baseline_demand,207
2011-10-25,134755.79999999865,0.0,30.0,380.0,380.0,370.0,370.0,0.0,0.0,28417.43585172275,105618.36414827591,134035.79999999865,14.570692466572307,True,SCEN_2011_APR_270D,80,baseline_demand,208
2011-10-26,134035.79999999865,0.0,30.0,380.0,380.0,370.0,370.0,0.0,0.0,28264.039341232477,105051.76065876619,133315.79999999865,14.4924230894661,True,SCEN_2011_APR_270D,80,baseline_demand,209
2011-10-27,133315.79999999865,0.13333333333333333,36.0,380.0,380.0,370.0,370.0,0.0,0.0,28112.321056636327,104489.47894336234,132601.79999999865,14.414805957169111,True,SCEN_2011_APR_270D,80,baseline_demand,210
2011-10-28,132601.79999999865,0.5333333333333333,54.0,380.0,380.0,370.0,370.0,0.0,0.0,27965.637449722533,103940.16255027613,131905.79999999865,14.339145559299777,True,SCEN_2011_APR_270D,80,baseline_demand,211
2011-10-29,131905.79999999865,0.0,30.0,380.0,380.0,370.0,370.0,0.0,0.0,27812.240939232262,103373.5590607664,131185.79999999868,14.260876182193574,True,SCEN_2011_APR_270D,80,baseline_demand,212
2011-10-30,131185.79999999868,0.0,30.0,380.0,380.0,370.0,370.0,0.0,0.0,27658.84442874199,102806.95557125668,130465.79999999868,14.182606805087367,True,SCEN_2011_APR_270D,80,baseline_demand,213
2011-10-31,130465.79999999868,0.0,30.0,380.0,380.0,370.0,370.0,0.0,0.0,27505.44791825172,102240.35208174695,129745.79999999868,14.104337427981159,True,SCEN_2011_APR_270D,80,baseline_demand,214
2011-11-01,129745.79999999868,0.0,30.0,380.0,380.0,370.0,370.0,0.0,0.0,27352.05140776145,101673.74859223723,129025.79999999868,14.026068050874951,True,SCEN_2011_APR_270D,80,baseline_demand,215
2011-11-02,129025.79999999868,0.08,33.6,380.0,380.0,370.0,370.0,0.0,0.0,27199.66183280765,101109.73816719103,128309.39999999868,13.948190020654275,True,SCEN_2011_APR_270D,80,baseline_demand,216
2011-11-03,128309.39999999868,1.2266666666666666,85.19999999999999,380.0,380.0,370.0,370.0,0.0,0.0,27061.705000543276,100582.8949994554,127644.59999999867,13.875921295792876,True,SCEN_2011_APR_270D,80,baseline_demand,217
2011-11-04,127644.59999999867,0.0,30.0,380.0,380.0,370.0,370.0,0.0,0.0,26908.308490053005,100016.29150994567,126924.59999999868,13.797651918686672,True,SCEN_2011_APR_270D,80,baseline_demand,218
2011-11-05,126924.59999999868,0.0,30.0,380.0,380.0,370.0,370.0,0.0,0.0,26754.911979562734,99449.68802043595,126204.59999999868,13.719382541580464,True,SCEN_2011_APR_270D,80,baseline_demand,219
2011-11-06,126204.59999999868,0.0,30.0,380.0,380.0,370.0,370.0,0.0,0.0,26601.515469072463,98883.08453092622,125484.59999999868,13.641113164474255,True,SCEN_2011_APR_270D,80,baseline_demand,220
2011-11-07,125484.59999999868,0.0,30.0,380.0,380.0,370.0,370.0,0.0,0.0,26448.118958582192,98316.4810414165,124764.5999999987,13.56284378736805,True,SCEN_2011_APR_270D,80,baseline_demand,221
2011-11-08,124764.5999999987,0.48,51.599999999999994,380.0,380.0,370.0,370.0,0.0,0.0,26300.76406131075,97765.43593868794,124066.19999999869,13.48692249157503,True,SCEN_2011_APR_270D,80,baseline_demand,222
2011-11-09,124066.19999999869,0.26666666666666666,42.0,380.0,380.0,370.0,370.0,0.0,0.0,26150.724002608717,97207.47599738996,123358.19999999867,13.409957604087255,True,SCEN_2011_APR_270D,80,baseline_demand,223
2011-11-10,123358.19999999867,0.8,66.0,380.0,380.0,370.0,370.0,0.0,0.0,26007.39684748316,96666.80315251552,122674.19999999869,13.33560169583636,True,SCEN_2011_APR_270D,80,baseline_demand,224
2011-11-11,122674.19999999869,0.0,30.0,380.0,380.0,370.0,370.0,0.0,0.0,25854.00033699289,96100.1996630058,121954.19999999869,13.257332318730153,True,SCEN_2011_APR_270D,80,baseline_demand,225
2011-11-12,121954.19999999869,0.0,30.0,380.0,380.0,370.0,370.0,0.0,0.0,25700.603826502618,95533.59617349607,121234.19999999869,13.179062941623949,True,SCEN_2011_APR_270D,80,baseline_demand,226
2011-11-13,121234.19999999869,0.0,30.0,380.0,380.0,370.0,370.0,0.0,0.0,25547.207316012347,94966.99268398635,120514.1999999987,13.10079356451774,True,SCEN_2011_APR_270D,80,baseline_demand,227
2011-11-14,120514.1999999987,0.0,30.0,380.0,380.0,370.0,370.0,0.0,0.0,25393.810805522076,94400.38919447662,119794.1999999987,13.022524187411532,True,SCEN_2011_APR_270D,80,baseline_demand,228
2011-11-15,119794.1999999987,3.786666666666667,200.4,380.0,380.0,370.0,370.0,0.0,0.0,25288.075910424785,93956.52408957391,119244.5999999987,12.962778562887129,True,SCEN_2011_APR_270D,80,baseline_demand,229
2011-11-16,119244.5999999987,0.0,30.0,380.0,380.0,370.0,370.0,0.0,0.0,25134.679399934514,93389.92060006419,118524.5999999987,12.88450918578092,True,SCEN_2011_APR_270D,80,baseline_demand,230
2011-11-17,118524.5999999987,0.0,30.0,380.0,380.0,370.0,370.0,0.0,0.0,24981.282889444243,92823.31711055446,117804.5999999987,12.806239808674713,True,SCEN_2011_APR_270D,80,baseline_demand,231
2011-11-18,117804.5999999987,0.0,30.0,380.0,380.0,370.0,370.0,0.0,0.0,24827.886378953972,92256.71362104474,117084.59999999871,12.727970431568508,True,SCEN_2011_APR_270D,80,baseline_demand,232
2011-11-19,117084.59999999871,0.0,30.0,380.0,380.0,370.0,370.0,0.0,0.0,24674.4898684637,91690.11013153501,116364.59999999871,12.6497010544623,True,SCEN_2011_APR_270D,80,baseline_demand,233
2011-11-20,116364.59999999871,0.0,30.0,380.0,380.0,370.0,370.0,0.0,0.0,24521.09335797343,91123.50664202528,115644.59999999871,12.571431677356093,True,SCEN_2011_APR_270D,80,baseline_demand,234
2011-11-21,115644.59999999871,1.28,87.6,380.0,380.0,370.0,370.0,0.0,0.0,24383.807816066703,90598.39218393201,114982.19999999872,12.499423850418385,True,SCEN_2011_APR_270D,80,baseline_demand,235
2011-11-22,114982.19999999872,0.16,37.2,380.0,380.0,370.0,370.0,0.0,0.0,24232.425176649376,90036.97482334934,114269.39999999871,12.421937167083238,True,SCEN_2011_APR_270D,80,baseline_demand,236
2011-11-23,114269.39999999871,0.0,30.0,380.0,380.0,370.0,370.0,0.0,0.0,24079.028666159105,89470.37133383962,113549.39999999873,12.343667789977033,True,SCEN_2011_APR_270D,80,baseline_demand,237
2011-11-24,113549.39999999873,0.0,30.0,380.0,380.0,370.0,370.0,0.0,0.0,23925.632155668834,88903.7678443299,112829.39999999873,12.265398412870827,True,SCEN_2011_APR_270D,80,baseline_demand,238
2011-11-25,112829.39999999873,0.0,30.0,380.0,380.0,370.0,370.0,0.0,0.0,23772.235645178564,88337.16435482017,112109.39999999873,12.187129035764618,True,SCEN_2011_APR_270D,80,baseline_demand,239
2011-11-26,112109.39999999873,7.386666666666667,362.4,380.0,380.0,370.0,370.0,0.0,0.0,23711.812849222482,88009.98715077624,111721.79999999872,12.14499402108911,True,SCEN_2011_APR_270D,80,baseline_demand,240
2011-11-27,111721.79999999872,0.0,30.0,380.0,380.0,370.0,370.0,0.0,0.0,23558.41633873221,87443.38366126652,111001.79999999874,12.066724643982903,True,SCEN_2011_APR_270D,80,baseline_demand,241
2011-11-28,111001.79999999874,0.0,30.0,380.0,380.0,370.0,370.0,0.0,0.0,23405.01982824194,86876.78017175679,110281.79999999874,11.988455266876699,True,SCEN_2011_APR_270D,80,baseline_demand,242
2011-11-29,110281.79999999874,0.0,30.0,380.0,380.0,370.0,370.0,0.0,0.0,23251.62331775167,86310.17668224707,109561.79999999874,11.91018588977049,True,SCEN_2011_APR_270D,80,baseline_demand,243
2011-11-30,109561.79999999874,0.0,30.0,380.0,380.0,370.0,370.0,0.0,0.0,23098.2268072614,85743.57319273734,108841.79999999874,11.831916512664282,True,SCEN_2011_APR_270D,80,baseline_demand,244
2011-12-01,108841.79999999874,0.13333333333333333,36.0,380.0,380.0,370.0,370.0,0.0,0.0,22946.508522665248,85181.29147733349,108127.79999999874,11.754299380367295,True,SCEN_2011_APR_270D,80,baseline_demand,245
2011-12-02,108127.79999999874,1.9466666666666665,117.6,380.0,380.0,370.0,370.0,0.0,0.0,22817.614110229115,84677.78588976963,107495.39999999874,11.685552777475676,True,SCEN_2011_APR_270D,80,baseline_demand,246
2011-12-03,107495.39999999874,0.96,73.19999999999999,380.0,380.0,370.0,370.0,0.0,0.0,22676.300826176503,84142.29917382225,106818.59999999875,11.611979562995844,True,SCEN_2011_APR_270D,80,baseline_demand,247
2011-12-04,106818.59999999875,2.3200000000000003,134.4,380.0,380.0,370.0,370.0,0.0,0.0,22552.105446243902,83650.89455375484,106202.99999999875,11.545059245570034,True,SCEN_2011_APR_270D,80,baseline_demand,248
2011-12-05,106202.99999999875,1.7066666666666668,106.80000000000001,380.0,380.0,370.0,370.0,0.0,0.0,22420.190227198353,83139.6097728004,105559.79999999875,11.475138602021822,True,SCEN_2011_APR_270D,80,baseline_demand,249
2011-12-06,105559.79999999875,0.0,30.0,380.0,380.0,370.0,370.0,0.0,0.0,22266.79371670808,82573.00628329067,104839.79999999875,11.396869224915616,True,SCEN_2011_APR_270D,80,baseline_demand,250
2011-12-07,104839.79999999875,0.0,30.0,380.0,380.0,370.0,370.0,0.0,0.0,22113.39720621781,82006.40279378094,104119.79999999875,11.31859984780941,True,SCEN_2011_APR_270D,80,baseline_demand,251
2011-12-08,104119.79999999875,0.0,30.0,380.0,380.0,370.0,370.0,0.0,0.0,21960.00069572754,81439.79930427122,103399.79999999877,11.240330470703203,True,SCEN_2011_APR_270D,80,baseline_demand,252
2011-12-09,103399.79999999877,0.0,30.0,380.0,380.0,370.0,370.0,0.0,0.0,21806.60418523727,80873.1958147615,102679.79999999877,11.162061093596996,True,SCEN_2011_APR_270D,80,baseline_demand,253
2011-12-10,102679.79999999877,8.0,390.0,380.0,380.0,370.0,370.0,0.0,0.0,21753.901228394134,80565.89877160462,102319.79999999877,11.122926405043893,True,SCEN_2011_APR_270D,80,baseline_demand,254
2011-12-11,102319.79999999877,2.026666666666667,121.2,380.0,380.0,370.0,370.0,0.0,0.0,21626.013751494473,80064.98624850428,101690.99999999875,11.054571149037804,True,SCEN_2011_APR_270D,80,baseline_demand,255
2011-12-12,101690.99999999875,1.6800000000000002,105.60000000000001,380.0,380.0,370.0,370.0,0.0,0.0,21493.762887270103,79552.83711272865,101046.59999999875,10.984520056527748,True,SCEN_2011_APR_270D,80,baseline_demand,256
2011-12-13,101046.59999999875,0.96,73.19999999999999,380.0,380.0,370.0,370.0,0.0,0.0,21352.44960321749,79017.35039678127,100369.79999999877,10.910946842047913,True,SCEN_2011_APR_270D,80,baseline_demand,257
2011-12-14,100369.79999999877,0.48,51.599999999999994,380.0,380.0,370.0,370.0,0.0,0.0,21205.09470594605,78466.30529405271,99671.39999999876,10.835025546254892,True,SCEN_2011_APR_270D,80,baseline_demand,258
2011-12-15,99671.39999999876,0.8,66.0,380.0,380.0,370.0,370.0,0.0,0.0,21061.767550820492,77925.63244917827,98987.39999999877,10.760669638003998,True,SCEN_2011_APR_270D,80,baseline_demand,259
2011-12-16,98987.39999999877,0.0,30.0,380.0,380.0,370.0,370.0,0.0,0.0,20908.37104033022,77359.02895966855,98267.39999999877,10.68240026089779,True,SCEN_2011_APR_270D,80,baseline_demand,260
2011-12-17,98267.39999999877,0.0,30.0,380.0,380.0,370.0,370.0,0.0,0.0,20754.97452983995,76792.42547015882,97547.39999999877,10.604130883791584,True,SCEN_2011_APR_270D,80,baseline_demand,261
2011-12-18,97547.39999999877,0.13333333333333333,36.0,380.0,380.0,370.0,370.0,0.0,0.0,20603.2562452438,76230.14375475497,96833.39999999877,10.526513751494594,True,SCEN_2011_APR_270D,80,baseline_demand,262
2011-12-19,96833.39999999877,2.3200000000000003,134.4,380.0,380.0,370.0,370.0,0.0,0.0,20479.0608653112,75738.73913468757,96217.79999999877,10.459593434068786,True,SCEN_2011_APR_270D,80,baseline_demand,263
2011-12-20,96217.79999999877,0.16,37.2,380.0,380.0,370.0,370.0,0.0,0.0,20327.678225893873,75177.3217741049,95504.99999999878,10.382106750733643,True,SCEN_2011_APR_270D,80,baseline_demand,264
2011-12-21,95504.99999999878,2.6400000000000006,148.8,380.0,380.0,370.0,370.0,0.0,0.0,20207.510588107158,74696.28941189162,94903.79999999877,10.316751820849959,True,SCEN_2011_APR_270D,80,baseline_demand,265
2011-12-22,94903.79999999877,7.5200000000000005,368.40000000000003,380.0,380.0,370.0,370.0,0.0,0.0,20148.766018045193,74373.43398195358,94522.19999999877,10.275269050983669,True,SCEN_2011_APR_270D,80,baseline_demand,266
2011-12-23,94522.19999999877,0.0,30.0,380.0,380.0,370.0,370.0,0.0,0.0,19995.369507554922,73806.83049244386,93802.19999999877,10.196999673877462,True,SCEN_2011_APR_270D,80,baseline_demand,267
2011-12-24,93802.19999999877,2.213333333333334,129.60000000000002,380.0,380.0,370.0,370.0,0.0,0.0,19869.831546907026,73311.96845309176,93181.79999999878,10.129557560604281,True,SCEN_2011_APR_270D,80,baseline_demand,268
2011-12-25,93181.79999999878,0.21333333333333335,39.6,380.0,380.0,370.0,370.0,0.0,0.0,19719.120197847347,72752.27980215143,92471.39999999877,10.052331775192823,True,SCEN_2011_APR_270D,80,baseline_demand,269
2011-12-26,92471.39999999877,0.21333333333333335,39.6,380.0,380.0,370.0,370.0,0.0,0.0,19568.40884878767,72192.5911512111,91760.99999999878,9.975105989781365,True,SCEN_2011_APR_270D,80,baseline_demand,270
2011-04-01,321965.0,0.0,30.0,380.0,380.0,314.5,314.5,0.0,0.0,89752.67848950972,231547.82151049023,321300.49999999994,34.92776388737905,False,SCEN_2011_APR_270D,80,conservation_15pct,1
2011-04-02,321300.49999999994,0.0,30.0,380.0,380.0,314.5,314.5,0.0,0.0,89450.35697901945,231185.6430209805,320635.99999999994,34.85552777475812,False,SCEN_2011_APR_270D,80,conservation_15pct,2
2011-04-03,320635.99999999994,0.0,30.0,380.0,380.0,314.5,314.5,0.0,0.0,89148.03546852917,230823.46453147076,319971.49999999994,34.78329166213718,False,SCEN_2011_APR_270D,80,conservation_15pct,3
2011-04-04,319971.49999999994,0.0,30.0,380.0,380.0,314.5,314.5,0.0,0.0,88845.71395803889,230461.28604196102,319306.9999999999,34.71105554951624,False,SCEN_2011_APR_270D,80,conservation_15pct,4
2011-04-05,319306.9999999999,0.0,30.0,380.0,380.0,314.5,314.5,0.0,0.0,88543.39244754861,230099.10755245129,318642.4999999999,34.638819436895304,False,SCEN_2011_APR_270D,80,conservation_15pct,5
2011-04-06,318642.4999999999,0.0,30.0,380.0,380.0,314.5,314.5,0.0,0.0,88241.07093705834,229736.92906294155,317977.9999999999,34.56658332427436,False,SCEN_2011_APR_270D,80,conservation_15pct,6
2011-04-07,317977.9999999999,0.0,30.0,380.0,380.0,314.5,314.5,0.0,0.0,87938.74942656806,229374.7505734318,317313.4999999999,34.49434721165343,False,SCEN_2011_APR_270D,80,conservation_15pct,7
2011-04-08,317313.4999999999,0.0,30.0,380.0,380.0,314.5,314.5,0.0,0.0,87636.42791607778,229012.57208392207,316648.9999999999,34.42211109903249,False,SCEN_2011_APR_270D,80,conservation_15pct,8
2011-04-09,316648.9999999999,0.0,30.0,380.0,380.0,314.5,314.5,0.0,0.0,87334.1064055875,228650.39359441234,315984.4999999998,34.34987498641155,False,SCEN_2011_APR_270D,80,conservation_15pct,9
2011-04-10,315984.4999999998,0.0,30.0,380.0,380.0,314.5,314.5,0.0,0.0,87031.78489509723,228288.2151049026,315319.9999999998,34.277638873790615,False,SCEN_2011_APR_270D,80,conservation_15pct,10
2011-04-11,315319.9999999998,0.4266666666666667,49.2,380.0,380.0,314.5,314.5,0.0,0.0,86734.83370746813,227939.8662925317,314674.69999999984,34.20748994455917,False,SCEN_2011_APR_270D,80,conservation_15pct,11
2011-04-12,314674.69999999984,0.0,30.0,380.0,380.0,314.5,314.5,0.0,0.0,86432.51219697786,227577.68780302195,314010.19999999984,34.135253831938236,False,SCEN_2011_APR_270D,80,conservation_15pct,12
2011-04-13,314010.19999999984,0.0,30.0,380.0,380.0,314.5,314.5,0.0,0.0,86130.19068648758,227215.50931351222,313345.6999999998,34.063017719317294,False,SCEN_2011_APR_270D,80,conservation_15pct,13
2011-04-14,313345.6999999998,0.0,30.0,380.0,380.0,314.5,314.5,0.0,0.0,85827.8691759973,226853.33082400248,312681.1999999998,33.99078160669636,False,SCEN_2011_APR_270D,80,conservation_15pct,14
2011-04-15,312681.1999999998,0.0,30.0,380.0,380.0,314.5,314.5,0.0,0.0,85525.54766550702,226491.15233449274,312016.6999999998,33.91854549407542,False,SCEN_2011_APR_270D,80,conservation_15pct,15
2011-04-16,312016.6999999998,0.0,30.0,380.0,380.0,314.5,314.5,0.0,0.0,85223.22615501675,226128.973844983,311352.1999999997,33.846309381454475,False,SCEN_2011_APR_270D,80,conservation_15pct,16
2011-04-17,311352.1999999997,0.0,30.0,380.0,380.0,314.5,314.5,0.0,0.0,84920.90464452647,225766.79535547327,310687.6999999997,33.77407326883354,False,SCEN_2011_APR_270D,80,conservation_15pct,17
2011-04-18,310687.6999999997,0.0,30.0,380.0,380.0,314.5,314.5,0.0,0.0,84618.58313403619,225404.61686596353,310023.1999999997,33.7018371562126,False,SCEN_2011_APR_270D,80,conservation_15pct,18
2011-04-19,310023.1999999997,0.0,30.0,380.0,380.0,314.5,314.5,0.0,0.0,84316.26162354591,225042.4383764538,309358.6999999997,33.62960104359167,False,SCEN_2011_APR_270D,80,conservation_15pct,19
2011-04-20,309358.6999999997,0.0,30.0,380.0,380.0,314.5,314.5,0.0,0.0,84013.94011305564,224680.25988694406,308694.1999999997,33.55736493097073,False,SCEN_2011_APR_270D,80,conservation_15pct,20
2011-04-21,308694.1999999997,0.0,30.0,380.0,380.0,314.5,314.5,0.0,0.0,83711.61860256536,224318.08139743432,308029.69999999966,33.485128818349786,False,SCEN_2011_APR_270D,80,conservation_15pct,21
2011-04-22,308029.69999999966,0.0,30.0,380.0,380.0,314.5,314.5,0.0,0.0,83409.29709207508,223955.90290792458,307365.19999999966,33.41289270572885,False,SCEN_2011_APR_270D,80,conservation_15pct,22
2011-04-23,307365.19999999966,0.0,30.0,380.0,380.0,314.5,314.5,0.0,0.0,83106.9755815848,223593.72441841484,306700.69999999966,33.34065659310791,False,SCEN_2011_APR_270D,80,conservation_15pct,23
2011-04-24,306700.69999999966,0.0,30.0,380.0,380.0,314.5,314.5,0.0,0.0,82804.65407109453,223231.5459289051,306036.1999999996,33.26842048048697,False,SCEN_2011_APR_270D,80,conservation_15pct,24
2011-04-25,306036.1999999996,0.08,33.6,380.0,380.0,314.5,314.5,0.0,0.0,82503.33949614072,222871.96050385892,305375.29999999964,33.19657571475156,False,SCEN_2011_APR_270D,80,conservation_15pct,25
2011-04-26,305375.29999999964,0.0,30.0,380.0,380.0,314.5,314.5,0.0,0.0,82201.01798565044,222509.78201434918,304710.79999999964,33.124339602130625,False,SCEN_2011_APR_270D,80,conservation_15pct,26
2011-04-27,304710.79999999964,0.0,30.0,380.0,380.0,314.5,314.5,0.0,0.0,81898.69647516016,222147.60352483945,304046.2999999996,33.05210348950968,False,SCEN_2011_APR_270D,80,conservation_15pct,27
2011-04-28,304046.2999999996,0.0,30.0,380.0,380.0,314.5,314.5,0.0,0.0,81596.37496466989,221785.4250353297,303381.7999999996,32.97986737688874,False,SCEN_2011_APR_270D,80,conservation_15pct,28
2011-04-29,303381.7999999996,0.0,30.0,380.0,380.0,314.5,314.5,0.0,0.0,81294.05345417961,221423.24654581997,302717.2999999996,32.90763126426781,False,SCEN_2011_APR_270D,80,conservation_15pct,29
2011-04-30,302717.2999999996,0.0,30.0,380.0,380.0,314.5,314.5,0.0,0.0,80991.73194368933,221061.06805631024,302052.7999999996,32.83539515164687,False,SCEN_2011_APR_270D,80,conservation_15pct,30
2011-05-01,302052.7999999996,0.0,30.0,380.0,380.0,314.5,314.5,0.0,0.0,80689.41043319905,220698.8895668005,301388.2999999996,32.763159039025936,False,SCEN_2011_APR_270D,80,conservation_15pct,31
2011-05-02,301388.2999999996,0.8266666666666668,67.2,380.0,380.0,314.5,314.5,0.0,0.0,80397.49392325232,220363.50607674723,300760.99999999953,32.694966844222144,False,SCEN_2011_APR_270D,80,conservation_15pct,32
2011-05-03,300760.99999999953,0.0,30.0,380.0,380.0,314.5,314.5,0.0,0.0,80095.17241276204,220001.3275872375,300096.49999999953,32.622730731601216,False,SCEN_2011_APR_270D,80,conservation_15pct,33
2011-05-04,300096.49999999953,0.0,30.0,380.0,380.0,314.5,314.5,0.0,0.0,79792.85090227176,219639.14909772776,299431.99999999953,32.550494618980274,False,SCEN_2011_APR_270D,80,conservation_15pct,34
2011-05-05,299431.99999999953,0.0,30.0,380.0,380.0,314.5,314.5,0.0,0.0,79490.52939178149,219276.97060821802,298767.49999999953,32.47825850635934,False,SCEN_2011_APR_270D,80,conservation_15pct,35
2011-05-06,298767.49999999953,0.0,30.0,380.0,380.0,314.5,314.5,0.0,0.0,79188.20788129121,218914.79211870828,298102.9999999995,32.40602239373839,False,SCEN_2011_APR_270D,80,conservation_15pct,36
2011-05-07,298102.9999999995,0.0,30.0,380.0,380.0,314.5,314.5,0.0,0.0,78885.88637080093,218552.61362919855,297438.4999999995,32.333786281117455,False,SCEN_2011_APR_270D,80,conservation_15pct,37
2011-05-08,297438.4999999995,0.0,30.0,380.0,380.0,314.5,314.5,0.0,0.0,78583.56486031065,218190.4351396888,296773.9999999995,32.26155016849652,False,SCEN_2011_APR_270D,80,conservation_15pct,38
2011-05-09,296773.9999999995,0.0,30.0,380.0,380.0,314.5,314.5,0.0,0.0,78281.24334982038,217828.25665017907,296109.4999999994,32.18931405587557,False,SCEN_2011_APR_270D,80,conservation_15pct,39
2011-05-10,296109.4999999994,0.0,30.0,380.0,380.0,314.5,314.5,0.0,0.0,77978.9218393301,217466.07816066933,295444.9999999994,32.11707794325464,False,SCEN_2011_APR_270D,80,conservation_15pct,40
2011-05-11,295444.9999999994,0.0,30.0,380.0,380.0,314.5,314.5,0.0,0.0,77676.60032883982,217103.8996711596,294780.4999999994,32.0448418306337,False,SCEN_2011_APR_270D,80,conservation_15pct,41
2011-05-12,294780.4999999994,26.480000000000004,1221.6000000000001,380.0,380.0,314.5,314.5,0.0,0.0,77707.57448092157,217600.02551907784,295307.5999999994,32.102141537123536,False,SCEN_2011_APR_270D,80,conservation_15pct,42
2011-05-13,295307.5999999994,0.0,30.0,380.0,380.0,314.5,314.5,0.0,0.0,77405.25297043129,217237.8470295681,294643.0999999994,32.029905424502594,False,SCEN_2011_APR_270D,80,conservation_15pct,43
2011-05-14,294643.0999999994,0.0,30.0,380.0,380.0,314.5,314.5,0.0,0.0,77102.93145994101,216875.66854005837,293978.5999999994,31.95766931188166,False,SCEN_2011_APR_270D,80,conservation_15pct,44
2011-05-15,293978.5999999994,0.0,30.0,380.0,380.0,314.5,314.5,0.0,0.0,76800.60994945074,216513.49005054863,293314.0999999994,31.88543319926072,False,SCEN_2011_APR_270D,80,conservation_15pct,45
2011-05-16,293314.0999999994,0.0,30.0,380.0,380.0,314.5,314.5,0.0,0.0,76498.28843896046,216151.3115610389,292649.59999999934,31.81319708663978,False,SCEN_2011_APR_270D,80,conservation_15pct,46
2011-05-17,292649.59999999934,0.0,30.0,380.0,380.0,314.5,314.5,0.0,0.0,76195.96692847018,215789.13307152916,291985.09999999934,31.740960974018844,False,SCEN_2011_APR_270D,80,conservation_15pct,47
2011-05-18,291985.09999999934,0.0,30.0,380.0,380.0,314.5,314.5,0.0,0.0,75893.6454179799,215426.95458201942,291320.59999999934,31.668724861397905,False,SCEN_2011_APR_270D,80,conservation_15pct,48
2011-05-19,291320.59999999934,0.0,30.0,380.0,380.0,314.5,314.5,0.0,0.0,75591.32390748963,215064.77609250968,290656.0999999993,31.596488748776963,False,SCEN_2011_APR_270D,80,conservation_15pct,49
2011-05-20,290656.0999999993,0.0,30.0,380.0,380.0,314.5,314.5,0.0,0.0,75289.00239699935,214702.59760299994,289991.5999999993,31.524252636156024,False,SCEN_2011_APR_270D,80,conservation_15pct,50
2011-05-21,289991.5999999993,0.0,30.0,380.0,380.0,314.5,314.5,0.0,0.0,74986.68088650907,214340.4191134902,289327.0999999993,31.452016523535086,False,SCEN_2011_APR_270D,80,conservation_15pct,51
2011-05-22,289327.0999999993,0.0,30.0,380.0,380.0,314.5,314.5,0.0,0.0,74684.3593760188,213978.24062398047,288662.5999999993,31.379780410914147,False,SCEN_2011_APR_270D,80,conservation_15pct,52
2011-05-23,288662.5999999993,0.0,30.0,380.0,380.0,314.5,314.5,0.0,0.0,74382.03786552852,213616.06213447073,287998.0999999993,31.307544298293216,False,SCEN_2011_APR_270D,80,conservation_15pct,53
2011-05-24,287998.0999999993,0.0,30.0,380.0,380.0,314.5,314.5,0.0,0.0,74079.71635503824,213253.883644961,287333.5999999992,31.235308185672274,False,SCEN_2011_APR_270D,80,conservation_15pct,54
2011-05-25,287333.5999999992,0.0,30.0,380.0,380.0,314.5,314.5,0.0,0.0,73777.39484454796,212891.70515545126,286669.0999999992,31.163072073051335,False,SCEN_2011_APR_270D,80,conservation_15pct,55
2011-05-26,286669.0999999992,2.2933333333333334,133.2,380.0,380.0,314.5,314.5,0.0,0.0,73503.93881943653,212603.86118056267,286107.79999999923,31.102054571148958,False,SCEN_2011_APR_270D,80,conservation_15pct,56
2011-05-27,286107.79999999923,0.0,30.0,380.0,380.0,314.5,314.5,0.0,0.0,73201.61730894625,212241.68269105293,285443.2999999992,31.029818458528013,False,SCEN_2011_APR_270D,80,conservation_15pct,57
2011-05-28,285443.2999999992,0.0,30.0,380.0,380.0,314.5,314.5,0.0,0.0,72899.29579845598,211879.5042015432,284778.7999999992,30.957582345907074,False,SCEN_2011_APR_270D,80,conservation_15pct,58
2011-05-29,284778.7999999992,0.0,30.0,380.0,380.0,314.5,314.5,0.0,0.0,72596.9742879657,211517.32571203346,284114.2999999992,30.885346233286135,False,SCEN_2011_APR_270D,80,conservation_15pct,59
2011-05-30,284114.2999999992,0.0,30.0,380.0,380.0,314.5,314.5,0.0,0.0,72294.65277747542,211155.14722252372,283449.7999999991,30.813110120665193,False,SCEN_2011_APR_270D,80,conservation_15pct,60
2011-05-31,283449.7999999991,0.0,30.0,380.0,380.0,314.5,314.5,0.0,0.0,71992.33126698514,210792.968733014,282785.2999999991,30.740874008044255,False,SCEN_2011_APR_270D,80,conservation_15pct,61
2011-06-01,282785.2999999991,0.0,30.0,750.0,750.0,314.5,314.5,0.0,0.0,71586.51915969087,210164.28084030823,281750.7999999991,30.628416132188185,False,SCEN_2011_APR_270D,80,conservation_15pct,62
2011-06-02,281750.7999999991,0.0,30.0,750.0,750.0,314.5,314.5,0.0,0.0,71180.7070523966,209535.59294760248,280716.29999999906,30.51595825633211,False,SCEN_2011_APR_270D,80,conservation_15pct,63
2011-06-03,280716.29999999906,0.0,30.0,750.0,750.0,314.5,314.5,0.0,0.0,70774.89494510232,208906.90505489672,279681.79999999906,30.403500380476032,False,SCEN_2011_APR_270D,80,conservation_15pct,64
2011-06-04,279681.79999999906,0.0,30.0,750.0,750.0,314.5,314.5,0.0,0.0,70369.08283780805,208278.21716219097,278647.299999999,30.29104250461996,False,SCEN_2011_APR_270D,80,conservation_15pct,65
2011-06-05,278647.299999999,0.0,30.0,750.0,750.0,314.5,314.5,0.0,0.0,69963.27073051377,207649.5292694852,277612.799999999,30.17858462876389,False,SCEN_2011_APR_270D,80,conservation_15pct,66
2011-06-06,277612.799999999,0.0,30.0,750.0,750.0,314.5,314.5,0.0,0.0,69557.4586232195,207020.84137677946,276578.29999999894,30.066126752907806,False,SCEN_2011_APR_270D,80,conservation_15pct,67
2011-06-07,276578.29999999894,0.0,30.0,750.0,750.0,314.5,314.5,0.0,0.0,69151.64651592523,206392.1534840737,275543.79999999894,29.953668877051737,False,SCEN_2011_APR_270D,80,conservation_15pct,68
2011-06-08,275543.79999999894,0.0,30.0,750.0,750.0,314.5,314.5,0.0,0.0,68745.83440863095,205763.46559136795,274509.2999999989,29.84121100119566,False,SCEN_2011_APR_270D,80,conservation_15pct,69
2011-06-09,274509.2999999989,0.0,30.0,750.0,750.0,314.5,314.5,0.0,0.0,68340.02230133668,205134.7776986622,273474.7999999989,29.72875312533959,False,SCEN_2011_APR_270D,80,conservation_15pct,70
2011-06-10,273474.7999999989,0.0,30.0,750.0,750.0,314.5,314.5,0.0,0.0,67934.2101940424,204506.08980595644,272440.2999999988,29.61629524948351,False,SCEN_2011_APR_270D,80,conservation_15pct,71
2011-06-11,272440.2999999988,0.0,30.0,750.0,750.0,314.5,314.5,0.0,0.0,67528.39808674813,203877.40191325068,271405.7999999988,29.50383737362744,False,SCEN_2011_APR_270D,80,conservation_15pct,72
2011-06-12,271405.7999999988,0.0,30.0,750.0,750.0,314.5,314.5,0.0,0.0,67122.58597945386,203248.71402054493,270371.29999999877,29.391379497771364,False,SCEN_2011_APR_270D,80,conservation_15pct,73
2011-06-13,270371.29999999877,0.0,30.0,750.0,750.0,314.5,314.5,0.0,0.0,66716.77387215958,202620.02612783917,269336.79999999877,29.278921621915295,False,SCEN_2011_APR_270D,80,conservation_15pct,74
2011-06-14,269336.79999999877,0.0,30.0,750.0,750.0,314.5,314.5,0.0,0.0,66310.96176486531,201991.33823513341,268302.2999999987,29.16646374605921,False,SCEN_2011_APR_270D,80,conservation_15pct,75
2011-06-15,268302.2999999987,0.0,30.0,750.0,750.0,314.5,314.5,0.0,0.0,65905.14965757103,201362.65034242766,267267.7999999987,29.05400587020314,False,SCEN_2011_APR_270D,80,conservation_15pct,76
2011-06-16,267267.7999999987,0.0,30.0,750.0,750.0,314.5,314.5,0.0,0.0,65499.33755027676,200733.9624497219,266233.29999999865,28.941547994347065,False,SCEN_2011_APR_270D,80,conservation_15pct,77
2011-06-17,266233.29999999865,0.0,30.0,750.0,750.0,314.5,314.5,0.0,0.0,65093.525442982485,200105.27455701615,265198.79999999865,28.829090118490992,False,SCEN_2011_APR_270D,80,conservation_15pct,78
2011-06-18,265198.79999999865,0.0,30.0,750.0,750.0,314.5,314.5,0.0,0.0,64687.71333568821,199476.5866643104,264164.2999999986,28.716632242634915,False,SCEN_2011_APR_270D,80,conservation_15pct,79
2011-06-19,264164.2999999986,0.0,30.0,750.0,750.0,314.5,314.5,0.0,0.0,64281.90122839394,198847.89877160464,263129.7999999986,28.604174366778846,False,SCEN_2011_APR_270D,80,conservation_15pct,80
2011-06-20,263129.7999999986,0.0,30.0,750.0,750.0,314.5,314.5,0.0,0.0,63876.08912109966,198219.21087889888,262095.29999999853,28.49171649092277,False,SCEN_2011_APR_270D,80,conservation_15pct,81
2011-06-21,262095.29999999853,0.0,30.0,750.0,750.0,314.5,314.5,0.0,0.0,63470.27701380539,197590.52298619313,261060.79999999853,28.379258615066693,False,SCEN_2011_APR_270D,80,conservation_15pct,82
2011-06-22,261060.79999999853,18.42666666666667,859.2000000000002,750.0,750.0,314.5,314.5,0.0,0.0,63296.39572507835,197559.10427492016,260855.49999999852,28.3569409718446,False,SCEN_2011_APR_270D,80,conservation_15pct,83
2011-06-23,260855.49999999852,4.666666666666667,240.0,750.0,750.0,314.5,314.5,0.0,0.0,62949.32152407824,197081.67847592026,260030.9999999985,28.267311664311173,False,SCEN_2011_APR_270D,80,conservation_15pct,84
2011-06-24,260030.9999999985,0.3466666666666667,45.6,750.0,750.0,314.5,314.5,0.0,0.0,62547.87280410867,196464.2271958898,259012.09999999846,28.156549624959066,False,SCEN_2011_APR_270D,80,conservation_15pct,85
2011-06-25,259012.09999999846,0.21333333333333335,39.6,750.0,750.0,314.5,314.5,0.0,0.0,62144.74585824498,195842.45414175346,257987.19999999844,28.045135340797746,False,SCEN_2011_APR_270D,80,conservation_15pct,86
2011-06-26,257987.19999999844,0.0,30.0,750.0,750.0,314.5,314.5,0.0,0.0,61738.93375095071,195213.7662490477,256952.6999999984,27.93267746494167,False,SCEN_2011_APR_270D,80,conservation_15pct,87
2011-06-27,256952.6999999984,0.0,30.0,750.0,750.0,314.5,314.5,0.0,0.0,61333.121643656435,194585.07835634195,255918.19999999838,27.820219589085593,False,SCEN_2011_APR_270D,80,conservation_15pct,88
2011-06-28,255918.19999999838,0.0,30.0,750.0,750.0,314.5,314.5,0.0,0.0,60927.30953636216,193956.3904636362,254883.69999999835,27.707761713229516,False,SCEN_2011_APR_270D,80,conservation_15pct,89
2011-06-29,254883.69999999835,0.0,30.0,750.0,750.0,314.5,314.5,0.0,0.0,60521.49742906789,193327.70257093044,253849.19999999832,27.595303837373446,False,SCEN_2011_APR_270D,80,conservation_15pct,90
2011-06-30,253849.19999999832,0.6666666666666667,60.0,750.0,750.0,314.5,314.5,0.0,0.0,60124.076451244204,192720.6235487541,252844.69999999832,27.48610718556347,False,SCEN_2011_APR_270D,80,conservation_15pct,91
2011-07-01,252844.69999999832,0.5333333333333333,54.0,750.0,750.0,314.5,314.5,0.0,0.0,59724.9772475264,192109.2227524719,251834.1999999983,27.376258288944268,False,SCEN_2011_APR_270D,80,conservation_15pct,92
2011-07-02,251834.1999999983,0.0,30.0,750.0,750.0,314.5,314.5,0.0,0.0,59319.16514023213,191480.53485976614,250799.69999999827,27.26380041308819,False,SCEN_2011_APR_270D,80,conservation_15pct,93
2011-07-03,250799.69999999827,0.96,73.19999999999999,750.0,750.0,314.5,314.5,0.0,0.0,58925.43625937551,190882.96374062274,249808.39999999825,27.15603869985849,False,SCEN_2011_APR_270D,80,conservation_15pct,94
2011-07-04,249808.39999999825,0.0,30.0,750.0,750.0,314.5,314.5,0.0,0.0,58519.62415208123,190254.275847917,248773.89999999822,27.043580824002415,False,SCEN_2011_APR_270D,80,conservation_15pct,95
2011-07-05,248773.89999999822,0.0,30.0,750.0,750.0,314.5,314.5,0.0,0.0,58113.81204478696,189625.58795521123,247739.3999999982,26.931122948146342,False,SCEN_2011_APR_270D,80,conservation_15pct,96
2011-07-06,247739.3999999982,0.0,30.0,750.0,750.0,314.5,314.5,0.0,0.0,57707.999937492685,188996.90006250548,246704.89999999816,26.818665072290266,False,SCEN_2011_APR_270D,80,conservation_15pct,97
2011-07-07,246704.89999999816,0.0,30.0,750.0,750.0,314.5,314.5,0.0,0.0,57302.18783019841,188368.21216979972,245670.39999999813,26.70620719643419,False,SCEN_2011_APR_270D,80,conservation_15pct,98
2011-07-08,245670.39999999813,0.0,30.0,750.0,750.0,314.5,314.5,0.0,0.0,56896.37572290414,187739.52427709397,244635.8999999981,26.59374932057812,False,SCEN_2011_APR_270D,80,conservation_15pct,99
2011-07-09,244635.8999999981,0.0,30.0,750.0,750.0,314.5,314.5,0.0,0.0,56490.56361560986,187110.8363843882,243601.39999999807,26.481291444722043,False,SCEN_2011_APR_270D,80,conservation_15pct,100
2011-07-10,243601.39999999807,0.08,33.6,750.0,750.0,314.5,314.5,0.0,0.0,56085.75844385206,186484.741556146,242570.49999999808,26.369224915751506,False,SCEN_2011_APR_270D,80,conservation_15pct,101
2011-07-11,242570.49999999808,0.0,30.0,750.0,750.0,314.5,314.5,0.0,0.0,55679.94633655778,185856.05366344025,241535.99999999802,26.256767039895422,False,SCEN_2011_APR_270D,80,conservation_15pct,102
2011-07-12,241535.99999999802,0.0,30.0,750.0,750.0,314.5,314.5,0.0,0.0,55274.13422926351,185227.3657707345,240501.49999999802,26.144309164039353,False,SCEN_2011_APR_270D,80,conservation_15pct,103
2011-07-13,240501.49999999802,0.0,30.0,750.0,750.0,314.5,314.5,0.0,0.0,54868.322121969235,184598.67787802874,239466.99999999796,26.031851288183276,False,SCEN_2011_APR_270D,80,conservation_15pct,104
2011-07-14,239466.99999999796,0.0,30.0,750.0,750.0,314.5,314.5,0.0,0.0,54462.51001467496,183969.989985323,238432.49999999796,25.919393412327207,False,SCEN_2011_APR_270D,80,conservation_15pct,105
2011-07-15,238432.49999999796,0.0,30.0,750.0,750.0,314.5,314.5,0.0,0.0,54056.69790738069,183341.30209261723,237397.9999999979,25.806935536471126,False,SCEN_2011_APR_270D,80,conservation_15pct,106
2011-07-16,237397.9999999979,0.0,30.0,750.0,750.0,314.5,314.5,0.0,0.0,53650.88580008641,182712.61419991148,236363.4999999979,25.694477660615057,False,SCEN_2011_APR_270D,80,conservation_15pct,107
2011-07-17,236363.4999999979,0.0,30.0,750.0,750.0,314.5,314.5,0.0,0.0,53245.07369279214,182083.92630720572,235328.99999999785,25.58201978475898,False,SCEN_2011_APR_270D,80,conservation_15pct,108
2011-07-18,235328.99999999785,0.0,30.0,750.0,750.0,314.5,314.5,0.0,0.0,52839.261585497865,181455.23841449997,234294.49999999785,25.46956190890291,False,SCEN_2011_APR_270D,80,conservation_15pct,109
2011-07-19,234294.49999999785,5.760000000000001,289.20000000000005,750.0,750.0,314.5,314.5,0.0,0.0,52505.94883682953,181013.2511631683,233519.1999999978,25.385281008805066,False,SCEN_2011_APR_270D,80,conservation_15pct,110
2011-07-20,233519.1999999978,0.0,30.0,750.0,750.0,314.5,314.5,0.0,0.0,52100.136729535254,180384.56327046253,232484.6999999978,25.272823132948997,False,SCEN_2011_APR_270D,80,conservation_15pct,111
2011-07-21,232484.6999999978,0.0,30.0,750.0,750.0,314.5,314.5,0.0,0.0,51694.32462224098,179755.87537775678,231450.19999999774,25.160365257092916,False,SCEN_2011_APR_270D,80,conservation_15pct,112
2011-07-22,231450.19999999774,0.0,30.0,750.0,750.0,314.5,314.5,0.0,0.0,51288.512514946706,179127.18748505102,230415.69999999774,25.047907381236843,False,SCEN_2011_APR_270D,80,conservation_15pct,113
2011-07-23,230415.69999999774,0.0,30.0,750.0,750.0,314.5,314.5,0.0,0.0,51039.95040765243,178341.24959234527,229381.19999999768,24.93544950538077,False,SCEN_2011_APR_270D,80,conservation_15pct,114
2011-07-24,229381.19999999768,0.0,30.0,750.0,750.0,314.5,314.5,0.0,0.0,50791.38830035816,177555.3116996395,228346.69999999768,24.822991629524697,False,SCEN_2011_APR_270D,80,conservation_15pct,115
2011-07-25,228346.69999999768,0.0,30.0,750.0,750.0,314.5,314.5,0.0,0.0,50542.826193063884,176769.37380693376,227312.19999999763,24.710533753668617,False,SCEN_2011_APR_270D,80,conservation_15pct,116
2011-07-26,227312.19999999763,0.0,30.0,750.0,750.0,314.5,314.5,0.0,0.0,50294.26408576961,175983.435914228,226277.69999999763,24.598075877812548,False,SCEN_2011_APR_270D,80,conservation_15pct,117
2011-07-27,226277.69999999763,0.0,30.0,750.0,750.0,314.5,314.5,0.0,0.0,50045.701978475336,175197.49802152225,225243.19999999757,24.485618001956468,False,SCEN_2011_APR_270D,80,conservation_15pct,118
2011-07-28,225243.19999999757,0.0,30.0,750.0,750.0,314.5,314.5,0.0,0.0,49797.13987118106,174411.5601288165,224208.69999999757,24.373160126100398,False,SCEN_2011_APR_270D,80,conservation_15pct,119
2011-07-29,224208.69999999757,2.9066666666666667,160.8,750.0,750.0,314.5,314.5,0.0,0.0,49585.16308837858,173719.83691161894,223304.99999999753,24.274921187085283,False,SCEN_2011_APR_270D,80,conservation_15pct,120
2011-07-30,223304.99999999753,0.26666666666666666,42.0,750.0,750.0,314.5,314.5,0.0,0.0,49339.957432872536,172942.54256712497,222282.4999999975,24.163767800847648,False,SCEN_2011_APR_270D,80,conservation_15pct,121
2011-07-31,222282.4999999975,0.0,30.0,750.0,750.0,314.5,314.5,0.0,0.0,49091.39532557826,172156.6046744192,221247.99999999747,24.05130992499157,False,SCEN_2011_APR_270D,80,conservation_15pct,122
2011-08-01,221247.99999999747,0.0,30.0,750.0,750.0,314.5,314.5,0.0,0.0,48842.83321828399,171370.66678171346,220213.49999999744,23.938852049135498,False,SCEN_2011_APR_270D,80,conservation_15pct,123
2011-08-02,220213.49999999744,0.0,30.0,750.0,750.0,314.5,314.5,0.0,0.0,48594.27111098971,170584.7288890077,219178.9999999974,23.82639417327942,False,SCEN_2011_APR_270D,80,conservation_15pct,124
2011-08-03,219178.9999999974,0.0,30.0,750.0,750.0,314.5,314.5,0.0,0.0,48345.70900369544,169798.79099630195,218144.49999999738,23.71393629742335,False,SCEN_2011_APR_270D,80,conservation_15pct,125
2011-08-04,218144.49999999738,0.0,30.0,750.0,750.0,314.5,314.5,0.0,0.0,48097.146896401166,169012.8531035962,217109.99999999735,23.601478421567272,False,SCEN_2011_APR_270D,80,conservation_15pct,126
2011-08-05,217109.99999999735,0.0,30.0,750.0,750.0,314.5,314.5,0.0,0.0,47848.58478910689,168226.91521089044,216075.49999999732,23.4890205457112,False,SCEN_2011_APR_270D,80,conservation_15pct,127
2011-08-06,216075.49999999732,0.0,30.0,750.0,750.0,314.5,314.5,0.0,0.0,47600.02268181262,167440.97731818468,215040.9999999973,23.376562669855126,False,SCEN_2011_APR_270D,80,conservation_15pct,128
2011-08-07,215040.9999999973,0.0,30.0,750.0,750.0,314.5,314.5,0.0,0.0,47351.46057451834,166655.03942547893,214006.49999999726,23.26410479399905,False,SCEN_2011_APR_270D,80,conservation_15pct,129
2011-08-08,214006.49999999726,0.0,30.0,750.0,750.0,314.5,314.5,0.0,0.0,47102.89846722407,165869.10153277317,212971.99999999724,23.151646918142976,False,SCEN_2011_APR_270D,80,conservation_15pct,130
2011-08-09,212971.99999999724,0.0,30.0,750.0,750.0,314.5,314.5,0.0,0.0,46854.336359929795,165083.16364006742,211937.4999999972,23.0391890422869,False,SCEN_2011_APR_270D,80,conservation_15pct,131
2011-08-10,211937.4999999972,0.0,30.0,750.0,750.0,314.5,314.5,0.0,0.0,46605.77425263552,164297.22574736166,210902.99999999718,22.926731166430827,False,SCEN_2011_APR_270D,80,conservation_15pct,132
2011-08-11,210902.99999999718,0.0,30.0,750.0,750.0,314.5,314.5,0.0,0.0,46357.21214534125,163511.2878546559,209868.49999999715,22.814273290574754,False,SCEN_2011_APR_270D,80,conservation_15pct,133
2011-08-12,209868.49999999715,0.0,30.0,750.0,750.0,314.5,314.5,0.0,0.0,46108.65003804697,162725.34996195015,208833.99999999712,22.70181541471868,False,SCEN_2011_APR_270D,80,conservation_15pct,134
2011-08-13,208833.99999999712,0.0,30.0,750.0,750.0,314.5,314.5,0.0,0.0,45860.0879307527,161939.4120692444,207799.4999999971,22.589357538862604,False,SCEN_2011_APR_270D,80,conservation_15pct,135
2011-08-14,207799.4999999971,0.0,30.0,750.0,750.0,314.5,314.5,0.0,0.0,45611.525823458425,161153.47417653864,206764.99999999706,22.476899663006527,False,SCEN_2011_APR_270D,80,conservation_15pct,136
2011-08-15,206764.99999999706,0.0,30.0,750.0,750.0,314.5,314.5,0.0,0.0,45362.96371616415,160367.5362838329,205730.49999999703,22.364441787150454,False,SCEN_2011_APR_270D,80,conservation_15pct,137
2011-08-16,205730.49999999703,0.0,30.0,750.0,750.0,314.5,314.5,0.0,0.0,45114.40160886988,159581.59839112713,204695.999999997,22.251983911294378,False,SCEN_2011_APR_270D,80,conservation_15pct,138
2011-08-17,204695.999999997,0.0,30.0,750.0,750.0,314.5,314.5,0.0,0.0,44865.8395015756,158795.66049842138,203661.49999999697,22.139526035438305,False,SCEN_2011_APR_270D,80,conservation_15pct,139
2011-08-18,203661.49999999697,0.0,30.0,750.0,750.0,314.5,314.5,0.0,0.0,44617.27739428133,158009.72260571562,202626.99999999694,22.02706815958223,False,SCEN_2011_APR_270D,80,conservation_15pct,140
2011-08-19,202626.99999999694,0.0,30.0,750.0,750.0,314.5,314.5,0.0,0.0,44368.715286987055,157223.78471300987,201592.49999999691,21.91461028372616,False,SCEN_2011_APR_270D,80,conservation_15pct,141
2011-08-20,201592.49999999691,0.0,30.0,750.0,750.0,314.5,314.5,0.0,0.0,44120.15317969278,156437.8468203041,200557.9999999969,21.802152407870082,False,SCEN_2011_APR_270D,80,conservation_15pct,142
2011-08-21,200557.9999999969,0.0,30.0,750.0,750.0,314.5,314.5,0.0,0.0,43871.59107239851,155651.90892759836,199523.49999999686,21.68969453201401,False,SCEN_2011_APR_270D,80,conservation_15pct,143
2011-08-22,199523.49999999686,0.0,30.0,750.0,750.0,314.5,314.5,0.0,0.0,43623.02896510423,154865.9710348926,198488.99999999683,21.577236656157933,False,SCEN_2011_APR_270D,80,conservation_15pct,144
2011-08-23,198488.99999999683,0.0,30.0,750.0,750.0,314.5,314.5,0.0,0.0,43374.46685780996,154080.03314218685,197454.4999999968,21.464778780301856,False,SCEN_2011_APR_270D,80,conservation_15pct,145
2011-08-24,197454.4999999968,0.0,30.0,750.0,750.0,314.5,314.5,0.0,0.0,43125.904750515685,153294.0952494811,196419.99999999677,21.352320904445783,False,SCEN_2011_APR_270D,80,conservation_15pct,146
2011-08-25,196419.99999999677,5.946666666666666,297.59999999999997,750.0,750.0,314.5,314.5,0.0,0.0,42952.19151809911,152700.90848189764,195653.09999999675,21.26895314708085,False,SCEN_2011_APR_270D,80,conservation_15pct,147
2011-08-26,195653.09999999675,0.0,30.0,750.0,750.0,314.5,314.5,0.0,0.0,42703.62941080484,151914.9705891919,194618.59999999672,21.156495271224777,False,SCEN_2011_APR_270D,80,conservation_15pct,148
2011-08-27,194618.59999999672,0.0,30.0,750.0,750.0,314.5,314.5,0.0,0.0,42455.067303510565,151129.03269648613,193584.0999999967,21.0440373953687,False,SCEN_2011_APR_270D,80,conservation_15pct,149
2011-08-28,193584.0999999967,0.0,30.0,750.0,750.0,314.5,314.5,0.0,0.0,42206.50519621629,150343.09480378038,192549.59999999666,20.931579519512628,False,SCEN_2011_APR_270D,80,conservation_15pct,150
2011-08-29,192549.59999999666,0.0,30.0,750.0,750.0,314.5,314.5,0.0,0.0,41957.94308892202,149557.15691107462,191515.09999999663,20.81912164365655,False,SCEN_2011_APR_270D,80,conservation_15pct,151
2011-08-30,191515.09999999663,0.0,30.0,750.0,750.0,314.5,314.5,0.0,0.0,41709.38098162774,148771.21901836887,190480.5999999966,20.706663767800478,False,SCEN_2011_APR_270D,80,conservation_15pct,152
2011-08-31,190480.5999999966,0.0,30.0,750.0,750.0,314.5,314.5,0.0,0.0,41460.81887433347,147985.2811256631,189446.09999999657,20.5942058919444,False,SCEN_2011_APR_270D,80,conservation_15pct,153
2011-09-01,189446.09999999657,0.08,33.6,750.0,750.0,314.5,314.5,0.0,0.0,41213.26370257566,147201.9362974209,188415.19999999658,20.482139362973864,False,SCEN_2011_APR_270D,80,conservation_15pct,154
2011-09-02,188415.19999999658,0.0,30.0,750.0,750.0,314.5,314.5,0.0,0.0,40964.70159528139,146415.99840471515,187380.69999999655,20.36968148711779,False,SCEN_2011_APR_270D,80,conservation_15pct,155
2011-09-03,187380.69999999655,0.0,30.0,750.0,750.0,314.5,314.5,0.0,0.0,40716.139487987115,145630.0605120094,186346.19999999652,20.257223611261715,False,SCEN_2011_APR_270D,80,conservation_15pct,156
2011-09-04,186346.19999999652,0.0,30.0,750.0,750.0,314.5,314.5,0.0,0.0,40467.57738069284,144844.12261930364,185311.6999999965,20.144765735405638,False,SCEN_2011_APR_270D,80,conservation_15pct,157
2011-09-05,185311.6999999965,0.0,30.0,750.0,750.0,314.5,314.5,0.0,0.0,40219.01527339857,144058.1847265979,184277.19999999646,20.032307859549565,False,SCEN_2011_APR_270D,80,conservation_15pct,158
2011-09-06,184277.19999999646,0.0,30.0,750.0,750.0,314.5,314.5,0.0,0.0,39970.45316610429,143272.24683389213,183242.69999999643,19.919849983693492,True,SCEN_2011_APR_270D,80,conservation_15pct,159
2011-09-07,183242.69999999643,0.0,30.0,750.0,750.0,314.5,314.5,0.0,0.0,39721.89105881002,142486.30894118638,182208.1999999964,19.80739210783742,True,SCEN_2011_APR_270D,80,conservation_15pct,160
2011-09-08,182208.1999999964,0.0,30.0,750.0,750.0,314.5,314.5,0.0,0.0,39473.328951515745,141700.37104848062,181173.69999999637,19.694934231981343,True,SCEN_2011_APR_270D,80,conservation_15pct,161
2011-09-09,181173.69999999637,0.0,30.0,750.0,750.0,314.5,314.5,0.0,0.0,39224.76684422147,140914.43315577487,180139.19999999634,19.58247635612527,True,SCEN_2011_APR_270D,80,conservation_15pct,162
2011-09-10,180139.19999999634,0.0,30.0,750.0,750.0,314.5,314.5,0.0,0.0,38976.2047369272,140128.4952630691,179104.69999999632,19.470018480269193,True,SCEN_2011_APR_270D,80,conservation_15pct,163
2011-09-11,179104.69999999632,0.0,30.0,750.0,750.0,314.5,314.5,0.0,0.0,38727.64262963292,139342.55737036336,178070.1999999963,19.35756060441312,True,SCEN_2011_APR_270D,80,conservation_15pct,164
2011-09-12,178070.1999999963,0.0,30.0,750.0,750.0,314.5,314.5,0.0,0.0,38479.08052233865,138556.6194776576,177035.69999999626,19.245102728557047,True,SCEN_2011_APR_270D,80,conservation_15pct,165
2011-09-13,177035.69999999626,0.0,30.0,750.0,750.0,314.5,314.5,0.0,0.0,38230.518415044375,137770.68158495185,176001.19999999623,19.13264485270097,True,SCEN_2011_APR_270D,80,conservation_15pct,166
2011-09-14,176001.19999999623,0.0,30.0,750.0,750.0,314.5,314.5,0.0,0.0,37981.9563077501,136984.7436922461,174966.6999999962,19.020186976844897,True,SCEN_2011_APR_270D,80,conservation_15pct,167
2011-09-15,174966.6999999962,0.0,30.0,750.0,750.0,314.5,314.5,0.0,0.0,37733.39420045583,136198.80579954034,173932.19999999617,18.90772910098882,True,SCEN_2011_APR_270D,80,conservation_15pct,168
2011-09-16,173932.19999999617,10.346666666666666,495.59999999999997,750.0,750.0,314.5,314.5,0.0,0.0,37615.062422545176,135748.23757745096,173363.29999999615,18.845885422328095,True,SCEN_2011_APR_270D,80,conservation_15pct,169
2011-09-17,173363.29999999615,11.706666666666667,556.8000000000001,750.0,750.0,314.5,314.5,0.0,0.0,37513.84854875454,135341.75145124158,172855.59999999614,18.790694640721398,True,SCEN_2011_APR_270D,80,conservation_15pct,170
2011-09-18,172855.59999999614,7.946666666666667,387.6,750.0,750.0,314.5,314.5,0.0,0.0,37365.308704749754,134813.39129524634,172178.6999999961,18.717110555494738,True,SCEN_2011_APR_270D,80,conservation_15pct,171
2011-09-19,172178.6999999961,1.0933333333333333,79.19999999999999,750.0,750.0,314.5,314.5,0.0,0.0,37130.508049787255,134062.8919502088,171193.39999999607,18.610001087074256,True,SCEN_2011_APR_270D,80,conservation_15pct,172
2011-09-20,171193.39999999607,0.0,30.0,750.0,750.0,314.5,314.5,0.0,0.0,36881.94594249298,133276.95405750306,170158.89999999604,18.49754321121818,True,SCEN_2011_APR_270D,80,conservation_15pct,173
2011-09-21,170158.89999999604,0.0,30.0,750.0,750.0,314.5,314.5,0.0,0.0,36633.38383519871,132491.0161647973,169124.399999996,18.385085335362106,True,SCEN_2011_APR_270D,80,conservation_15pct,174
2011-09-22,169124.399999996,0.0,30.0,750.0,750.0,314.5,314.5,0.0,0.0,36384.82172790443,131705.07827209154,168089.89999999598,18.27262745950603,True,SCEN_2011_APR_270D,80,conservation_15pct,175
2011-09-23,168089.89999999598,0.0,30.0,750.0,750.0,314.5,314.5,0.0,0.0,36136.25962061016,130919.1403793858,167055.39999999595,18.160169583649957,True,SCEN_2011_APR_270D,80,conservation_15pct,176
2011-09-24,167055.39999999595,0.0,30.0,750.0,750.0,314.5,314.5,0.0,0.0,35887.697513315885,130133.20248668008,166020.89999999595,18.047711707793884,True,SCEN_2011_APR_270D,80,conservation_15pct,177
2011-09-25,166020.89999999595,0.0,30.0,750.0,750.0,314.5,314.5,0.0,0.0,35639.13540602161,129347.26459397435,164986.39999999595,17.935253831937814,True,SCEN_2011_APR_270D,80,conservation_15pct,178
2011-09-26,164986.39999999595,0.0,30.0,750.0,750.0,314.5,314.5,0.0,0.0,35390.57329872734,128561.32670126863,163951.89999999595,17.82279595608174,True,SCEN_2011_APR_270D,80,conservation_15pct,179
2011-09-27,163951.89999999595,0.0,30.0,750.0,750.0,314.5,314.5,0.0,0.0,35142.01119143306,127775.3888085629,162917.39999999595,17.71033808022567,True,SCEN_2011_APR_270D,80,conservation_15pct,180
2011-09-28,162917.39999999595,0.0,30.0,750.0,750.0,314.5,314.5,0.0,0.0,34893.44908413879,126989.45091585717,161882.89999999595,17.597880204369602,True,SCEN_2011_APR_270D,80,conservation_15pct,181
2011-09-29,161882.89999999595,0.96,73.19999999999999,750.0,750.0,314.5,314.5,0.0,0.0,34656.970203282166,126234.6297967138,160891.59999999596,17.490118491139903,True,SCEN_2011_APR_270D,80,conservation_15pct,182
2011-09-30,160891.59999999596,0.0,30.0,750.0,750.0,314.5,314.5,0.0,0.0,34408.40809598789,125448.69190400807,159857.09999999596,17.37766061528383,True,SCEN_2011_APR_270D,80,conservation_15pct,183
2011-10-01,159857.09999999596,0.0,30.0,380.0,380.0,314.5,314.5,0.0,0.0,34263.33658549762,124929.26341449835,159192.59999999596,17.305424502662895,True,SCEN_2011_APR_270D,80,conservation_15pct,184
2011-10-02,159192.59999999596,0.0,30.0,380.0,380.0,314.5,314.5,0.0,0.0,34118.26507500735,124409.83492498862,158528.09999999596,17.233188390041956,True,SCEN_2011_APR_270D,80,conservation_15pct,185
2011-10-03,158528.09999999596,0.0,30.0,380.0,380.0,314.5,314.5,0.0,0.0,33973.19356451708,123890.4064354789,157863.599999996,17.160952277421025,True,SCEN_2011_APR_270D,80,conservation_15pct,186
2011-10-04,157863.599999996,0.0,30.0,380.0,380.0,314.5,314.5,0.0,0.0,33828.12205402681,123370.97794596918,157199.099999996,17.088716164800086,True,SCEN_2011_APR_270D,80,conservation_15pct,187
2011-10-05,157199.099999996,0.0,30.0,380.0,380.0,314.5,314.5,0.0,0.0,33683.05054353654,122851.54945645946,156534.599999996,17.016480052179148,True,SCEN_2011_APR_270D,80,conservation_15pct,188
2011-10-06,156534.599999996,0.0,30.0,380.0,380.0,314.5,314.5,0.0,0.0,33537.97903304627,122332.12096694973,155870.09999999602,16.944243939558216,True,SCEN_2011_APR_270D,80,conservation_15pct,189
2011-10-07,155870.09999999602,1.36,91.2,380.0,380.0,314.5,314.5,0.0,0.0,33410.02542667601,121856.77457332,155266.799999996,16.878660723991302,True,SCEN_2011_APR_270D,80,conservation_15pct,190
2011-10-08,155266.799999996,3.653333333333334,194.40000000000003,380.0,380.0,314.5,314.5,0.0,0.0,33310.937305684594,121455.76269431142,154766.699999996,16.82429611914295,True,SCEN_2011_APR_270D,80,conservation_15pct,191
2011-10-09,154766.699999996,37.786666666666676,1730.4000000000003,380.0,380.0,314.5,314.5,0.0,0.0,33641.475013587624,122161.12498640838,155802.59999999602,16.936906185454507,True,SCEN_2011_APR_270D,80,conservation_15pct,192
2011-10-10,155802.59999999602,0.0,30.0,380.0,380.0,314.5,314.5,0.0,0.0,33496.403503097354,121641.69649689866,155138.09999999602,16.864670072833572,True,SCEN_2011_APR_270D,80,conservation_15pct,193
2011-10-11,155138.09999999602,0.0,30.0,380.0,380.0,314.5,314.5,0.0,0.0,33351.33199260708,121122.26800738894,154473.59999999602,16.792433960212634,True,SCEN_2011_APR_270D,80,conservation_15pct,194
2011-10-12,154473.59999999602,0.0,30.0,380.0,380.0,314.5,314.5,0.0,0.0,33206.26048211681,120602.83951787921,153809.09999999602,16.7201978475917,True,SCEN_2011_APR_270D,80,conservation_15pct,195
2011-10-13,153809.09999999602,9.093333333333332,439.19999999999993,380.0,380.0,314.5,314.5,0.0,0.0,33175.643977605454,120378.15602239057,153553.79999999603,16.692444830959456,True,SCEN_2011_APR_270D,80,conservation_15pct,196
2011-10-14,153553.79999999603,0.0,30.0,380.0,380.0,314.5,314.5,0.0,0.0,33030.572467115184,119858.72753288085,152889.29999999603,16.62020871833852,True,SCEN_2011_APR_270D,80,conservation_15pct,197
2011-10-15,152889.29999999603,0.0,30.0,380.0,380.0,314.5,314.5,0.0,0.0,32885.500956624914,119339.29904337112,152224.79999999603,16.547972605717582,True,SCEN_2011_APR_270D,80,conservation_15pct,198
2011-10-16,152224.79999999603,0.0,30.0,380.0,380.0,314.5,314.5,0.0,0.0,32740.429446134647,118819.8705538614,151560.29999999606,16.475736493096647,True,SCEN_2011_APR_270D,80,conservation_15pct,199
2011-10-17,151560.29999999606,0.0,30.0,380.0,380.0,314.5,314.5,0.0,0.0,32595.357935644377,118300.44206435168,150895.79999999606,16.403500380475712,True,SCEN_2011_APR_270D,80,conservation_15pct,200
2011-10-18,150895.79999999606,0.0,30.0,380.0,380.0,314.5,314.5,0.0,0.0,32450.286425154107,117781.01357484196,150231.29999999606,16.331264267854774,True,SCEN_2011_APR_270D,80,conservation_15pct,201
2011-10-19,150231.29999999606,0.0,30.0,380.0,380.0,314.5,314.5,0.0,0.0,32305.214914663837,117261.58508533223,149566.79999999606,16.25902815523384,True,SCEN_2011_APR_270D,80,conservation_15pct,202
2011-10-20,149566.79999999606,0.0,30.0,380.0,380.0,314.5,314.5,0.0,0.0,32160.143404173567,116742.15659582251,148902.2999999961,16.1867920426129,True,SCEN_2011_APR_270D,80,conservation_15pct,203
2011-10-21,148902.2999999961,0.0,30.0,380.0,380.0,314.5,314.5,0.0,0.0,32015.071893683296,116222.72810631279,148237.7999999961,16.114555929991965,True,SCEN_2011_APR_270D,80,conservation_15pct,204
2011-10-22,148237.7999999961,0.0,30.0,380.0,380.0,314.5,314.5,0.0,0.0,31870.000383193026,115703.29961680307,147573.2999999961,16.042319817371027,True,SCEN_2011_APR_270D,80,conservation_15pct,205
2011-10-23,147573.2999999961,0.0,30.0,380.0,380.0,314.5,314.5,0.0,0.0,31724.928872702756,115183.87112729334,146908.7999999961,15.97008370475009,True,SCEN_2011_APR_270D,80,conservation_15pct,206
2011-10-24,146908.7999999961,0.0,30.0,380.0,380.0,314.5,314.5,0.0,0.0,31579.857362212486,114664.44263778362,146244.29999999612,15.897847592129159,True,SCEN_2011_APR_270D,80,conservation_15pct,207
2011-10-25,146244.29999999612,0.0,30.0,380.0,380.0,314.5,314.5,0.0,0.0,31434.785851722216,114145.0141482739,145579.79999999612,15.82561147950822,True,SCEN_2011_APR_270D,80,conservation_15pct,208
2011-10-26,145579.79999999612,0.0,30.0,380.0,380.0,314.5,314.5,0.0,0.0,31289.714341231946,113625.58565876418,144915.29999999612,15.753375366887285,True,SCEN_2011_APR_270D,80,conservation_15pct,209
2011-10-27,144915.29999999612,0.13333333333333333,36.0,380.0,380.0,314.5,314.5,0.0,0.0,31146.321056635796,113110.47894336033,144256.79999999612,15.681791499075565,True,SCEN_2011_APR_270D,80,conservation_15pct,210
2011-10-28,144256.79999999612,0.5333333333333333,54.0,380.0,380.0,314.5,314.5,0.0,0.0,31007.962449722003,112608.33755027413,143616.29999999612,15.6121643656915,True,SCEN_2011_APR_270D,80,conservation_15pct,211
2011-10-29,143616.29999999612,0.0,30.0,380.0,380.0,314.5,314.5,0.0,0.0,30862.890939231733,112088.9090607644,142951.79999999615,15.539928253070567,True,SCEN_2011_APR_270D,80,conservation_15pct,212
2011-10-30,142951.79999999615,0.0,30.0,380.0,380.0,314.5,314.5,0.0,0.0,30717.819428741463,111569.48057125468,142287.29999999615,15.467692140449628,True,SCEN_2011_APR_270D,80,conservation_15pct,213
2011-10-31,142287.29999999615,0.0,30.0,380.0,380.0,314.5,314.5,0.0,0.0,30572.747918251192,111050.05208174496,141622.79999999615,15.395456027828693,True,SCEN_2011_APR_270D,80,conservation_15pct,214
2011-11-01,141622.79999999615,0.0,30.0,380.0,380.0,314.5,314.5,0.0,0.0,30427.676407760922,110530.62359223524,140958.29999999615,15.323219915207757,True,SCEN_2011_APR_270D,80,conservation_15pct,215
2011-11-02,140958.29999999615,0.08,33.6,380.0,380.0,314.5,314.5,0.0,0.0,30283.611832807124,110013.78816718904,140297.39999999615,15.251375149472352,True,SCEN_2011_APR_270D,80,conservation_15pct,216
2011-11-03,140297.39999999615,1.2266666666666666,85.19999999999999,380.0,380.0,314.5,314.5,0.0,0.0,30153.98000054275,109534.11999945341,139688.09999999616,15.185139689096225,True,SCEN_2011_APR_270D,80,conservation_15pct,217
2011-11-04,139688.09999999616,0.0,30.0,380.0,380.0,314.5,314.5,0.0,0.0,30008.90849005248,109014.69150994369,139023.59999999616,15.112903576475286,True,SCEN_2011_APR_270D,80,conservation_15pct,218
2011-11-05,139023.59999999616,0.0,30.0,380.0,380.0,314.5,314.5,0.0,0.0,29863.83697956221,108495.26302043397,138359.09999999616,15.040667463854348,True,SCEN_2011_APR_270D,80,conservation_15pct,219
2011-11-06,138359.09999999616,0.0,30.0,380.0,380.0,314.5,314.5,0.0,0.0,29718.76546907194,107975.83453092424,137694.5999999962,14.968431351233416,True,SCEN_2011_APR_270D,80,conservation_15pct,220
2011-11-07,137694.5999999962,0.0,30.0,380.0,380.0,314.5,314.5,0.0,0.0,29573.69395858167,107456.40604141452,137030.0999999962,14.896195238612478,True,SCEN_2011_APR_270D,80,conservation_15pct,221
2011-11-08,137030.0999999962,0.48,51.599999999999994,380.0,380.0,314.5,314.5,0.0,0.0,29434.664061310228,106952.53593868596,136387.1999999962,14.826307207304728,True,SCEN_2011_APR_270D,80,conservation_15pct,222
2011-11-09,136387.1999999962,0.26666666666666666,42.0,380.0,380.0,314.5,314.5,0.0,0.0,29292.949002608195,106441.750997388,135734.6999999962,14.755375584302227,True,SCEN_2011_APR_270D,80,conservation_15pct,223
2011-11-10,135734.6999999962,0.8,66.0,380.0,380.0,314.5,314.5,0.0,0.0,29157.94684748264,105948.25315251356,135106.1999999962,14.687052940536601,True,SCEN_2011_APR_270D,80,conservation_15pct,224
2011-11-11,135106.1999999962,0.0,30.0,380.0,380.0,314.5,314.5,0.0,0.0,29012.87533699237,105428.82466300383,134441.6999999962,14.614816827915664,True,SCEN_2011_APR_270D,80,conservation_15pct,225
2011-11-12,134441.6999999962,0.0,30.0,380.0,380.0,314.5,314.5,0.0,0.0,28867.8038265021,104909.39617349411,133777.1999999962,14.54258071529473,True,SCEN_2011_APR_270D,80,conservation_15pct,226
2011-11-13,133777.1999999962,0.0,30.0,380.0,380.0,314.5,314.5,0.0,0.0,28722.73231601183,104389.96768398439,133112.69999999623,14.470344602673793,True,SCEN_2011_APR_270D,80,conservation_15pct,227
2011-11-14,133112.69999999623,0.0,30.0,380.0,380.0,314.5,314.5,0.0,0.0,28577.66080552156,103870.53919447467,132448.19999999623,14.398108490052858,True,SCEN_2011_APR_270D,80,conservation_15pct,228
2011-11-15,132448.19999999623,3.786666666666667,200.4,380.0,380.0,314.5,314.5,0.0,0.0,28480.250910424267,103473.84908957196,131954.09999999622,14.34439613001372,True,SCEN_2011_APR_270D,80,conservation_15pct,229
2011-11-16,131954.09999999622,0.0,30.0,380.0,380.0,314.5,314.5,0.0,0.0,28335.179399933997,102954.42060006224,131289.59999999622,14.272160017392785,True,SCEN_2011_APR_270D,80,conservation_15pct,230
2011-11-17,131289.59999999622,0.0,30.0,380.0,380.0,314.5,314.5,0.0,0.0,28190.107889443727,102434.99211055251,130625.09999999624,14.19992390477185,True,SCEN_2011_APR_270D,80,conservation_15pct,231
2011-11-18,130625.09999999624,0.0,30.0,380.0,380.0,314.5,314.5,0.0,0.0,28045.036378953457,101915.56362104279,129960.59999999625,14.127687792150914,True,SCEN_2011_APR_270D,80,conservation_15pct,232
2011-11-19,129960.59999999625,0.0,30.0,380.0,380.0,314.5,314.5,0.0,0.0,27899.964868463187,101396.13513153307,129296.09999999625,14.055451679529977,True,SCEN_2011_APR_270D,80,conservation_15pct,233
2011-11-20,129296.09999999625,0.0,30.0,380.0,380.0,314.5,314.5,0.0,0.0,27754.893357972916,100876.70664202335,128631.59999999627,13.98321556690904,True,SCEN_2011_APR_270D,80,conservation_15pct,234
2011-11-21,128631.59999999627,1.28,87.6,380.0,380.0,314.5,314.5,0.0,0.0,27625.93281606619,100398.76718393007,128024.69999999626,13.9172410044566,True,SCEN_2011_APR_270D,80,conservation_15pct,235
2011-11-22,128024.69999999626,0.16,37.2,380.0,380.0,314.5,314.5,0.0,0.0,27482.875176648864,99884.52482334741,127367.39999999627,13.845787585606725,True,SCEN_2011_APR_270D,80,conservation_15pct,236
2011-11-23,127367.39999999627,0.0,30.0,380.0,380.0,314.5,314.5,0.0,0.0,27337.803666158594,99365.09633383769,126702.89999999628,13.77355147298579,True,SCEN_2011_APR_270D,80,conservation_15pct,237
2011-11-24,126702.89999999628,0.0,30.0,380.0,380.0,314.5,314.5,0.0,0.0,27192.732155668324,98845.66784432797,126038.3999999963,13.701315360364855,True,SCEN_2011_APR_270D,80,conservation_15pct,238
2011-11-25,126038.3999999963,0.0,30.0,380.0,380.0,314.5,314.5,0.0,0.0,27047.660645178054,98326.23935481824,125373.8999999963,13.629079247743917,True,SCEN_2011_APR_270D,80,conservation_15pct,239
2011-11-26,125373.8999999963,7.386666666666667,362.4,380.0,380.0,314.5,314.5,0.0,0.0,26995.562849221973,98046.23715077432,125041.79999999629,13.59297749755368,True,SCEN_2011_APR_270D,80,conservation_15pct,240
2011-11-27,125041.79999999629,0.0,30.0,380.0,380.0,314.5,314.5,0.0,0.0,26850.491338731703,97526.8086612646,124377.2999999963,13.520741384932744,True,SCEN_2011_APR_270D,80,conservation_15pct,241
2011-11-28,124377.2999999963,0.0,30.0,380.0,380.0,314.5,314.5,0.0,0.0,26705.419828241433,97007.38017175488,123712.7999999963,13.448505272311806,True,SCEN_2011_APR_270D,80,conservation_15pct,242
2011-11-29,123712.7999999963,0.0,30.0,380.0,380.0,314.5,314.5,0.0,0.0,26560.348317751163,96487.95168224516,123048.29999999632,13.376269159690871,True,SCEN_2011_APR_270D,80,conservation_15pct,243
2011-11-30,123048.29999999632,0.0,30.0,380.0,380.0,314.5,314.5,0.0,0.0,26415.276807260892,95968.52319273543,122383.79999999632,13.304033047069932,True,SCEN_2011_APR_270D,80,conservation_15pct,244
2011-12-01,122383.79999999632,0.13333333333333333,36.0,380.0,380.0,314.5,314.5,0.0,0.0,26271.883522664742,95453.41647733159,121725.29999999632,13.232449179258216,True,SCEN_2011_APR_270D,80,conservation_15pct,245
2011-12-02,121725.29999999632,1.9466666666666665,117.6,380.0,380.0,314.5,314.5,0.0,0.0,26151.31411022861,94997.08588976772,121148.39999999633,13.169735840851867,True,SCEN_2011_APR_270D,80,conservation_15pct,246
2011-12-03,121148.39999999633,0.96,73.19999999999999,380.0,380.0,314.5,314.5,0.0,0.0,26018.325826176,94508.77417382035,120527.09999999634,13.102195890857304,True,SCEN_2011_APR_270D,80,conservation_15pct,247
2011-12-04,120527.09999999634,2.3200000000000003,134.4,380.0,380.0,314.5,314.5,0.0,0.0,25902.4554462434,94064.54455375294,119966.99999999635,13.041308837916768,True,SCEN_2011_APR_270D,80,conservation_15pct,248
2011-12-05,119966.99999999635,1.7066666666666668,106.80000000000001,380.0,380.0,314.5,314.5,0.0,0.0,25778.86522719785,93600.4347727985,119379.29999999635,12.977421458853827,True,SCEN_2011_APR_270D,80,conservation_15pct,249
2011-12-06,119379.29999999635,0.0,30.0,380.0,380.0,314.5,314.5,0.0,0.0,25633.79371670758,93081.00628328878,118714.79999999635,12.905185346232889,True,SCEN_2011_APR_270D,80,conservation_15pct,250
2011-12-07,118714.79999999635,0.0,30.0,380.0,380.0,314.5,314.5,0.0,0.0,25488.72220621731,92561.57779377906,118050.29999999636,12.832949233611954,True,SCEN_2011_APR_270D,80,conservation_15pct,251
2011-12-08,118050.29999999636,0.0,30.0,380.0,380.0,314.5,314.5,0.0,0.0,25343.65069572704,92042.14930426933,117385.79999999638,12.760713120991019,True,SCEN_2011_APR_270D,80,conservation_15pct,252
2011-12-09,117385.79999999638,0.0,30.0,380.0,380.0,314.5,314.5,0.0,0.0,25198.57918523677,91522.72081475961,116721.29999999638,12.68847700837008,True,SCEN_2011_APR_270D,80,conservation_15pct,253
2011-12-10,116721.29999999638,8.0,390.0,380.0,380.0,314.5,314.5,0.0,0.0,25154.201228393635,91262.59877160274,116416.79999999638,12.655375584302247,True,SCEN_2011_APR_270D,80,conservation_15pct,254
2011-12-11,116416.79999999638,2.026666666666667,121.2,380.0,380.0,314.5,314.5,0.0,0.0,25034.638751493974,90808.8612485024,115843.49999999638,12.59305359278143,True,SCEN_2011_APR_270D,80,conservation_15pct,255
2011-12-12,115843.49999999638,1.6800000000000002,105.60000000000001,380.0,380.0,314.5,314.5,0.0,0.0,24910.712887269605,90343.88711272678,115254.59999999638,12.529035764756646,True,SCEN_2011_APR_270D,80,conservation_15pct,256
2011-12-13,115254.59999999638,0.96,73.19999999999999,380.0,380.0,314.5,314.5,0.0,0.0,24777.724603216993,89855.5753967794,114633.2999999964,12.461495814762081,True,SCEN_2011_APR_270D,80,conservation_15pct,257
2011-12-14,114633.2999999964,0.48,51.599999999999994,380.0,380.0,314.5,314.5,0.0,0.0,24638.694705945552,89351.70529405084,113990.3999999964,12.391607783454333,True,SCEN_2011_APR_270D,80,conservation_15pct,258
2011-12-15,113990.3999999964,0.8,66.0,380.0,380.0,314.5,314.5,0.0,0.0,24503.692550819997,88858.2074491764,113361.8999999964,12.323285139688705,True,SCEN_2011_APR_270D,80,conservation_15pct,259
2011-12-16,113361.8999999964,0.0,30.0,380.0,380.0,314.5,314.5,0.0,0.0,24358.621040329726,88338.77895966668,112697.39999999641,12.25104902706777,True,SCEN_2011_APR_270D,80,conservation_15pct,260
2011-12-17,112697.39999999641,0.0,30.0,380.0,380.0,314.5,314.5,0.0,0.0,24213.549529839456,87819.35047015696,112032.89999999641,12.178812914446832,True,SCEN_2011_APR_270D,80,conservation_15pct,261
2011-12-18,112032.89999999641,0.13333333333333333,36.0,380.0,380.0,314.5,314.5,0.0,0.0,24070.156245243306,87304.24375475312,111374.39999999641,12.107229046635114,True,SCEN_2011_APR_270D,80,conservation_15pct,262
2011-12-19,111374.39999999641,2.3200000000000003,134.4,380.0,380.0,314.5,314.5,0.0,0.0,23954.285865310707,86860.01413468571,110814.29999999642,12.046341993694579,True,SCEN_2011_APR_270D,80,conservation_15pct,263
2011-12-20,110814.29999999642,0.16,37.2,380.0,380.0,314.5,314.5,0.0,0.0,23811.22822589338,86345.77177410305,110156.99999999643,11.974888574844703,True,SCEN_2011_APR_270D,80,conservation_15pct,264
2011-12-21,110156.99999999643,2.6400000000000006,148.8,380.0,380.0,314.5,314.5,0.0,0.0,23699.385588106667,85911.91441188977,109611.29999999644,11.91556690944629,True,SCEN_2011_APR_270D,80,conservation_15pct,265
2011-12-22,109611.29999999644,7.5200000000000005,368.40000000000003,380.0,380.0,314.5,314.5,0.0,0.0,23648.966018044703,85636.23398195174,109285.19999999643,11.88011740406527,True,SCEN_2011_APR_270D,80,conservation_15pct,266
2011-12-23,109285.19999999643,0.0,30.0,380.0,380.0,314.5,314.5,0.0,0.0,23503.894507554432,85116.80549244201,108620.69999999645,11.807881291444335,True,SCEN_2011_APR_270D,80,conservation_15pct,267
2011-12-24,108620.69999999645,2.213333333333334,129.60000000000002,380.0,380.0,314.5,314.5,0.0,0.0,23386.681546906537,84669.11845308992,108055.79999999645,11.746472442656424,True,SCEN_2011_APR_270D,80,conservation_15pct,268
2011-12-25,108055.79999999645,0.21333333333333335,39.6,380.0,380.0,314.5,314.5,0.0,0.0,23244.29519784686,84156.6048021496,107400.89999999646,11.675279921730237,True,SCEN_2011_APR_270D,80,conservation_15pct,269
2011-12-26,107400.89999999646,0.21333333333333335,39.6,380.0,380.0,314.5,314.5,0.0,0.0,23101.90884878718,83644.09115120927,106745.99999999645,11.60408740080405,True,SCEN_2011_APR_270D,80,conservation_15pct,270
2011-04-01,321965.0,0.0,30.0,380.0,380.0,370.0,370.0,0.0,0.0,89716.60348950973,231528.39651049025,321245.0,34.92173062289379,False,SCEN_2011_APR_270D,60,baseline_demand,1
2011-04-02,321245.0,0.0,30.0,380.0,380.0,370.0,370.0,0.0,0.0,89378.20697901945,231146.79302098052,320525.0,34.84346124578759,False,SCEN_2011_APR_270D,60,baseline_demand,2
2011-04-03,320525.0,0.0,30.0,380.0,380.0,370.0,370.0,0.0,0.0,89039.81046852918,230765.1895314708,319805.0,34.76519186868138,False,SCEN_2011_APR_270D,60,baseline_demand,3
2011-04-04,319805.0,0.0,30.0,380.0,380.0,370.0,370.0,0.0,0.0,88701.4139580389,230383.58604196107,319085.0,34.686922491575174,False,SCEN_2011_APR_270D,60,baseline_demand,4
2011-04-05,319085.0,0.0,30.0,380.0,380.0,370.0,370.0,0.0,0.0,88363.01744754863,230001.98255245134,318365.0,34.608653114468964,False,SCEN_2011_APR_270D,60,baseline_demand,5
2011-04-06,318365.0,0.0,30.0,380.0,380.0,370.0,370.0,0.0,0.0,88024.62093705835,229620.37906294162,317645.0,34.530383737362754,False,SCEN_2011_APR_270D,60,baseline_demand,6
2011-04-07,317645.0,0.0,30.0,380.0,380.0,370.0,370.0,0.0,0.0,87686.22442656808,229238.7755734319,316925.0,34.452114360256545,False,SCEN_2011_APR_270D,60,baseline_demand,7
2011-04-08,316925.0,0.0,30.0,380.0,380.0,370.0,370.0,0.0,0.0,87347.8279160778,228857.17208392217,316205.0,34.37384498315034,False,SCEN_2011_APR_270D,60,baseline_demand,8
2011-04-09,316205.0,0.0,30.0,380.0,380.0,370.0,370.0,0.0,0.0,87009.43140558753,228475.56859441244,315485.0,34.29557560604414,False,SCEN_2011_APR_270D,60,baseline_demand,9
2011-04-10,315485.0,0.0,30.0,380.0,380.0,370.0,370.0,0.0,0.0,86671.03489509725,228093.96510490272,314765.0,34.21730622893793,False,SCEN_2011_APR_270D,60,baseline_demand,10
2011-04-11,314765.0,0.32,44.4,380.0,380.0,370.0,370.0,0.0,0.0,86336.66612675287,227722.7338732471,314059.39999999997,34.14060223937384,False,SCEN_2011_APR_270D,60,baseline_demand,11
2011-04-12,314059.39999999997,0.0,30.0,380.0,380.0,370.0,370.0,0.0,0.0,85998.2696162626,227341.13038373739,313339.39999999997,34.06233286226764,False,SCEN_2011_APR_270D,60,baseline_demand,12
2011-04-13,313339.39999999997,0.0,30.0,380.0,380.0,370.0,370.0,0.0,0.0,85659.87310577232,226959.52689422766,312619.39999999997,33.98406348516143,False,SCEN_2011_APR_270D,60,baseline_demand,13
2011-04-14,312619.39999999997,0.0,30.0,380.0,380.0,370.0,370.0,0.0,0.0,85321.47659528205,226577.92340471793,311899.39999999997,33.90579410805522,False,SCEN_2011_APR_270D,60,baseline_demand,14
2011-04-15,311899.39999999997,0.0,30.0,380.0,380.0,370.0,370.0,0.0,0.0,84983.08008479177,226196.3199152082,311179.39999999997,33.82752473094901,False,SCEN_2011_APR_270D,60,baseline_demand,15
2011-04-16,311179.39999999997,0.0,30.0,380.0,380.0,370.0,370.0,0.0,0.0,84644.6835743015,225814.71642569848,310459.39999999997,33.749255353842806,False,SCEN_2011_APR_270D,60,baseline_demand,16
2011-04-17,310459.39999999997,0.0,30.0,380.0,380.0,370.0,370.0,0.0,0.0,84306.28706381122,225433.11293618876,309739.39999999997,33.6709859767366,False,SCEN_2011_APR_270D,60,baseline_demand,17
2011-04-18,309739.39999999997,0.0,30.0,380.0,380.0,370.0,370.0,0.0,0.0,83967.89055332095,225051.50944667903,309019.39999999997,33.59271659963039,False,SCEN_2011_APR_270D,60,baseline_demand,18
2011-04-19,309019.39999999997,0.0,30.0,380.0,380.0,370.0,370.0,0.0,0.0,83629.49404283067,224669.9059571693,308299.39999999997,33.51444722252418,False,SCEN_2011_APR_270D,60,baseline_demand,19
2011-04-20,308299.39999999997,0.0,30.0,380.0,380.0,370.0,370.0,0.0,0.0,83291.0975323404,224288.30246765958,307579.39999999997,33.43617784541797,False,SCEN_2011_APR_270D,60,baseline_demand,20
2011-04-21,307579.39999999997,0.0,30.0,380.0,380.0,370.0,370.0,0.0,0.0,82952.70102185012,223906.69897814986,306859.39999999997,33.35790846831177,False,SCEN_2011_APR_270D,60,baseline_demand,21
2011-04-22,306859.39999999997,0.0,30.0,380.0,380.0,370.0,370.0,0.0,0.0,82614.30451135985,223525.09548864013,306139.39999999997,33.27963909120556,False,SCEN_2011_APR_270D,60,baseline_demand,22
2011-04-23,306139.39999999997,0.0,30.0,380.0,380.0,370.0,370.0,0.0,0.0,82275.90800086957,223143.4919991304,305419.39999999997,33.20136971409936,False,SCEN_2011_APR_270D,60,baseline_demand,23
2011-04-24,305419.39999999997,0.0,30.0,380.0,380.0,370.0,370.0,0.0,0.0,81937.5114903793,222761.88850962068,304699.39999999997,33.12310033699315,False,SCEN_2011_APR_270D,60,baseline_demand,24
2011-04-25,304699.39999999997,0.05999999999999999,32.7,380.0,380.0,370.0,370.0,0.0,0.0,81599.87018154138,222382.2298184586,303982.1,33.04512447005109,False,SCEN_2011_APR_270D,60,baseline_demand,25
2011-04-26,303982.1,0.0,30.0,380.0,380.0,370.0,370.0,0.0,0.0,81261.4736710511,222000.62632894889,303262.1,32.96685509294488,False,SCEN_2011_APR_270D,60,baseline_demand,26
2011-04-27,303262.1,0.0,30.0,380.0,380.0,370.0,370.0,0.0,0.0,80923.07716056083,221619.02283943916,302542.1,32.88858571583867,False,SCEN_2011_APR_270D,60,baseline_demand,27
2011-04-28,302542.1,0.0,30.0,380.0,380.0,370.0,370.0,0.0,0.0,80584.68065007056,221237.41934992943,301822.1,32.81031633873247,False,SCEN_2011_APR_270D,60,baseline_demand,28
2011-04-29,301822.1,0.0,30.0,380.0,380.0,370.0,370.0,0.0,0.0,80246.28413958028,220855.8158604197,301102.1,32.73204696162626,False,SCEN_2011_APR_270D,60,baseline_demand,29
2011-04-30,301102.1,0.0,30.0,380.0,380.0,370.0,370.0,0.0,0.0,79907.88762909001,220474.21237090998,300382.1,32.65377758452006,False,SCEN_2011_APR_270D,60,baseline_demand,30
2011-05-01,300382.1,0.0,30.0,380.0,380.0,370.0,370.0,0.0,0.0,79569.49111859973,220092.60888140026,299662.1,32.57550820741385,False,SCEN_2011_APR_270D,60,baseline_demand,31
2011-05-02,299662.1,0.62,57.9,380.0,380.0,370.0,370.0,0.0,0.0,79238.89835851712,219731.10164148288,298970.0,32.50027176867051,False,SCEN_2011_APR_270D,60,baseline_demand,32
2011-05-03,298970.0,0.0,30.0,380.0,380.0,370.0,370.0,0.0,0.0,78900.50184802685,219349.49815197315,298250.0,32.422002391564305,False,SCEN_2011_APR_270D,60,baseline_demand,33
2011-05-04,298250.0,0.0,30.0,380.0,380.0,370.0,370.0,0.0,0.0,78562.10533753657,218967.89466246343,297530.0,32.343733014458095,False,SCEN_2011_APR_270D,60,baseline_demand,34
2011-05-05,297530.0,0.0,30.0,380.0,380.0,370.0,370.0,0.0,0.0,78223.7088270463,218586.2911729537,296810.0,32.265463637351885,False,SCEN_2011_APR_270D,60,baseline_demand,35
2011-05-06,296810.0,0.0,30.0,380.0,380.0,370.0,370.0,0.0,0.0,77885.31231655602,218204.68768344398,296090.0,32.187194260245676,False,SCEN_2011_APR_270D,60,baseline_demand,36
2011-05-07,296090.0,0.0,30.0,380.0,380.0,370.0,370.0,0.0,0.0,77546.91580606575,217823.08419393425,295370.0,32.10892488313947,False,SCEN_2011_APR_270D,60,baseline_demand,37
2011-05-08,295370.0,0.0,30.0,380.0,380.0,370.0,370.0,0.0,0.0,77208.51929557548,217441.48070442452,294650.0,32.03065550603326,False,SCEN_2011_APR_270D,60,baseline_demand,38
2011-05-09,294650.0,0.0,30.0,380.0,380.0,370.0,370.0,0.0,0.0,76870.1227850852,217059.8772149148,293930.0,31.952386128927056,False,SCEN_2011_APR_270D,60,baseline_demand,39
2011-05-10,293930.0,0.0,30.0,380.0,380.0,370.0,370.0,0.0,0.0,76531.72627459493,216678.27372540507,293210.0,31.874116751820853,False,SCEN_2011_APR_270D,60,baseline_demand,40
2011-05-11,293210.0,0.0,30.0,380.0,380.0,370.0,370.0,0.0,0.0,76193.32976410465,216296.67023589535,292490.0,31.795847374714644,False,SCEN_2011_APR_270D,60,baseline_demand,41
2011-05-12,292490.0,19.86,923.6999999999999,380.0,380.0,370.0,370.0,0.0,0.0,76104.9050005434,216558.79499945662,292663.7,31.814729861941515,False,SCEN_2011_APR_270D,60,baseline_demand,42
2011-05-13,292663.7,0.0,30.0,380.0,380.0,370.0,370.0,0.0,0.0,75766.50849005312,216177.1915099469,291943.7,31.73646048483531,False,SCEN_2011_APR_270D,60,baseline_demand,43
2011-05-14,291943.7,0.0,30.0,380.0,380.0,370.0,370.0,0.0,0.0,75428.11197956285,215795.58802043716,291223.7,31.6581911077291,False,SCEN_2011_APR_270D,60,baseline_demand,44
2011-05-15,291223.7,0.0,30.0,380.0,380.0,370.0,370.0,0.0,0.0,75089.71546907257,215413.98453092744,290503.7,31.579921730622896,False,SCEN_2011_APR_270D,60,baseline_demand,45
2011-05-16,290503.7,0.0,30.0,380.0,380.0,370.0,370.0,0.0,0.0,74751.3189585823,215032.3810414177,289783.7,31.50165235351669,False,SCEN_2011_APR_270D,60,baseline_demand,46
2011-05-17,289783.7,0.0,30.0,380.0,380.0,370.0,370.0,0.0,0.0,74412.92244809202,214650.777551908,289063.7,31.42338297641048,False,SCEN_2011_APR_270D,60,baseline_demand,47
2011-05-18,289063.7,0.0,30.0,380.0,380.0,370.0,370.0,0.0,0.0,74074.52593760175,214269.17406239826,288343.7,31.345113599304277,False,SCEN_2011_APR_270D,60,baseline_demand,48
2011-05-19,288343.7,0.0,30.0,380.0,380.0,370.0,370.0,0.0,0.0,73736.12942711147,213887.57057288854,287623.7,31.266844222198063,False,SCEN_2011_APR_270D,60,baseline_demand,49
2011-05-20,287623.7,0.0,30.0,380.0,380.0,370.0,370.0,0.0,0.0,73397.7329166212,213505.9670833788,286903.7,31.18857484509186,False,SCEN_2011_APR_270D,60,baseline_demand,50
2011-05-21,286903.7,0.0,30.0,380.0,380.0,370.0,370.0,0.0,0.0,73059.33640613093,213124.3635938691,286183.7,31.11030546798565,False,SCEN_2011_APR_270D,60,baseline_demand,51
2011-05-22,286183.7,0.0,30.0,380.0,380.0,370.0,370.0,0.0,0.0,72720.93989564065,212742.76010435936,285463.7,31.032036090879444,False,SCEN_2011_APR_270D,60,baseline_demand,52
2011-05-23,285463.7,0.0,30.0,380.0,380.0,370.0,370.0,0.0,0.0,72382.54338515038,212361.15661484963,284743.7,30.95376671377324,False,SCEN_2011_APR_270D,60,baseline_demand,53
2011-05-24,284743.7,0.0,30.0,380.0,380.0,370.0,370.0,0.0,0.0,72044.1468746601,211979.5531253399,284023.7,30.875497336667028,False,SCEN_2011_APR_270D,60,baseline_demand,54
2011-05-25,284023.7,0.0,30.0,380.0,380.0,370.0,370.0,0.0,0.0,71705.75036416983,211597.94963583018,283303.7,30.797227959560825,False,SCEN_2011_APR_270D,60,baseline_demand,55
2011-05-26,283303.7,1.72,107.4,380.0,380.0,370.0,370.0,0.0,0.0,71389.00296771369,211272.09703228634,282661.10000000003,30.727372540493537,False,SCEN_2011_APR_270D,60,baseline_demand,56
2011-05-27,282661.10000000003,0.0,30.0,380.0,380.0,370.0,370.0,0.0,0.0,71050.60645722342,210890.49354277662,281941.10000000003,30.64910316338733,False,SCEN_2011_APR_270D,60,baseline_demand,57
2011-05-28,281941.10000000003,0.0,30.0,380.0,380.0,370.0,370.0,0.0,0.0,70712.20994673314,210508.8900532669,281221.10000000003,30.57083378628112,False,SCEN_2011_APR_270D,60,baseline_demand,58
2011-05-29,281221.10000000003,0.0,30.0,380.0,380.0,370.0,370.0,0.0,0.0,70373.81343624287,210127.28656375717,280501.10000000003,30.492564409174918,False,SCEN_2011_APR_270D,60,baseline_demand,59
2011-05-30,280501.10000000003,0.0,30.0,380.0,380.0,370.0,370.0,0.0,0.0,70035.4169257526,209745.68307424744,279781.10000000003,30.414295032068704,False,SCEN_2011_APR_270D,60,baseline_demand,60
2011-05-31,279781.10000000003,0.0,30.0,380.0,380.0,370.0,370.0,0.0,0.0,69697.02041526232,209364.07958473772,279061.10000000003,30.3360256549625,False,SCEN_2011_APR_270D,60,baseline_demand,61
2011-06-01,279061.10000000003,0.0,30.0,750.0,750.0,370.0,370.0,0.0,0.0,69255.13330796805,208715.96669203197,277971.10000000003,30.217534514621157,False,SCEN_2011_APR_270D,60,baseline_demand,62
2011-06-02,277971.10000000003,0.0,30.0,750.0,750.0,370.0,370.0,0.0,0.0,68813.24620067378,208067.85379932623,276881.1,30.09904337427981,False,SCEN_2011_APR_270D,60,baseline_demand,63
2011-06-03,276881.1,0.0,30.0,750.0,750.0,370.0,370.0,0.0,0.0,68371.3590933795,207419.7409066205,275791.1,29.980552233938468,False,SCEN_2011_APR_270D,60,baseline_demand,64
2011-06-04,275791.1,0.0,30.0,750.0,750.0,370.0,370.0,0.0,0.0,67929.47198608523,206771.62801391474,274701.1,29.862061093597127,False,SCEN_2011_APR_270D,60,baseline_demand,65
2011-06-05,274701.1,0.0,30.0,750.0,750.0,370.0,370.0,0.0,0.0,67487.58487879096,206123.515121209,273611.1,29.74356995325579,False,SCEN_2011_APR_270D,60,baseline_demand,66
2011-06-06,273611.1,0.0,30.0,750.0,750.0,370.0,370.0,0.0,0.0,67045.69777149669,205475.40222850326,272521.1,29.625078812914445,False,SCEN_2011_APR_270D,60,baseline_demand,67
2011-06-07,272521.1,0.0,30.0,750.0,750.0,370.0,370.0,0.0,0.0,66603.81066420242,204827.2893357975,271431.0999999999,29.506587672573097,False,SCEN_2011_APR_270D,60,baseline_demand,68
2011-06-08,271431.0999999999,0.0,30.0,750.0,750.0,370.0,370.0,0.0,0.0,66161.92355690815,204179.17644309177,270341.0999999999,29.388096532231756,False,SCEN_2011_APR_270D,60,baseline_demand,69
2011-06-09,270341.0999999999,0.0,30.0,750.0,750.0,370.0,370.0,0.0,0.0,65720.03644961388,203531.06355038602,269251.0999999999,29.269605391890412,False,SCEN_2011_APR_270D,60,baseline_demand,70
2011-06-10,269251.0999999999,0.0,30.0,750.0,750.0,370.0,370.0,0.0,0.0,65278.1493423196,202882.95065768028,268161.09999999986,29.151114251549064,False,SCEN_2011_APR_270D,60,baseline_demand,71
2011-06-11,268161.09999999986,0.0,30.0,750.0,750.0,370.0,370.0,0.0,0.0,64836.26223502533,202234.83776497454,267071.09999999986,29.032623111207723,False,SCEN_2011_APR_270D,60,baseline_demand,72
2011-06-12,267071.09999999986,0.0,30.0,750.0,750.0,370.0,370.0,0.0,0.0,64394.37512773106,201586.7248722688,265981.09999999986,28.914131970866386,False,SCEN_2011_APR_270D,60,baseline_demand,73
2011-06-13,265981.09999999986,0.0,30.0,750.0,750.0,370.0,370.0,0.0,0.0,63952.48802043679,200938.61197956305,264891.09999999986,28.795640830525045,False,SCEN_2011_APR_270D,60,baseline_demand,74
2011-06-14,264891.09999999986,0.0,30.0,750.0,750.0,370.0,370.0,0.0,0.0,63510.600913142516,200290.4990868573,263801.0999999998,28.677149690183697,False,SCEN_2011_APR_270D,60,baseline_demand,75
2011-06-15,263801.0999999998,0.0,30.0,750.0,750.0,370.0,370.0,0.0,0.0,63068.713805848245,199642.38619415156,262711.0999999998,28.558658549842352,False,SCEN_2011_APR_270D,60,baseline_demand,76
2011-06-16,262711.0999999998,0.0,30.0,750.0,750.0,370.0,370.0,0.0,0.0,62626.826698553974,198994.27330144582,261621.0999999998,28.44016740950101,False,SCEN_2011_APR_270D,60,baseline_demand,77
2011-06-17,261621.0999999998,0.0,30.0,750.0,750.0,370.0,370.0,0.0,0.0,62184.9395912597,198346.16040874008,260531.09999999977,28.321676269159667,False,SCEN_2011_APR_270D,60,baseline_demand,78
2011-06-18,260531.09999999977,0.0,30.0,750.0,750.0,370.0,370.0,0.0,0.0,61743.05248396543,197698.04751603433,259441.09999999977,28.203185128818326,False,SCEN_2011_APR_270D,60,baseline_demand,79
2011-06-19,259441.09999999977,0.0,30.0,750.0,750.0,370.0,370.0,0.0,0.0,61301.16537667116,197049.9346233286,258351.09999999974,28.08469398847698,False,SCEN_2011_APR_270D,60,baseline_demand,80
2011-06-20,258351.09999999974,0.0,30.0,750.0,750.0,370.0,370.0,0.0,0.0,60859.27826937689,196401.82173062285,257261.09999999974,27.96620284813564,False,SCEN_2011_APR_270D,60,baseline_demand,81
2011-06-21,257261.09999999974,0.0,30.0,750.0,750.0,370.0,370.0,0.0,0.0,60417.39116208262,195753.7088379171,256171.09999999971,27.847711707794293,False,SCEN_2011_APR_270D,60,baseline_demand,82
2011-06-22,256171.09999999971,13.82,651.9,750.0,750.0,370.0,370.0,0.0,0.0,60149.45216871377,195553.54783128595,255702.9999999997,27.796825741928437,False,SCEN_2011_APR_270D,60,baseline_demand,83
2011-06-23,255702.9999999997,3.4999999999999996,187.49999999999997,750.0,750.0,370.0,370.0,0.0,0.0,59751.618491140114,195018.8815088596,254770.4999999997,27.69545602782908,False,SCEN_2011_APR_270D,60,baseline_demand,84
2011-06-24,254770.4999999997,0.26,41.7,750.0,750.0,370.0,370.0,0.0,0.0,59313.00392433937,194379.19607566035,253692.19999999972,27.578236764865714,False,SCEN_2011_APR_270D,60,baseline_demand,85
2011-06-25,253692.19999999972,0.16,37.2,750.0,750.0,370.0,370.0,0.0,0.0,58873.130688118035,193736.26931188168,252609.39999999973,27.460528318295435,False,SCEN_2011_APR_270D,60,baseline_demand,86
2011-06-26,252609.39999999973,0.0,30.0,750.0,750.0,370.0,370.0,0.0,0.0,58431.243580823764,193088.15641917594,251519.3999999997,27.342037177954094,False,SCEN_2011_APR_270D,60,baseline_demand,87
2011-06-27,251519.3999999997,0.0,30.0,750.0,750.0,370.0,370.0,0.0,0.0,57989.35647352949,192440.0435264702,250429.39999999967,27.22354603761275,False,SCEN_2011_APR_270D,60,baseline_demand,88
2011-06-28,250429.39999999967,0.0,30.0,750.0,750.0,370.0,370.0,0.0,0.0,57547.46936623522,191791.93063376445,249339.39999999967,27.10505489727141,False,SCEN_2011_APR_270D,60,baseline_demand,89
2011-06-29,249339.39999999967,0.0,30.0,750.0,750.0,370.0,370.0,0.0,0.0,57105.58225894095,191143.8177410587,248249.39999999967,26.986563756930064,False,SCEN_2011_APR_270D,60,baseline_demand,90
2011-06-30,248249.39999999967,0.5,52.5,750.0,750.0,370.0,370.0,0.0,0.0,56669.988498749626,190511.91150125003,247181.89999999964,26.87051853462329,False,SCEN_2011_APR_270D,60,baseline_demand,91
2011-07-01,247181.89999999964,0.39999999999999997,48.0,750.0,750.0,370.0,370.0,0.0,0.0,56233.13606913771,189876.76393086193,246109.89999999964,26.7539841287096,False,SCEN_2011_APR_270D,60,baseline_demand,92
2011-07-02,246109.89999999964,0.0,30.0,750.0,750.0,370.0,370.0,0.0,0.0,55791.24896184344,189228.65103815618,245019.89999999962,26.63549298836826,False,SCEN_2011_APR_270D,60,baseline_demand,93
2011-07-03,245019.89999999962,0.72,62.4,750.0,750.0,370.0,370.0,0.0,0.0,55358.42427437741,188603.8757256222,243962.2999999996,26.520523969996695,False,SCEN_2011_APR_270D,60,baseline_demand,94
2011-07-04,243962.2999999996,0.0,30.0,750.0,750.0,370.0,370.0,0.0,0.0,54916.53716708314,187955.76283291646,242872.29999999958,26.402032829655354,False,SCEN_2011_APR_270D,60,baseline_demand,95
2011-07-05,242872.29999999958,0.0,30.0,750.0,750.0,370.0,370.0,0.0,0.0,54474.650059788866,187307.64994021071,241782.29999999958,26.28354168931401,False,SCEN_2011_APR_270D,60,baseline_demand,96
2011-07-06,241782.29999999958,0.0,30.0,750.0,750.0,370.0,370.0,0.0,0.0,54032.762952494595,186659.53704750497,240692.29999999958,26.16505054897267,False,SCEN_2011_APR_270D,60,baseline_demand,97
2011-07-07,240692.29999999958,0.0,30.0,750.0,750.0,370.0,370.0,0.0,0.0,53590.875845200324,186011.42415479923,239602.29999999955,26.046559408631325,False,SCEN_2011_APR_270D,60,baseline_demand,98
2011-07-08,239602.29999999955,0.0,30.0,750.0,750.0,370.0,370.0,0.0,0.0,53148.98873790605,185363.31126209348,238512.29999999952,25.928068268289977,False,SCEN_2011_APR_270D,60,baseline_demand,99
2011-07-09,238512.29999999952,0.0,30.0,750.0,750.0,370.0,370.0,0.0,0.0,52707.10163061178,184715.19836938774,237422.29999999952,25.80957712794864,False,SCEN_2011_APR_270D,60,baseline_demand,100
2011-07-10,237422.29999999952,0.05999999999999999,32.7,750.0,750.0,370.0,370.0,0.0,0.0,52265.96972496986,184069.03027502965,236334.9999999995,25.691379497771443,False,SCEN_2011_APR_270D,60,baseline_demand,101
2011-07-11,236334.9999999995,0.0,30.0,750.0,750.0,370.0,370.0,0.0,0.0,51824.08261767559,183420.9173823239,235244.9999999995,25.572888357430102,False,SCEN_2011_APR_270D,60,baseline_demand,102
2011-07-12,235244.9999999995,0.0,30.0,750.0,750.0,370.0,370.0,0.0,0.0,51382.195510381316,182772.80448961817,234154.99999999948,25.454397217088758,False,SCEN_2011_APR_270D,60,baseline_demand,103
2011-07-13,234154.99999999948,0.0,30.0,750.0,750.0,370.0,370.0,0.0,0.0,51125.308403087045,181939.69159691242,233064.99999999948,25.335906076747417,False,SCEN_2011_APR_270D,60,baseline_demand,104
2011-07-14,233064.99999999948,0.0,30.0,750.0,750.0,370.0,370.0,0.0,0.0,50868.421295792774,181106.57870420668,231974.99999999945,25.21741493640607,False,SCEN_2011_APR_270D,60,baseline_demand,105
2011-07-15,231974.99999999945,0.0,30.0,750.0,750.0,370.0,370.0,0.0,0.0,50611.5341884985,180273.46581150094,230884.99999999945,25.09892379606473,False,SCEN_2011_APR_270D,60,baseline_demand,106
2011-07-16,230884.99999999945,0.0,30.0,750.0,750.0,370.0,370.0,0.0,0.0,50354.64708120423,179440.3529187952,229794.99999999942,24.980432655723384,False,SCEN_2011_APR_270D,60,baseline_demand,107
2011-07-17,229794.99999999942,0.0,30.0,750.0,750.0,370.0,370.0,0.0,0.0,50097.75997390996,178607.24002608945,228704.99999999942,24.861941515382043,False,SCEN_2011_APR_270D,60,baseline_demand,108
2011-07-18,228704.99999999942,0.0,30.0,750.0,750.0,370.0,370.0,0.0,0.0,49840.87286661569,177774.1271333837,227614.9999999994,24.743450375040698,False,SCEN_2011_APR_270D,60,baseline_demand,109
2011-07-19,227614.9999999994,4.32,224.4,750.0,750.0,370.0,370.0,0.0,0.0,49638.36027829087,177081.0397217085,226719.39999999938,24.646091966518032,False,SCEN_2011_APR_270D,60,baseline_demand,110
2011-07-20,226719.39999999938,0.0,30.0,750.0,750.0,370.0,370.0,0.0,0.0,49381.4731709966,176247.92682900277,225629.39999999938,24.52760082617669,False,SCEN_2011_APR_270D,60,baseline_demand,111
2011-07-21,225629.39999999938,0.0,30.0,750.0,750.0,370.0,370.0,0.0,0.0,49124.58606370233,175414.81393629703,224539.39999999935,24.409109685835347,False,SCEN_2011_APR_270D,60,baseline_demand,112
2011-07-22,224539.39999999935,0.0,30.0,750.0,750.0,370.0,370.0,0.0,0.0,48867.69895640806,174581.70104359128,223449.39999999932,24.290618545494002,False,SCEN_2011_APR_270D,60,baseline_demand,113
2011-07-23,223449.39999999932,0.0,30.0,750.0,750.0,370.0,370.0,0.0,0.0,48610.81184911379,173748.58815088554,222359.39999999932,24.17212740515266,False,SCEN_2011_APR_270D,60,baseline_demand,114
2011-07-24,222359.39999999932,0.0,30.0,750.0,750.0,370.0,370.0,0.0,0.0,48353.924741819515,172915.4752581798,221269.39999999932,24.053636264811317,False,SCEN_2011_APR_270D,60,baseline_demand,115
2011-07-25,221269.39999999932,0.0,30.0,750.0,750.0,370.0,370.0,0.0,0.0,48097.037634525244,172082.36236547405,220179.3999999993,23.935145124469976,False,SCEN_2011_APR_270D,60,baseline_demand,116
2011-07-26,220179.3999999993,0.0,30.0,750.0,750.0,370.0,370.0,0.0,0.0,47840.15052723097,171249.2494727683,219089.39999999927,23.81665398412863,False,SCEN_2011_APR_270D,60,baseline_demand,117
2011-07-27,219089.39999999927,0.0,30.0,750.0,750.0,370.0,370.0,0.0,0.0,47583.2634199367,170416.13658006256,217999.39999999927,23.698162843787287,False,SCEN_2011_APR_270D,60,baseline_demand,118
2011-07-28,217999.39999999927,0.0,30.0,750.0,750.0,370.0,370.0,0.0,0.0,47326.37631264243,169583.02368735682,216909.39999999927,23.579671703445946,False,SCEN_2011_APR_270D,60,baseline_demand,119
2011-07-29,216909.39999999927,2.1799999999999997,128.1,750.0,750.0,370.0,370.0,0.0,0.0,47096.928198717,168820.57180128223,215917.49999999924,23.471844765735323,False,SCEN_2011_APR_270D,60,baseline_demand,120
2011-07-30,215917.49999999924,0.19999999999999998,39.0,750.0,750.0,370.0,370.0,0.0,0.0,46842.55843026391,167993.94156973533,214836.49999999924,23.35433199260781,False,SCEN_2011_APR_270D,60,baseline_demand,121
2011-07-31,214836.49999999924,0.0,30.0,750.0,750.0,370.0,370.0,0.0,0.0,46585.67132296964,167160.82867702958,213746.4999999992,23.235840852266463,False,SCEN_2011_APR_270D,60,baseline_demand,122
2011-08-01,213746.4999999992,0.0,30.0,750.0,750.0,370.0,370.0,0.0,0.0,46328.78421567537,166327.71578432384,212656.4999999992,23.117349711925122,False,SCEN_2011_APR_270D,60,baseline_demand,123
2011-08-02,212656.4999999992,0.0,30.0,750.0,750.0,370.0,370.0,0.0,0.0,46071.8971083811,165494.6028916181,211566.49999999919,22.99885857158378,False,SCEN_2011_APR_270D,60,baseline_demand,124
2011-08-03,211566.49999999919,0.0,30.0,750.0,750.0,370.0,370.0,0.0,0.0,45815.01000108683,164661.48999891235,210476.49999999919,22.880367431242437,False,SCEN_2011_APR_270D,60,baseline_demand,125
2011-08-04,210476.49999999919,0.0,30.0,750.0,750.0,370.0,370.0,0.0,0.0,45558.122893792555,163828.3771062066,209386.49999999916,22.761876290901093,False,SCEN_2011_APR_270D,60,baseline_demand,126
2011-08-05,209386.49999999916,0.0,30.0,750.0,750.0,370.0,370.0,0.0,0.0,45301.235786498284,162995.26421350086,208296.49999999916,22.64338515055975,False,SCEN_2011_APR_270D,60,baseline_demand,127
2011-08-06,208296.49999999916,0.0,30.0,750.0,750.0,370.0,370.0,0.0,0.0,45044.34867920401,162162.15132079512,207206.49999999913,22.524894010218407,False,SCEN_2011_APR_270D,60,baseline_demand,128
2011-08-07,207206.49999999913,0.0,30.0,750.0,750.0,370.0,370.0,0.0,0.0,44787.46157190974,161329.03842808938,206116.49999999913,22.406402869877066,False,SCEN_2011_APR_270D,60,baseline_demand,129
2011-08-08,206116.49999999913,0.0,30.0,750.0,750.0,370.0,370.0,0.0,0.0,44530.57446461547,160495.92553538363,205026.4999999991,22.28791172953572,False,SCEN_2011_APR_270D,60,baseline_demand,130
2011-08-09,205026.4999999991,0.0,30.0,750.0,750.0,370.0,370.0,0.0,0.0,44273.6873573212,159662.8126426779,203936.4999999991,22.16942058919438,False,SCEN_2011_APR_270D,60,baseline_demand,131
2011-08-10,203936.4999999991,0.0,30.0,750.0,750.0,370.0,370.0,0.0,0.0,44016.80025002693,158829.69974997215,202846.49999999907,22.050929448853037,False,SCEN_2011_APR_270D,60,baseline_demand,132
2011-08-11,202846.49999999907,0.0,30.0,750.0,750.0,370.0,370.0,0.0,0.0,43759.91314273266,157996.5868572664,201756.49999999907,21.932438308511692,False,SCEN_2011_APR_270D,60,baseline_demand,133
2011-08-12,201756.49999999907,0.0,30.0,750.0,750.0,370.0,370.0,0.0,0.0,43503.026035438386,157163.47396456066,200666.49999999904,21.81394716817035,False,SCEN_2011_APR_270D,60,baseline_demand,134
2011-08-13,200666.49999999904,0.0,30.0,750.0,750.0,370.0,370.0,0.0,0.0,43246.138928144115,156330.36107185492,199576.49999999904,21.695456027829007,False,SCEN_2011_APR_270D,60,baseline_demand,135
2011-08-14,199576.49999999904,0.0,30.0,750.0,750.0,370.0,370.0,0.0,0.0,42989.251820849844,155497.24817914917,198486.499999999,21.576964887487662,False,SCEN_2011_APR_270D,60,baseline_demand,136
2011-08-15,198486.499999999,0.0,30.0,750.0,750.0,370.0,370.0,0.0,0.0,42732.36471355557,154664.13528644343,197396.499999999,21.45847374714632,False,SCEN_2011_APR_270D,60,baseline_demand,137
2011-08-16,197396.499999999,0.0,30.0,750.0,750.0,370.0,370.0,0.0,0.0,42475.4776062613,153831.0223937377,196306.49999999898,21.339982606804977,False,SCEN_2011_APR_270D,60,baseline_demand,138
2011-08-17,196306.49999999898,0.0,30.0,750.0,750.0,370.0,370.0,0.0,0.0,42218.59049896703,152997.90950103194,195216.49999999898,21.221491466463636,False,SCEN_2011_APR_270D,60,baseline_demand,139
2011-08-18,195216.49999999898,0.0,30.0,750.0,750.0,370.0,370.0,0.0,0.0,41961.70339167276,152164.7966083262,194126.49999999895,21.10300032612229,False,SCEN_2011_APR_270D,60,baseline_demand,140
2011-08-19,194126.49999999895,0.0,30.0,750.0,750.0,370.0,370.0,0.0,0.0,41704.81628437849,151331.68371562046,193036.49999999895,20.98450918578095,False,SCEN_2011_APR_270D,60,baseline_demand,141
2011-08-20,193036.49999999895,0.0,30.0,750.0,750.0,370.0,370.0,0.0,0.0,41447.92917708422,150498.5708229147,191946.49999999892,20.866018045439606,False,SCEN_2011_APR_270D,60,baseline_demand,142
2011-08-21,191946.49999999892,0.0,30.0,750.0,750.0,370.0,370.0,0.0,0.0,41191.042069789946,149665.45793020897,190856.49999999892,20.747526905098262,False,SCEN_2011_APR_270D,60,baseline_demand,143
2011-08-22,190856.49999999892,0.0,30.0,750.0,750.0,370.0,370.0,0.0,0.0,40934.154962495675,148832.34503750323,189766.4999999989,20.629035764756917,False,SCEN_2011_APR_270D,60,baseline_demand,144
2011-08-23,189766.4999999989,0.0,30.0,750.0,750.0,370.0,370.0,0.0,0.0,40677.267855201404,147999.23214479748,188676.4999999989,20.510544624415576,False,SCEN_2011_APR_270D,60,baseline_demand,145
2011-08-24,188676.4999999989,0.0,30.0,750.0,750.0,370.0,370.0,0.0,0.0,40420.38074790713,147166.11925209174,187586.49999999886,20.392053484074232,False,SCEN_2011_APR_270D,60,baseline_demand,146
2011-08-25,187586.49999999886,4.459999999999999,230.69999999999996,750.0,750.0,370.0,370.0,0.0,0.0,40219.63029677114,146477.56970322772,186697.19999999885,20.295379932601247,False,SCEN_2011_APR_270D,60,baseline_demand,147
2011-08-26,186697.19999999885,0.0,30.0,750.0,750.0,370.0,370.0,0.0,0.0,39962.74318947687,145644.45681052198,185607.19999999885,20.176888792259902,False,SCEN_2011_APR_270D,60,baseline_demand,148
2011-08-27,185607.19999999885,0.0,30.0,750.0,750.0,370.0,370.0,0.0,0.0,39705.856082182596,144811.34391781624,184517.19999999885,20.05839765191856,False,SCEN_2011_APR_270D,60,baseline_demand,149
2011-08-28,184517.19999999885,0.0,30.0,750.0,750.0,370.0,370.0,0.0,0.0,39448.968974888325,143978.2310251105,183427.19999999882,19.939906511577217,True,SCEN_2011_APR_270D,60,baseline_demand,150
2011-08-29,183427.19999999882,0.0,30.0,750.0,750.0,370.0,370.0,0.0,0.0,39192.08186759405,143145.11813240475,182337.1999999988,19.821415371235872,True,SCEN_2011_APR_270D,60,baseline_demand,151
2011-08-30,182337.1999999988,0.0,30.0,750.0,750.0,370.0,370.0,0.0,0.0,38935.19476029978,142312.005239699,181247.1999999988,19.70292423089453,True,SCEN_2011_APR_270D,60,baseline_demand,152
2011-08-31,181247.1999999988,0.0,30.0,750.0,750.0,370.0,370.0,0.0,0.0,38678.30765300551,141478.89234699326,180157.1999999988,19.584433090553187,True,SCEN_2011_APR_270D,60,baseline_demand,153
2011-09-01,180157.1999999988,0.05999999999999999,32.7,750.0,750.0,370.0,370.0,0.0,0.0,38422.17574736359,140647.72425263518,179069.89999999877,19.466235460375994,True,SCEN_2011_APR_270D,60,baseline_demand,154
2011-09-02,179069.89999999877,0.0,30.0,750.0,750.0,370.0,370.0,0.0,0.0,38165.28864006932,139814.61135992943,177979.89999999874,19.34774432003465,True,SCEN_2011_APR_270D,60,baseline_demand,155
2011-09-03,177979.89999999874,0.0,30.0,750.0,750.0,370.0,370.0,0.0,0.0,37908.401532775046,138981.4984672237,176889.89999999874,19.22925317969331,True,SCEN_2011_APR_270D,60,baseline_demand,156
2011-09-04,176889.89999999874,0.0,30.0,750.0,750.0,370.0,370.0,0.0,0.0,37651.514425480775,138148.38557451795,175799.8999999987,19.110762039351965,True,SCEN_2011_APR_270D,60,baseline_demand,157
2011-09-05,175799.8999999987,0.0,30.0,750.0,750.0,370.0,370.0,0.0,0.0,37394.6273181865,137315.2726818122,174709.8999999987,18.99227089901062,True,SCEN_2011_APR_270D,60,baseline_demand,158
2011-09-06,174709.8999999987,0.0,30.0,750.0,750.0,370.0,370.0,0.0,0.0,37137.74021089223,136482.15978910646,173619.89999999868,18.873779758669276,True,SCEN_2011_APR_270D,60,baseline_demand,159
2011-09-07,173619.89999999868,0.0,30.0,750.0,750.0,370.0,370.0,0.0,0.0,36880.85310359796,135649.04689640072,172529.89999999868,18.75528861832794,True,SCEN_2011_APR_270D,60,baseline_demand,160
2011-09-08,172529.89999999868,0.0,30.0,750.0,750.0,370.0,370.0,0.0,0.0,36623.96599630369,134815.93400369497,171439.89999999866,18.63679747798659,True,SCEN_2011_APR_270D,60,baseline_demand,161
2011-09-09,171439.89999999866,0.0,30.0,750.0,750.0,370.0,370.0,0.0,0.0,36367.07888900942,133982.82111098923,170349.89999999866,18.51830633764525,True,SCEN_2011_APR_270D,60,baseline_demand,162
2011-09-10,170349.89999999866,0.0,30.0,750.0,750.0,370.0,370.0,0.0,0.0,36110.19178171515,133149.7082182835,169259.89999999863,18.399815197303905,True,SCEN_2011_APR_270D,60,baseline_demand,163
2011-09-11,169259.89999999863,0.0,30.0,750.0,750.0,370.0,370.0,0.0,0.0,35853.30467442088,132316.59532557774,168169.89999999863,18.281324056962564,True,SCEN_2011_APR_270D,60,baseline_demand,164
2011-09-12,168169.89999999863,0.0,30.0,750.0,750.0,370.0,370.0,0.0,0.0,35596.417567126606,131483.482432872,167079.8999999986,18.16283291662122,True,SCEN_2011_APR_270D,60,baseline_demand,165
2011-09-13,167079.8999999986,0.0,30.0,750.0,750.0,370.0,370.0,0.0,0.0,35339.530459832335,130650.36954016626,165989.8999999986,18.04434177627988,True,SCEN_2011_APR_270D,60,baseline_demand,166
2011-09-14,165989.8999999986,0.0,30.0,750.0,750.0,370.0,370.0,0.0,0.0,35082.64335253806,129817.25664746053,164899.8999999986,17.925850635938538,True,SCEN_2011_APR_270D,60,baseline_demand,167
2011-09-15,164899.8999999986,0.0,30.0,750.0,750.0,370.0,370.0,0.0,0.0,34825.75624524379,128984.1437547548,163809.8999999986,17.807359495597193,True,SCEN_2011_APR_270D,60,baseline_demand,168
2011-09-16,163809.8999999986,7.759999999999999,379.19999999999993,750.0,750.0,370.0,370.0,0.0,0.0,34666.54188498724,128402.55811501134,163069.09999999858,17.72682900315236,True,SCEN_2011_APR_270D,60,baseline_demand,169
2011-09-17,163069.09999999858,8.78,425.09999999999997,750.0,750.0,370.0,370.0,0.0,0.0,34520.165952820695,127854.03404717788,162374.19999999856,17.65128818349805,True,SCEN_2011_APR_270D,60,baseline_demand,170
2011-09-18,162374.19999999856,5.96,298.2,750.0,750.0,370.0,370.0,0.0,0.0,34338.29554299354,127214.10445700503,161552.39999999857,17.56195238612877,True,SCEN_2011_APR_270D,60,baseline_demand,171
2011-09-19,161552.39999999857,0.8199999999999998,66.89999999999999,750.0,750.0,370.0,370.0,0.0,0.0,34091.729524948096,126407.57047505047,160499.29999999856,17.447472551364125,True,SCEN_2011_APR_270D,60,baseline_demand,172
2011-09-20,160499.29999999856,0.0,30.0,750.0,750.0,370.0,370.0,0.0,0.0,33834.842417653825,125574.45758234474,159409.29999999856,17.32898141102278,True,SCEN_2011_APR_270D,60,baseline_demand,173
2011-09-21,159409.29999999856,0.0,30.0,750.0,750.0,370.0,370.0,0.0,0.0,33577.95531035955,124741.34468963901,158319.29999999856,17.21049027068144,True,SCEN_2011_APR_270D,60,baseline_demand,174
2011-09-22,158319.29999999856,0.0,30.0,750.0,750.0,370.0,370.0,0.0,0.0,33321.06820306528,123908.23179693328,157229.29999999856,17.0919991303401,True,SCEN_2011_APR_270D,60,baseline_demand,175
2011-09-23,157229.29999999856,0.0,30.0,750.0,750.0,370.0,370.0,0.0,0.0,33064.18109577101,123075.11890422755,156139.29999999856,16.973507989998758,True,SCEN_2011_APR_270D,60,baseline_demand,176
2011-09-24,156139.29999999856,0.0,30.0,750.0,750.0,370.0,370.0,0.0,0.0,32807.29398847674,122242.00601152182,155049.29999999856,16.855016849657414,True,SCEN_2011_APR_270D,60,baseline_demand,177
2011-09-25,155049.29999999856,0.0,30.0,750.0,750.0,370.0,370.0,0.0,0.0,32550.406881182473,121408.8931188161,153959.29999999856,16.736525709316076,True,SCEN_2011_APR_270D,60,baseline_demand,178
2011-09-26,153959.29999999856,0.0,30.0,750.0,750.0,370.0,370.0,0.0,0.0,32293.5197738882,120575.78022611036,152869.29999999856,16.618034568974732,True,SCEN_2011_APR_270D,60,baseline_demand,179
2011-09-27,152869.29999999856,0.0,30.0,750.0,750.0,370.0,370.0,0.0,0.0,32036.63266659393,119742.66733340464,151779.29999999856,16.49954342863339,True,SCEN_2011_APR_270D,60,baseline_demand,180
2011-09-28,151779.29999999856,0.0,30.0,750.0,750.0,370.0,370.0,0.0,0.0,31779.74555929966,118909.5544406989,150689.29999999856,16.38105228829205,True,SCEN_2011_APR_270D,60,baseline_demand,181
2011-09-29,150689.29999999856,0.72,62.4,750.0,750.0,370.0,370.0,0.0,0.0,31531.92087183363,118099.77912816493,149631.69999999856,16.266083269920486,True,SCEN_2011_APR_270D,60,baseline_demand,182
2011-09-30,149631.69999999856,0.0,30.0,750.0,750.0,370.0,370.0,0.0,0.0,31275.03376453936,117266.6662354592,148541.69999999856,16.147592129579145,True,SCEN_2011_APR_270D,60,baseline_demand,183
2011-10-01,148541.69999999856,0.0,30.0,380.0,380.0,370.0,370.0,0.0,0.0,31121.63725404909,116700.06274594947,147821.69999999856,16.06932275247294,True,SCEN_2011_APR_270D,60,baseline_demand,184
2011-10-02,147821.69999999856,0.0,30.0,380.0,380.0,370.0,370.0,0.0,0.0,30968.240743558817,116133.45925643975,147101.69999999856,15.991053375366732,True,SCEN_2011_APR_270D,60,baseline_demand,185
2011-10-03,147101.69999999856,0.0,30.0,380.0,380.0,370.0,370.0,0.0,0.0,30814.844233068547,115566.85576693002,146381.69999999856,15.912783998260524,True,SCEN_2011_APR_270D,60,baseline_demand,186
2011-10-04,146381.69999999856,0.0,30.0,380.0,380.0,370.0,370.0,0.0,0.0,30661.447722578276,115000.2522774203,145661.69999999856,15.834514621154316,True,SCEN_2011_APR_270D,60,baseline_demand,187
2011-10-05,145661.69999999856,0.0,30.0,380.0,380.0,370.0,370.0,0.0,0.0,30508.051212088005,114433.64878791057,144941.6999999986,15.756245244048111,True,SCEN_2011_APR_270D,60,baseline_demand,188
2011-10-06,144941.6999999986,0.0,30.0,380.0,380.0,370.0,370.0,0.0,0.0,30354.654701597734,113867.04529840084,144221.6999999986,15.677975866941903,True,SCEN_2011_APR_270D,60,baseline_demand,189
2011-10-07,144221.6999999986,1.02,75.9,380.0,380.0,370.0,370.0,0.0,0.0,30214.096619197473,113333.5033808011,143547.59999999858,15.604696162626219,True,SCEN_2011_APR_270D,60,baseline_demand,190
2011-10-08,143547.59999999858,2.74,153.3,380.0,380.0,370.0,370.0,0.0,0.0,30095.187650831347,112855.71234916724,142950.8999999986,15.539830416349451,True,SCEN_2011_APR_270D,60,baseline_demand,191
2011-10-09,142950.8999999986,28.340000000000003,1305.3000000000002,380.0,380.0,370.0,370.0,0.0,0.0,30298.498054136056,113207.70194586253,143506.1999999986,15.600195673442613,True,SCEN_2011_APR_270D,60,baseline_demand,192
2011-10-10,143506.1999999986,0.0,30.0,380.0,380.0,370.0,370.0,0.0,0.0,30145.101543645786,112641.0984563528,142786.1999999986,15.521926296336405,True,SCEN_2011_APR_270D,60,baseline_demand,193
2011-10-11,142786.1999999986,0.0,30.0,380.0,380.0,370.0,370.0,0.0,0.0,29991.705033155515,112074.49496684308,142066.1999999986,15.443656919230197,True,SCEN_2011_APR_270D,60,baseline_demand,194
2011-10-12,142066.1999999986,0.0,30.0,380.0,380.0,370.0,370.0,0.0,0.0,29838.308522665244,111507.89147733335,141346.1999999986,15.36538754212399,True,SCEN_2011_APR_270D,60,baseline_demand,195
2011-10-13,141346.1999999986,6.819999999999999,336.9,380.0,380.0,370.0,370.0,0.0,0.0,29770.753266659158,111162.34673333944,140933.09999999858,15.320480487009302,True,SCEN_2011_APR_270D,60,baseline_demand,196
2011-10-14,140933.09999999858,0.0,30.0,380.0,380.0,370.0,370.0,0.0,0.0,29617.356756168887,110595.74324382971,140213.0999999986,15.242211109903101,True,SCEN_2011_APR_270D,60,baseline_demand,197
2011-10-15,140213.0999999986,0.0,30.0,380.0,380.0,370.0,370.0,0.0,0.0,29463.960245678616,110029.13975431999,139493.0999999986,15.163941732796893,True,SCEN_2011_APR_270D,60,baseline_demand,198
2011-10-16,139493.0999999986,0.0,30.0,380.0,380.0,370.0,370.0,0.0,0.0,29310.563735188345,109462.53626481026,138773.0999999986,15.085672355690685,True,SCEN_2011_APR_270D,60,baseline_demand,199
2011-10-17,138773.0999999986,0.0,30.0,380.0,380.0,370.0,370.0,0.0,0.0,29157.167224698074,108895.93277530053,138053.0999999986,15.007402978584478,True,SCEN_2011_APR_270D,60,baseline_demand,200
2011-10-18,138053.0999999986,0.0,30.0,380.0,380.0,370.0,370.0,0.0,0.0,29003.770714207803,108329.32928579081,137333.0999999986,14.92913360147827,True,SCEN_2011_APR_270D,60,baseline_demand,201
2011-10-19,137333.0999999986,0.0,30.0,380.0,380.0,370.0,370.0,0.0,0.0,28850.374203717533,107762.72579628108,136613.0999999986,14.850864224372062,True,SCEN_2011_APR_270D,60,baseline_demand,202
2011-10-20,136613.0999999986,0.0,30.0,380.0,380.0,370.0,370.0,0.0,0.0,28696.97769322726,107196.12230677136,135893.0999999986,14.772594847265855,True,SCEN_2011_APR_270D,60,baseline_demand,203
2011-10-21,135893.0999999986,0.0,30.0,380.0,380.0,370.0,370.0,0.0,0.0,28543.58118273699,106629.51881726163,135173.09999999864,14.694325470159653,True,SCEN_2011_APR_270D,60,baseline_demand,204
2011-10-22,135173.09999999864,0.0,30.0,380.0,380.0,370.0,370.0,0.0,0.0,28390.18467224672,106062.9153277519,134453.09999999864,14.616056093053444,True,SCEN_2011_APR_270D,60,baseline_demand,205
2011-10-23,134453.09999999864,0.0,30.0,380.0,380.0,370.0,370.0,0.0,0.0,28236.78816175645,105496.31183824218,133733.09999999864,14.537786715947238,True,SCEN_2011_APR_270D,60,baseline_demand,206
2011-10-24,133733.09999999864,0.0,30.0,380.0,380.0,370.0,370.0,0.0,0.0,28083.391651266178,104929.70834873246,133013.09999999864,14.45951733884103,True,SCEN_2011_APR_270D,60,baseline_demand,207
2011-10-25,133013.09999999864,0.0,30.0,380.0,380.0,370.0,370.0,0.0,0.0,27929.995140775907,104363.10485922273,132293.09999999864,14.381247961734822,True,SCEN_2011_APR_270D,60,baseline_demand,208
2011-10-26,132293.09999999864,0.0,30.0,380.0,380.0,370.0,370.0,0.0,0.0,27776.598630285636,103796.501369713,131573.09999999864,14.302978584628617,True,SCEN_2011_APR_270D,60,baseline_demand,209
2011-10-27,131573.09999999864,0.09999999999999999,34.5,380.0,380.0,370.0,370.0,0.0,0.0,27624.460789215955,103233.13921078268,130857.59999999864,14.225198391129323,True,SCEN_2011_APR_270D,60,baseline_demand,210
2011-10-28,130857.59999999864,0.39999999999999997,48.0,380.0,380.0,370.0,370.0,0.0,0.0,27476.09895640804,102679.5010435906,130155.59999999864,14.148885748450772,True,SCEN_2011_APR_270D,60,baseline_demand,211
2011-10-29,130155.59999999864,0.0,30.0,380.0,380.0,370.0,370.0,0.0,0.0,27322.70244591777,102112.89755408088,129435.59999999864,14.070616371344563,True,SCEN_2011_APR_270D,60,baseline_demand,212
2011-10-30,129435.59999999864,0.0,30.0,380.0,380.0,370.0,370.0,0.0,0.0,27169.3059354275,101546.29406457115,128715.59999999865,13.992346994238359,True,SCEN_2011_APR_270D,60,baseline_demand,213
2011-10-31,128715.59999999865,0.0,30.0,380.0,380.0,370.0,370.0,0.0,0.0,27015.90942493723,100979.69057506142,127995.59999999865,13.91407761713215,True,SCEN_2011_APR_270D,60,baseline_demand,214
2011-11-01,127995.59999999865,0.0,30.0,380.0,380.0,370.0,370.0,0.0,0.0,26862.512914446957,100413.0870855517,127275.59999999865,13.835808240025942,True,SCEN_2011_APR_270D,60,baseline_demand,215
2011-11-02,127275.59999999865,0.05999999999999999,32.7,380.0,380.0,370.0,370.0,0.0,0.0,26709.87160560904,99848.42839438962,126558.29999999865,13.757832373083884,True,SCEN_2011_APR_270D,60,baseline_demand,216
2011-11-03,126558.29999999865,0.9199999999999999,71.4,380.0,380.0,370.0,370.0,0.0,0.0,26568.05485378819,99311.64514621046,125879.69999999864,13.684063485161282,True,SCEN_2011_APR_270D,60,baseline_demand,217
2011-11-04,125879.69999999864,0.0,30.0,380.0,380.0,370.0,370.0,0.0,0.0,26414.65834329792,98745.04165670073,125159.69999999866,13.605794108055077,True,SCEN_2011_APR_270D,60,baseline_demand,218
2011-11-05,125159.69999999866,0.0,30.0,380.0,380.0,370.0,370.0,0.0,0.0,26261.26183280765,98178.43816719101,124439.69999999866,13.527524730948869,True,SCEN_2011_APR_270D,60,baseline_demand,219
2011-11-06,124439.69999999866,0.0,30.0,380.0,380.0,370.0,370.0,0.0,0.0,26107.86532231738,97611.83467768128,123719.69999999866,13.449255353842663,True,SCEN_2011_APR_270D,60,baseline_demand,220
2011-11-07,123719.69999999866,0.0,30.0,380.0,380.0,370.0,370.0,0.0,0.0,25954.468811827108,97045.23118817156,122999.69999999867,13.370985976736458,True,SCEN_2011_APR_270D,60,baseline_demand,221
2011-11-08,122999.69999999867,0.36,46.2,380.0,380.0,370.0,370.0,0.0,0.0,25805.60351125096,96490.29648874771,122295.89999999867,13.29447766061514,True,SCEN_2011_APR_270D,60,baseline_demand,222
2011-11-09,122295.89999999867,0.19999999999999998,39.0,380.0,380.0,370.0,370.0,0.0,0.0,25654.724339601868,95930.17566039681,121584.89999999868,13.217186650722763,True,SCEN_2011_APR_270D,60,baseline_demand,223
2011-11-10,121584.89999999868,0.6,57.0,380.0,380.0,370.0,370.0,0.0,0.0,25508.879845635132,95383.02015436355,120891.89999999868,13.141852375258036,True,SCEN_2011_APR_270D,60,baseline_demand,224
2011-11-11,120891.89999999868,0.0,30.0,380.0,380.0,370.0,370.0,0.0,0.0,25355.48333514486,94816.41666485382,120171.89999999868,13.06358299815183,True,SCEN_2011_APR_270D,60,baseline_demand,225
2011-11-12,120171.89999999868,0.0,30.0,380.0,380.0,370.0,370.0,0.0,0.0,25202.08682465459,94249.8131753441,119451.89999999868,12.985313621045622,True,SCEN_2011_APR_270D,60,baseline_demand,226
2011-11-13,119451.89999999868,0.0,30.0,380.0,380.0,370.0,370.0,0.0,0.0,25048.69031416432,93683.20968583437,118731.89999999868,12.907044243939417,True,SCEN_2011_APR_270D,60,baseline_demand,227
2011-11-14,118731.89999999868,0.0,30.0,380.0,380.0,370.0,370.0,0.0,0.0,24895.29380367405,93116.60619632465,118011.8999999987,12.828774866833209,True,SCEN_2011_APR_270D,60,baseline_demand,228
2011-11-15,118011.8999999987,2.84,157.8,380.0,380.0,370.0,370.0,0.0,0.0,24777.643504728512,92642.05649527018,117419.6999999987,12.764398304163354,True,SCEN_2011_APR_270D,60,baseline_demand,229
2011-11-16,117419.6999999987,0.0,30.0,380.0,380.0,370.0,370.0,0.0,0.0,24624.24699423824,92075.45300576046,116699.6999999987,12.686128927057148,True,SCEN_2011_APR_270D,60,baseline_demand,230
2011-11-17,116699.6999999987,0.0,30.0,380.0,380.0,370.0,370.0,0.0,0.0,24470.85048374797,91508.84951625073,115979.6999999987,12.60785954995094,True,SCEN_2011_APR_270D,60,baseline_demand,231
2011-11-18,115979.6999999987,0.0,30.0,380.0,380.0,370.0,370.0,0.0,0.0,24317.4539732577,90942.246026741,115259.6999999987,12.529590172844735,True,SCEN_2011_APR_270D,60,baseline_demand,232
2011-11-19,115259.6999999987,0.0,30.0,380.0,380.0,370.0,370.0,0.0,0.0,24164.05746276743,90375.64253723128,114539.6999999987,12.451320795738525,True,SCEN_2011_APR_270D,60,baseline_demand,233
2011-11-20,114539.6999999987,0.0,30.0,380.0,380.0,370.0,370.0,0.0,0.0,24010.660952277158,89809.03904772156,113819.69999999872,12.37305141863232,True,SCEN_2011_APR_270D,60,baseline_demand,234
2011-11-21,113819.69999999872,0.9599999999999999,73.19999999999999,380.0,380.0,370.0,370.0,0.0,0.0,23869.347668224545,89273.55233177418,113142.89999999871,12.299478204152486,True,SCEN_2011_APR_270D,60,baseline_demand,235
2011-11-22,113142.89999999871,0.11999999999999998,35.4,380.0,380.0,370.0,370.0,0.0,0.0,23717.46156103898,88710.83843895973,112428.29999999871,12.221795847374574,True,SCEN_2011_APR_270D,60,baseline_demand,236
2011-11-23,112428.29999999871,0.0,30.0,380.0,380.0,370.0,370.0,0.0,0.0,23564.06505054871,88144.23494945001,111708.29999999872,12.14352647026837,True,SCEN_2011_APR_270D,60,baseline_demand,237
2011-11-24,111708.29999999872,0.0,30.0,380.0,380.0,370.0,370.0,0.0,0.0,23410.66854005844,87577.63145994028,110988.29999999872,12.065257093162161,True,SCEN_2011_APR_270D,60,baseline_demand,238
2011-11-25,110988.29999999872,0.0,30.0,380.0,380.0,370.0,370.0,0.0,0.0,23257.27202956817,87011.02797043056,110268.29999999872,11.986987716055953,True,SCEN_2011_APR_270D,60,baseline_demand,239
2011-11-26,110268.29999999872,5.539999999999999,279.29999999999995,380.0,380.0,370.0,370.0,0.0,0.0,23173.60580497854,86623.99419502019,109797.59999999873,11.935819110772773,True,SCEN_2011_APR_270D,60,baseline_demand,240
2011-11-27,109797.59999999873,0.0,30.0,380.0,380.0,370.0,370.0,0.0,0.0,23020.209294488268,86057.39070551046,109077.59999999873,11.857549733666565,True,SCEN_2011_APR_270D,60,baseline_demand,241
2011-11-28,109077.59999999873,0.0,30.0,380.0,380.0,370.0,370.0,0.0,0.0,22866.812783997997,85490.78721600074,108357.59999999874,11.77928035656036,True,SCEN_2011_APR_270D,60,baseline_demand,242
2011-11-29,108357.59999999874,0.0,30.0,380.0,380.0,370.0,370.0,0.0,0.0,22713.416273507726,84924.18372649101,107637.59999999874,11.701010979454152,True,SCEN_2011_APR_270D,60,baseline_demand,243
2011-11-30,107637.59999999874,0.0,30.0,380.0,380.0,370.0,370.0,0.0,0.0,22560.019763017455,84357.58023698129,106917.59999999874,11.622741602347944,True,SCEN_2011_APR_270D,60,baseline_demand,244
2011-12-01,106917.59999999874,0.09999999999999999,34.5,380.0,380.0,370.0,370.0,0.0,0.0,22407.881921947774,83794.21807805097,106202.09999999874,11.544961408848652,True,SCEN_2011_APR_270D,60,baseline_demand,245
2011-12-02,106202.09999999874,1.4599999999999997,95.69999999999999,380.0,380.0,370.0,370.0,0.0,0.0,22272.861984998104,83274.93801500063,105547.79999999874,11.473834112403384,True,SCEN_2011_APR_270D,60,baseline_demand,246
2011-12-03,105547.79999999874,0.72,62.4,380.0,380.0,370.0,370.0,0.0,0.0,22128.527894336075,82731.67210566266,104860.19999999873,11.399086857266957,True,SCEN_2011_APR_270D,60,baseline_demand,247
2011-12-04,104860.19999999873,1.7400000000000002,108.30000000000001,380.0,380.0,370.0,370.0,0.0,0.0,21997.032231764057,82221.46776823468,104218.49999999873,11.329329274921049,True,SCEN_2011_APR_270D,60,baseline_demand,248
2011-12-05,104218.49999999873,1.28,87.6,380.0,380.0,370.0,370.0,0.0,0.0,21859.74668985733,81696.3533101414,103556.09999999874,11.25732144798334,True,SCEN_2011_APR_270D,60,baseline_demand,249
2011-12-06,103556.09999999874,0.0,30.0,380.0,380.0,370.0,370.0,0.0,0.0,21706.35017936706,81129.74982063168,102836.09999999874,11.179052070877132,True,SCEN_2011_APR_270D,60,baseline_demand,250
2011-12-07,102836.09999999874,0.0,30.0,380.0,380.0,370.0,370.0,0.0,0.0,21552.953668876788,80563.14633112196,102116.09999999874,11.100782693770924,True,SCEN_2011_APR_270D,60,baseline_demand,251
2011-12-08,102116.09999999874,0.0,30.0,380.0,380.0,370.0,370.0,0.0,0.0,21399.557158386517,79996.54284161223,101396.09999999875,11.02251331666472,True,SCEN_2011_APR_270D,60,baseline_demand,252
2011-12-09,101396.09999999875,0.0,30.0,380.0,380.0,370.0,370.0,0.0,0.0,21246.160647896246,79429.9393521025,100676.09999999875,10.944243939558513,True,SCEN_2011_APR_270D,60,baseline_demand,253
2011-12-10,100676.09999999875,6.0,300.0,380.0,380.0,370.0,370.0,0.0,0.0,21168.28430264133,79057.81569735742,100226.09999999875,10.895325578867132,True,SCEN_2011_APR_270D,60,baseline_demand,254
2011-12-11,100226.09999999875,1.5199999999999998,98.39999999999999,380.0,380.0,370.0,370.0,0.0,0.0,21034.019567344014,78540.48043265473,99574.49999999875,10.824491792586015,True,SCEN_2011_APR_270D,60,baseline_demand,255
2011-12-12,99574.49999999875,1.26,86.7,380.0,380.0,370.0,370.0,0.0,0.0,20896.482291553166,78014.71770844558,98911.19999999875,10.75238612892692,True,SCEN_2011_APR_270D,60,baseline_demand,256
2011-12-13,98911.19999999875,0.72,62.4,380.0,380.0,370.0,370.0,0.0,0.0,20752.148200891137,77471.4517991076,98223.59999999874,10.677638873790492,True,SCEN_2011_APR_270D,60,baseline_demand,257
2011-12-14,98223.59999999874,0.36,46.2,380.0,380.0,370.0,370.0,0.0,0.0,20603.28290031499,76916.51709968376,97519.79999999874,10.601130557669174,True,SCEN_2011_APR_270D,60,baseline_demand,258
2011-12-15,97519.79999999874,0.6,57.0,380.0,380.0,370.0,370.0,0.0,0.0,20457.438406348254,76369.3615936505,96826.79999999875,10.525796282204452,True,SCEN_2011_APR_270D,60,baseline_demand,259
2011-12-16,96826.79999999875,0.0,30.0,380.0,380.0,370.0,370.0,0.0,0.0,20304.041895857983,75802.75810414077,96106.79999999875,10.447526905098245,True,SCEN_2011_APR_270D,60,baseline_demand,260
2011-12-17,96106.79999999875,0.0,30.0,380.0,380.0,370.0,370.0,0.0,0.0,20150.645385367712,75236.15461463104,95386.79999999875,10.369257527992037,True,SCEN_2011_APR_270D,60,baseline_demand,261
2011-12-18,95386.79999999875,0.09999999999999999,34.5,380.0,380.0,370.0,370.0,0.0,0.0,19998.50754429803,74672.79245570072,94671.29999999875,10.291477334492743,True,SCEN_2011_APR_270D,60,baseline_demand,262
2011-12-19,94671.29999999875,1.7400000000000002,108.30000000000001,380.0,380.0,370.0,370.0,0.0,0.0,19867.01188172601,74162.58811827275,94029.59999999875,10.221719752146836,True,SCEN_2011_APR_270D,60,baseline_demand,263
2011-12-20,94029.59999999875,0.11999999999999998,35.4,380.0,380.0,370.0,370.0,0.0,0.0,19715.125774540447,73599.8742254583,93314.99999999875,10.144037395368926,True,SCEN_2011_APR_270D,60,baseline_demand,264
2011-12-21,93314.99999999875,1.98,119.1,380.0,380.0,370.0,370.0,0.0,0.0,19586.65091857784,73097.44908142091,92684.09999999875,10.075453853679612,True,SCEN_2011_APR_270D,60,baseline_demand,265
2011-12-22,92684.09999999875,5.64,283.79999999999995,380.0,380.0,370.0,370.0,0.0,0.0,19504.2433634088,72713.65663658995,92217.89999999874,10.024774432003342,True,SCEN_2011_APR_270D,60,baseline_demand,266
2011-12-23,92217.89999999874,0.0,30.0,380.0,380.0,370.0,370.0,0.0,0.0,19350.84685291853,72147.05314708022,91497.89999999876,9.946505054897138,True,SCEN_2011_APR_270D,60,baseline_demand,267
2011-12-24,91497.89999999876,1.6600000000000001,104.7,380.0,380.0,370.0,370.0,0.0,0.0,19218.34425481004,71634.25574518871,90852.59999999875,9.876356125665698,True,SCEN_2011_APR_270D,60,baseline_demand,268
2011-12-25,90852.59999999875,0.16,37.2,380.0,380.0,370.0,370.0,0.0,0.0,19066.961615392713,71072.83838460605,90139.79999999877,9.798869442330554,True,SCEN_2011_APR_270D,60,baseline_demand,269
2011-12-26,90139.79999999877,0.16,37.2,380.0,380.0,370.0,370.0,0.0,0.0,18915.578975975386,70511.42102402338,89426.99999999876,9.721382758995409,True,SCEN_2011_APR_270D,60,baseline_demand,270
2011-04-01,321965.0,0.0,30.0,380.0,380.0,314.5,314.5,0.0,0.0,89752.67848950972,231547.82151049023,321300.49999999994,34.92776388737905,False,SCEN_2011_APR_270D,60,conservation_15pct,1
2011-04-02,321300.49999999994,0.0,30.0,380.0,380.0,314.5,314.5,0.0,0.0,89450.35697901945,231185.6430209805,320635.99999999994,34.85552777475812,False,SCEN_2011_APR_270D,60,conservation_15pct,2
2011-04-03,320635.99999999994,0.0,30.0,380.0,380.0,314.5,314.5,0.0,0.0,89148.03546852917,230823.46453147076,319971.49999999994,34.78329166213718,False,SCEN_2011_APR_270D,60,conservation_15pct,3
2011-04-04,319971.49999999994,0.0,30.0,380.0,380.0,314.5,314.5,0.0,0.0,88845.71395803889,230461.28604196102,319306.9999999999,34.71105554951624,False,SCEN_2011_APR_270D,60,conservation_15pct,4
2011-04-05,319306.9999999999,0.0,30.0,380.0,380.0,314.5,314.5,0.0,0.0,88543.39244754861,230099.10755245129,318642.4999999999,34.638819436895304,False,SCEN_2011_APR_270D,60,conservation_15pct,5
2011-04-06,318642.4999999999,0.0,30.0,380.0,380.0,314.5,314.5,0.0,0.0,88241.07093705834,229736.92906294155,317977.9999999999,34.56658332427436,False,SCEN_2011_APR_270D,60,conservation_15pct,6
2011-04-07,317977.9999999999,0.0,30.0,380.0,380.0,314.5,314.5,0.0,0.0,87938.74942656806,229374.7505734318,317313.4999999999,34.49434721165343,False,SCEN_2011_APR_270D,60,conservation_15pct,7
2011-04-08,317313.4999999999,0.0,30.0,380.0,380.0,314.5,314.5,0.0,0.0,87636.42791607778,229012.57208392207,316648.9999999999,34.42211109903249,False,SCEN_2011_APR_270D,60,conservation_15pct,8
2011-04-09,316648.9999999999,0.0,30.0,380.0,380.0,314.5,314.5,0.0,0.0,87334.1064055875,228650.39359441234,315984.4999999998,34.34987498641155,False,SCEN_2011_APR_270D,60,conservation_15pct,9
2011-04-10,315984.4999999998,0.0,30.0,380.0,380.0,314.5,314.5,0.0,0.0,87031.78489509723,228288.2151049026,315319.9999999998,34.277638873790615,False,SCEN_2011_APR_270D,60,conservation_15pct,10
2011-04-11,315319.9999999998,0.32,44.4,380.0,380.0,314.5,314.5,0.0,0.0,86733.49112675284,227936.40887324698,314669.8999999998,34.206968148711795,False,SCEN_2011_APR_270D,60,conservation_15pct,11
2011-04-12,314669.8999999998,0.0,30.0,380.0,380.0,314.5,314.5,0.0,0.0,86431.16961626256,227574.23038373725,314005.3999999998,34.13473203609086,False,SCEN_2011_APR_270D,60,conservation_15pct,12
2011-04-13,314005.3999999998,0.0,30.0,380.0,380.0,314.5,314.5,0.0,0.0,86128.84810577228,227212.0518942275,313340.8999999998,34.06249592346992,False,SCEN_2011_APR_270D,60,conservation_15pct,13
2011-04-14,313340.8999999998,0.0,30.0,380.0,380.0,314.5,314.5,0.0,0.0,85826.526595282,226849.87340471777,312676.3999999998,33.99025981084898,False,SCEN_2011_APR_270D,60,conservation_15pct,14
2011-04-15,312676.3999999998,0.0,30.0,380.0,380.0,314.5,314.5,0.0,0.0,85524.20508479173,226487.69491520803,312011.8999999998,33.91802369822805,False,SCEN_2011_APR_270D,60,conservation_15pct,15
2011-04-16,312011.8999999998,0.0,30.0,380.0,380.0,314.5,314.5,0.0,0.0,85221.88357430145,226125.5164256983,311347.39999999973,33.8457875856071,False,SCEN_2011_APR_270D,60,conservation_15pct,16
2011-04-17,311347.39999999973,0.0,30.0,380.0,380.0,314.5,314.5,0.0,0.0,84919.56206381117,225763.33793618856,310682.89999999973,33.77355147298616,False,SCEN_2011_APR_270D,60,conservation_15pct,17
2011-04-18,310682.89999999973,0.0,30.0,380.0,380.0,314.5,314.5,0.0,0.0,84617.2405533209,225401.15944667882,310018.39999999973,33.70131536036523,False,SCEN_2011_APR_270D,60,conservation_15pct,18
2011-04-19,310018.39999999973,0.0,30.0,380.0,380.0,314.5,314.5,0.0,0.0,84314.91904283062,225038.9809571691,309353.8999999997,33.629079247744286,False,SCEN_2011_APR_270D,60,conservation_15pct,19
2011-04-20,309353.8999999997,0.0,30.0,380.0,380.0,314.5,314.5,0.0,0.0,84012.59753234034,224676.80246765935,308689.3999999997,33.55684313512335,False,SCEN_2011_APR_270D,60,conservation_15pct,20
2011-04-21,308689.3999999997,0.0,30.0,380.0,380.0,314.5,314.5,0.0,0.0,83710.27602185006,224314.6239781496,308024.8999999997,33.48460702250241,False,SCEN_2011_APR_270D,60,conservation_15pct,21
2011-04-22,308024.8999999997,0.0,30.0,380.0,380.0,314.5,314.5,0.0,0.0,83407.95451135979,223952.44548863987,307360.3999999997,33.412370909881474,False,SCEN_2011_APR_270D,60,conservation_15pct,22
2011-04-23,307360.3999999997,0.0,30.0,380.0,380.0,314.5,314.5,0.0,0.0,83105.63300086951,223590.26699913014,306695.8999999997,33.34013479726053,False,SCEN_2011_APR_270D,60,conservation_15pct,23
2011-04-24,306695.8999999997,0.0,30.0,380.0,380.0,314.5,314.5,0.0,0.0,82803.31149037923,223228.0885096204,306031.3999999996,33.26789868463959,False,SCEN_2011_APR_270D,60,conservation_15pct,24
2011-04-25,306031.3999999996,0.05999999999999999,32.7,380.0,380.0,314.5,314.5,0.0,0.0,82501.74518154131,222867.85481845832,305369.5999999996,33.1959560821828,False,SCEN_2011_APR_270D,60,conservation_15pct,25
2011-04-26,305369.5999999996,0.0,30.0,380.0,380.0,314.5,314.5,0.0,0.0,82199.42367105103,222505.67632894858,304705.0999999996,33.12371996956187,False,SCEN_2011_APR_270D,60,conservation_15pct,26
2011-04-27,304705.0999999996,0.0,30.0,380.0,380.0,314.5,314.5,0.0,0.0,81897.10216056075,222143.49783943885,304040.5999999996,33.05148385694093,False,SCEN_2011_APR_270D,60,conservation_15pct,27
2011-04-28,304040.5999999996,0.0,30.0,380.0,380.0,314.5,314.5,0.0,0.0,81594.78065007048,221781.3193499291,303376.09999999957,32.97924774431999,False,SCEN_2011_APR_270D,60,conservation_15pct,28
2011-04-29,303376.09999999957,0.0,30.0,380.0,380.0,314.5,314.5,0.0,0.0,81292.4591395802,221419.14086041937,302711.59999999957,32.90701163169905,False,SCEN_2011_APR_270D,60,conservation_15pct,29
2011-04-30,302711.59999999957,0.0,30.0,380.0,380.0,314.5,314.5,0.0,0.0,80990.13762908992,221056.96237090963,302047.09999999957,32.834775519078114,False,SCEN_2011_APR_270D,60,conservation_15pct,30
2011-05-01,302047.09999999957,0.0,30.0,380.0,380.0,314.5,314.5,0.0,0.0,80687.81611859964,220694.7838813999,301382.5999999995,32.76253940645717,False,SCEN_2011_APR_270D,60,conservation_15pct,31
2011-05-02,301382.5999999995,0.62,57.9,380.0,380.0,314.5,314.5,0.0,0.0,80393.29835851703,220352.7016414825,300745.99999999953,32.6933362321991,False,SCEN_2011_APR_270D,60,conservation_15pct,32
2011-05-03,300745.99999999953,0.0,30.0,380.0,380.0,314.5,314.5,0.0,0.0,80090.97684802675,219990.52315197277,300081.49999999953,32.621100119578166,False,SCEN_2011_APR_270D,60,conservation_15pct,33
2011-05-04,300081.49999999953,0.0,30.0,380.0,380.0,314.5,314.5,0.0,0.0,79788.65533753647,219628.34466246303,299416.99999999953,32.54886400695723,False,SCEN_2011_APR_270D,60,conservation_15pct,34
2011-05-05,299416.99999999953,0.0,30.0,380.0,380.0,314.5,314.5,0.0,0.0,79486.3338270462,219266.1661729533,298752.4999999995,32.47662789433628,False,SCEN_2011_APR_270D,60,conservation_15pct,35
2011-05-06,298752.4999999995,0.0,30.0,380.0,380.0,314.5,314.5,0.0,0.0,79184.01231655592,218903.98768344356,298087.9999999995,32.40439178171535,False,SCEN_2011_APR_270D,60,conservation_15pct,36
2011-05-07,298087.9999999995,0.0,30.0,380.0,380.0,314.5,314.5,0.0,0.0,78881.69080606564,218541.80919393382,297423.4999999995,32.33215566909441,False,SCEN_2011_APR_270D,60,conservation_15pct,37
2011-05-08,297423.4999999995,0.0,30.0,380.0,380.0,314.5,314.5,0.0,0.0,78579.36929557536,218179.63070442408,296758.9999999994,32.25991955647346,False,SCEN_2011_APR_270D,60,conservation_15pct,38
2011-05-09,296758.9999999994,0.0,30.0,380.0,380.0,314.5,314.5,0.0,0.0,78277.04778508509,217817.45221491434,296094.4999999994,32.18768344385253,False,SCEN_2011_APR_270D,60,conservation_15pct,39
2011-05-10,296094.4999999994,0.0,30.0,380.0,380.0,314.5,314.5,0.0,0.0,77974.72627459481,217455.2737254046,295429.9999999994,32.11544733123159,False,SCEN_2011_APR_270D,60,conservation_15pct,40
2011-05-11,295429.9999999994,0.0,30.0,380.0,380.0,314.5,314.5,0.0,0.0,77672.40476410453,217093.09523589487,294765.4999999994,32.04321121861066,False,SCEN_2011_APR_270D,60,conservation_15pct,41
2011-05-12,294765.4999999994,19.86,923.6999999999999,380.0,380.0,314.5,314.5,0.0,0.0,77620.05500054327,217374.64499945613,294994.6999999994,32.068126970322794,False,SCEN_2011_APR_270D,60,conservation_15pct,42
2011-05-13,294994.6999999994,0.0,30.0,380.0,380.0,314.5,314.5,0.0,0.0,77317.733490053,217012.4665099464,294330.1999999994,31.995890857701852,False,SCEN_2011_APR_270D,60,conservation_15pct,43
2011-05-14,294330.1999999994,0.0,30.0,380.0,380.0,314.5,314.5,0.0,0.0,77015.41197956272,216650.28802043665,293665.6999999994,31.92365474508092,False,SCEN_2011_APR_270D,60,conservation_15pct,44
2011-05-15,293665.6999999994,0.0,30.0,380.0,380.0,314.5,314.5,0.0,0.0,76713.09046907244,216288.10953092691,293001.1999999994,31.851418632459982,False,SCEN_2011_APR_270D,60,conservation_15pct,45
2011-05-16,293001.1999999994,0.0,30.0,380.0,380.0,314.5,314.5,0.0,0.0,76410.76895858216,215925.93104141718,292336.6999999994,31.779182519839043,False,SCEN_2011_APR_270D,60,conservation_15pct,46
2011-05-17,292336.6999999994,0.0,30.0,380.0,380.0,314.5,314.5,0.0,0.0,76108.44744809189,215563.75255190744,291672.1999999993,31.7069464072181,False,SCEN_2011_APR_270D,60,conservation_15pct,47
2011-05-18,291672.1999999993,0.0,30.0,380.0,380.0,314.5,314.5,0.0,0.0,75806.12593760161,215201.5740623977,291007.6999999993,31.634710294597163,False,SCEN_2011_APR_270D,60,conservation_15pct,48
2011-05-19,291007.6999999993,0.0,30.0,380.0,380.0,314.5,314.5,0.0,0.0,75503.80442711133,214839.39557288797,290343.1999999993,31.562474181976224,False,SCEN_2011_APR_270D,60,conservation_15pct,49
2011-05-20,290343.1999999993,0.0,30.0,380.0,380.0,314.5,314.5,0.0,0.0,75201.48291662105,214477.21708337823,289678.69999999925,31.490238069355286,False,SCEN_2011_APR_270D,60,conservation_15pct,50
2011-05-21,289678.69999999925,0.0,30.0,380.0,380.0,314.5,314.5,0.0,0.0,74899.16140613078,214115.0385938685,289014.19999999925,31.418001956734347,False,SCEN_2011_APR_270D,60,conservation_15pct,51
2011-05-22,289014.19999999925,0.0,30.0,380.0,380.0,314.5,314.5,0.0,0.0,74596.8398956405,213752.86010435876,288349.69999999925,31.34576584411341,False,SCEN_2011_APR_270D,60,conservation_15pct,52
2011-05-23,288349.69999999925,0.0,30.0,380.0,380.0,314.5,314.5,0.0,0.0,74294.51838515022,213390.68161484902,287685.19999999925,31.273529731492474,False,SCEN_2011_APR_270D,60,conservation_15pct,53
2011-05-24,287685.19999999925,0.0,30.0,380.0,380.0,314.5,314.5,0.0,0.0,73992.19687465995,213028.50312533928,287020.69999999925,31.201293618871535,False,SCEN_2011_APR_270D,60,conservation_15pct,54
2011-05-25,287020.69999999925,0.0,30.0,380.0,380.0,314.5,314.5,0.0,0.0,73689.87536416967,212666.32463582954,286356.1999999992,31.12905750625059,False,SCEN_2011_APR_270D,60,conservation_15pct,55
2011-05-26,286356.1999999992,1.72,107.4,380.0,380.0,314.5,314.5,0.0,0.0,73409.20296771353,212359.8970322857,285769.0999999992,31.065235351668573,False,SCEN_2011_APR_270D,60,conservation_15pct,56
2011-05-27,285769.0999999992,0.0,30.0,380.0,380.0,314.5,314.5,0.0,0.0,73106.88145722325,211997.71854277595,285104.5999999992,30.992999239047634,False,SCEN_2011_APR_270D,60,conservation_15pct,57
2011-05-28,285104.5999999992,0.0,30.0,380.0,380.0,314.5,314.5,0.0,0.0,72804.55994673297,211635.54005326622,284440.09999999916,30.920763126426692,False,SCEN_2011_APR_270D,60,conservation_15pct,58
2011-05-29,284440.09999999916,0.0,30.0,380.0,380.0,314.5,314.5,0.0,0.0,72502.2384362427,211273.36156375648,283775.59999999916,30.84852701380576,False,SCEN_2011_APR_270D,60,conservation_15pct,59
2011-05-30,283775.59999999916,0.0,30.0,380.0,380.0,314.5,314.5,0.0,0.0,72199.91692575242,210911.18307424674,283111.09999999916,30.776290901184822,False,SCEN_2011_APR_270D,60,conservation_15pct,60
2011-05-31,283111.09999999916,0.0,30.0,380.0,380.0,314.5,314.5,0.0,0.0,71897.59541526214,210549.004584737,282446.59999999916,30.704054788563884,False,SCEN_2011_APR_270D,60,conservation_15pct,61
2011-06-01,282446.59999999916,0.0,30.0,750.0,750.0,314.5,314.5,0.0,0.0,71491.78330796787,209920.31669203125,281412.0999999991,30.591596912707807,False,SCEN_2011_APR_270D,60,conservation_15pct,62
2011-06-02,281412.0999999991,0.0,30.0,750.0,750.0,314.5,314.5,0.0,0.0,71085.9712006736,209291.6287993255,280377.5999999991,30.479139036851734,False,SCEN_2011_APR_270D,60,conservation_15pct,63
2011-06-03,280377.5999999991,0.0,30.0,750.0,750.0,314.5,314.5,0.0,0.0,70680.15909337932,208662.94090661974,279343.09999999905,30.366681160995658,False,SCEN_2011_APR_270D,60,conservation_15pct,64
2011-06-04,279343.09999999905,0.0,30.0,750.0,750.0,314.5,314.5,0.0,0.0,70274.34698608505,208034.25301391399,278308.59999999905,30.254223285139588,False,SCEN_2011_APR_270D,60,conservation_15pct,65
2011-06-05,278308.59999999905,0.0,30.0,750.0,750.0,314.5,314.5,0.0,0.0,69868.53487879077,207405.56512120823,277274.099999999,30.141765409283504,False,SCEN_2011_APR_270D,60,conservation_15pct,66
2011-06-06,277274.099999999,0.0,30.0,750.0,750.0,314.5,314.5,0.0,0.0,69462.7227714965,206776.87722850248,276239.599999999,30.029307533427435,False,SCEN_2011_APR_270D,60,conservation_15pct,67
2011-06-07,276239.599999999,0.0,30.0,750.0,750.0,314.5,314.5,0.0,0.0,69056.91066420222,206148.18933579672,275205.0999999989,29.91684965757136,False,SCEN_2011_APR_270D,60,conservation_15pct,68
2011-06-08,275205.0999999989,0.0,30.0,750.0,750.0,314.5,314.5,0.0,0.0,68651.09855690795,205519.50144309097,274170.5999999989,29.80439178171529,False,SCEN_2011_APR_270D,60,conservation_15pct,69
2011-06-09,274170.5999999989,0.0,30.0,750.0,750.0,314.5,314.5,0.0,0.0,68245.28644961368,204890.8135503852,273136.09999999887,29.69193390585921,False,SCEN_2011_APR_270D,60,conservation_15pct,70
2011-06-10,273136.09999999887,0.0,30.0,750.0,750.0,314.5,314.5,0.0,0.0,67839.4743423194,204262.12565767945,272101.59999999887,29.57947603000314,False,SCEN_2011_APR_270D,60,conservation_15pct,71
2011-06-11,272101.59999999887,0.0,30.0,750.0,750.0,314.5,314.5,0.0,0.0,67433.66223502513,203633.4377649737,271067.0999999988,29.467018154147063,False,SCEN_2011_APR_270D,60,conservation_15pct,72
2011-06-12,271067.0999999988,0.0,30.0,750.0,750.0,314.5,314.5,0.0,0.0,67027.85012773085,203004.74987226794,270032.5999999988,29.354560278290993,False,SCEN_2011_APR_270D,60,conservation_15pct,73
2011-06-13,270032.5999999988,0.0,30.0,750.0,750.0,314.5,314.5,0.0,0.0,66622.03802043658,202376.0619795622,268998.09999999875,29.24210240243491,False,SCEN_2011_APR_270D,60,conservation_15pct,74
2011-06-14,268998.09999999875,0.0,30.0,750.0,750.0,314.5,314.5,0.0,0.0,66216.2259131423,201747.37408685643,267963.59999999875,29.12964452657884,False,SCEN_2011_APR_270D,60,conservation_15pct,75
2011-06-15,267963.59999999875,0.0,30.0,750.0,750.0,314.5,314.5,0.0,0.0,65810.41380584803,201118.68619415068,266929.0999999987,29.017186650722763,False,SCEN_2011_APR_270D,60,conservation_15pct,76
2011-06-16,266929.0999999987,0.0,30.0,750.0,750.0,314.5,314.5,0.0,0.0,65404.60169855376,200489.99830144492,265894.5999999987,28.90472877486669,False,SCEN_2011_APR_270D,60,conservation_15pct,77
2011-06-17,265894.5999999987,0.0,30.0,750.0,750.0,314.5,314.5,0.0,0.0,64998.78959125948,199861.31040873917,264860.09999999864,28.792270899010614,False,SCEN_2011_APR_270D,60,conservation_15pct,78
2011-06-18,264860.09999999864,0.0,30.0,750.0,750.0,314.5,314.5,0.0,0.0,64592.97748396521,199232.6225160334,263825.59999999864,28.679813023154544,False,SCEN_2011_APR_270D,60,conservation_15pct,79
2011-06-19,263825.59999999864,0.0,30.0,750.0,750.0,314.5,314.5,0.0,0.0,64187.165376670935,198603.93462332766,262791.0999999986,28.567355147298468,False,SCEN_2011_APR_270D,60,conservation_15pct,80
2011-06-20,262791.0999999986,0.0,30.0,750.0,750.0,314.5,314.5,0.0,0.0,63781.35326937666,197975.2467306219,261756.59999999858,28.45489727144239,False,SCEN_2011_APR_270D,60,conservation_15pct,81
2011-06-21,261756.59999999858,0.0,30.0,750.0,750.0,314.5,314.5,0.0,0.0,63375.54116208239,197346.55883791615,260722.09999999852,28.342439395586318,False,SCEN_2011_APR_270D,60,conservation_15pct,82
2011-06-22,260722.09999999852,13.82,651.9,750.0,750.0,314.5,314.5,0.0,0.0,63143.67716871353,197165.82283128498,260309.49999999852,28.29758669420573,False,SCEN_2011_APR_270D,60,conservation_15pct,83
2011-06-23,260309.49999999852,3.4999999999999996,187.49999999999997,750.0,750.0,314.5,314.5,0.0,0.0,62781.91849113988,196650.58150885862,259432.4999999985,28.202250244591635,False,SCEN_2011_APR_270D,60,conservation_15pct,84
2011-06-24,259432.4999999985,0.26,41.7,750.0,750.0,314.5,314.5,0.0,0.0,62379.37892433913,196030.32107565936,258409.6999999985,28.091064246113547,False,SCEN_2011_APR_270D,60,conservation_15pct,85
2011-06-25,258409.6999999985,0.16,37.2,750.0,750.0,314.5,314.5,0.0,0.0,61975.58068811779,195406.81931188068,257382.39999999848,27.97938906402853,False,SCEN_2011_APR_270D,60,conservation_15pct,86
2011-06-26,257382.39999999848,0.0,30.0,750.0,750.0,314.5,314.5,0.0,0.0,61569.76858082352,194778.13141917493,256347.89999999845,27.86693118817246,False,SCEN_2011_APR_270D,60,conservation_15pct,87
2011-06-27,256347.89999999845,0.0,30.0,750.0,750.0,314.5,314.5,0.0,0.0,61163.956473529244,194149.44352646917,255313.39999999842,27.754473312316385,False,SCEN_2011_APR_270D,60,conservation_15pct,88
2011-06-28,255313.39999999842,0.0,30.0,750.0,750.0,314.5,314.5,0.0,0.0,60758.14436623497,193520.75563376342,254278.8999999984,27.64201543646031,False,SCEN_2011_APR_270D,60,conservation_15pct,89
2011-06-29,254278.8999999984,0.0,30.0,750.0,750.0,314.5,314.5,0.0,0.0,60352.332258940696,192892.06774105766,253244.39999999836,27.529557560604236,False,SCEN_2011_APR_270D,60,conservation_15pct,90
2011-06-30,253244.39999999836,0.5,52.5,750.0,750.0,314.5,314.5,0.0,0.0,59952.81349874937,192279.58650124897,252232.39999999834,27.41954560278273,False,SCEN_2011_APR_270D,60,conservation_15pct,91
2011-07-01,252232.39999999834,0.39999999999999997,48.0,750.0,750.0,314.5,314.5,0.0,0.0,59552.03606913745,191663.86393086085,251215.8999999983,27.309044461354308,False,SCEN_2011_APR_270D,60,conservation_15pct,92
2011-07-02,251215.8999999983,0.0,30.0,750.0,750.0,314.5,314.5,0.0,0.0,59146.22396184318,191035.1760381551,250181.39999999828,27.19658658549824,False,SCEN_2011_APR_270D,60,conservation_15pct,93
2011-07-03,250181.39999999828,0.72,62.4,750.0,750.0,314.5,314.5,0.0,0.0,58749.47427437714,190429.8257256211,249179.29999999824,27.087650831611942,False,SCEN_2011_APR_270D,60,conservation_15pct,94
2011-07-04,249179.29999999824,0.0,30.0,750.0,750.0,314.5,314.5,0.0,0.0,58343.66216708287,189801.13783291535,248144.7999999982,26.975192955755865,False,SCEN_2011_APR_270D,60,conservation_15pct,95
2011-07-05,248144.7999999982,0.0,30.0,750.0,750.0,314.5,314.5,0.0,0.0,57937.850059788594,189172.4499402096,247110.29999999818,26.862735079899792,False,SCEN_2011_APR_270D,60,conservation_15pct,96
2011-07-06,247110.29999999818,0.0,30.0,750.0,750.0,314.5,314.5,0.0,0.0,57532.03795249432,188543.76204750384,246075.79999999815,26.750277204043716,False,SCEN_2011_APR_270D,60,conservation_15pct,97
2011-07-07,246075.79999999815,0.0,30.0,750.0,750.0,314.5,314.5,0.0,0.0,57126.225845200046,187915.0741547981,245041.29999999813,26.637819328187646,False,SCEN_2011_APR_270D,60,conservation_15pct,98
2011-07-08,245041.29999999813,0.0,30.0,750.0,750.0,314.5,314.5,0.0,0.0,56720.41373790577,187286.38626209233,244006.7999999981,26.52536145233157,False,SCEN_2011_APR_270D,60,conservation_15pct,99
2011-07-09,244006.7999999981,0.0,30.0,750.0,750.0,314.5,314.5,0.0,0.0,56314.6016306115,186657.69836938658,242972.29999999807,26.412903576475493,False,SCEN_2011_APR_270D,60,conservation_15pct,100
2011-07-10,242972.29999999807,0.05999999999999999,32.7,750.0,750.0,314.5,314.5,0.0,0.0,55909.54472496957,186030.95527502848,241940.49999999805,26.30073921078357,False,SCEN_2011_APR_270D,60,conservation_15pct,101
2011-07-11,241940.49999999805,0.0,30.0,750.0,750.0,314.5,314.5,0.0,0.0,55503.7326176753,185402.26738232272,240905.99999999802,26.188281334927492,False,SCEN_2011_APR_270D,60,conservation_15pct,102
2011-07-12,240905.99999999802,0.0,30.0,750.0,750.0,314.5,314.5,0.0,0.0,55097.92051038102,184773.57948961697,239871.499999998,26.07582345907142,False,SCEN_2011_APR_270D,60,conservation_15pct,103
2011-07-13,239871.499999998,0.0,30.0,750.0,750.0,314.5,314.5,0.0,0.0,54692.10840308675,184144.8915969112,238836.99999999796,25.96336558321535,False,SCEN_2011_APR_270D,60,conservation_15pct,104
2011-07-14,238836.99999999796,0.0,30.0,750.0,750.0,314.5,314.5,0.0,0.0,54286.296295792476,183516.20370420546,237802.49999999793,25.850907707359273,False,SCEN_2011_APR_270D,60,conservation_15pct,105
2011-07-15,237802.49999999793,0.0,30.0,750.0,750.0,314.5,314.5,0.0,0.0,53880.4841884982,182887.5158114997,236767.9999999979,25.738449831503196,False,SCEN_2011_APR_270D,60,conservation_15pct,106
2011-07-16,236767.9999999979,0.0,30.0,750.0,750.0,314.5,314.5,0.0,0.0,53474.67208120393,182258.82791879395,235733.49999999788,25.62599195564712,False,SCEN_2011_APR_270D,60,conservation_15pct,107
2011-07-17,235733.49999999788,0.0,30.0,750.0,750.0,314.5,314.5,0.0,0.0,53068.85997390965,181630.1400260882,234698.99999999785,25.513534079791043,False,SCEN_2011_APR_270D,60,conservation_15pct,108
2011-07-18,234698.99999999785,0.0,30.0,750.0,750.0,314.5,314.5,0.0,0.0,52663.04786661538,181001.45213338244,233664.49999999782,25.401076203934974,False,SCEN_2011_APR_270D,60,conservation_15pct,109
2011-07-19,233664.49999999782,4.32,224.4,750.0,750.0,314.5,314.5,0.0,0.0,52311.61027829056,180512.78972170723,232824.39999999778,25.30975105989757,False,SCEN_2011_APR_270D,60,conservation_15pct,110
2011-07-20,232824.39999999778,0.0,30.0,750.0,750.0,314.5,314.5,0.0,0.0,51905.798170996284,179884.10182900148,231789.89999999775,25.1972931840415,False,SCEN_2011_APR_270D,60,conservation_15pct,111
2011-07-21,231789.89999999775,0.0,30.0,750.0,750.0,314.5,314.5,0.0,0.0,51499.98606370201,179255.41393629572,230755.39999999772,25.084835308185426,False,SCEN_2011_APR_270D,60,conservation_15pct,112
2011-07-22,230755.39999999772,0.0,30.0,750.0,750.0,314.5,314.5,0.0,0.0,51251.423956407736,178469.47604358997,229720.8999999977,24.972377432329353,False,SCEN_2011_APR_270D,60,conservation_15pct,113
2011-07-23,229720.8999999977,0.0,30.0,750.0,750.0,314.5,314.5,0.0,0.0,51002.86184911346,177683.5381508842,228686.39999999767,24.859919556473276,False,SCEN_2011_APR_270D,60,conservation_15pct,114
2011-07-24,228686.39999999767,0.0,30.0,750.0,750.0,314.5,314.5,0.0,0.0,50754.29974181919,176897.60025817846,227651.89999999764,24.747461680617203,False,SCEN_2011_APR_270D,60,conservation_15pct,115
2011-07-25,227651.89999999764,0.0,30.0,750.0,750.0,314.5,314.5,0.0,0.0,50505.737634524914,176111.6623654727,226617.3999999976,24.635003804761126,False,SCEN_2011_APR_270D,60,conservation_15pct,116
2011-07-26,226617.3999999976,0.0,30.0,750.0,750.0,314.5,314.5,0.0,0.0,50257.17552723064,175325.72447276695,225582.89999999758,24.52254592890505,False,SCEN_2011_APR_270D,60,conservation_15pct,117
2011-07-27,225582.89999999758,0.0,30.0,750.0,750.0,314.5,314.5,0.0,0.0,50008.613419936366,174539.7865800612,224548.39999999755,24.410088053048977,False,SCEN_2011_APR_270D,60,conservation_15pct,118
2011-07-28,224548.39999999755,0.0,30.0,750.0,750.0,314.5,314.5,0.0,0.0,49760.05131264209,173753.84868735544,223513.89999999752,24.297630177192904,False,SCEN_2011_APR_270D,60,conservation_15pct,119
2011-07-29,223513.89999999752,2.1799999999999997,128.1,750.0,750.0,314.5,314.5,0.0,0.0,49538.92819871666,173038.57180128084,222577.4999999975,24.19583650396755,False,SCEN_2011_APR_270D,60,conservation_15pct,120
2011-07-30,222577.4999999975,0.19999999999999998,39.0,750.0,750.0,314.5,314.5,0.0,0.0,49292.883430263566,172259.11656973392,221551.9999999975,24.084356995325308,False,SCEN_2011_APR_270D,60,conservation_15pct,121
2011-07-31,221551.9999999975,0.0,30.0,750.0,750.0,314.5,314.5,0.0,0.0,49044.32132296929,171473.17867702816,220517.49999999744,23.971899119469228,False,SCEN_2011_APR_270D,60,conservation_15pct,122
2011-08-01,220517.49999999744,0.0,30.0,750.0,750.0,314.5,314.5,0.0,0.0,48795.75921567502,170687.2407843224,219482.99999999744,23.85944124361316,False,SCEN_2011_APR_270D,60,conservation_15pct,123
2011-08-02,219482.99999999744,0.0,30.0,750.0,750.0,314.5,314.5,0.0,0.0,48547.197108380744,169901.30289161665,218448.49999999738,23.74698336775708,False,SCEN_2011_APR_270D,60,conservation_15pct,124
2011-08-03,218448.49999999738,0.0,30.0,750.0,750.0,314.5,314.5,0.0,0.0,48298.63500108647,169115.3649989109,217413.99999999738,23.63452549190101,False,SCEN_2011_APR_270D,60,conservation_15pct,125
2011-08-04,217413.99999999738,0.0,30.0,750.0,750.0,314.5,314.5,0.0,0.0,48050.072893792196,168329.42710620514,216379.49999999732,23.522067616044932,False,SCEN_2011_APR_270D,60,conservation_15pct,126
2011-08-05,216379.49999999732,0.0,30.0,750.0,750.0,314.5,314.5,0.0,0.0,47801.51078649792,167543.4892134994,215344.99999999732,23.40960974018886,False,SCEN_2011_APR_270D,60,conservation_15pct,127
2011-08-06,215344.99999999732,0.0,30.0,750.0,750.0,314.5,314.5,0.0,0.0,47552.94867920365,166757.55132079363,214310.49999999726,23.297151864332783,False,SCEN_2011_APR_270D,60,conservation_15pct,128
2011-08-07,214310.49999999726,0.0,30.0,750.0,750.0,314.5,314.5,0.0,0.0,47304.386571909374,165971.61342808788,213275.99999999726,23.184693988476713,False,SCEN_2011_APR_270D,60,conservation_15pct,129
2011-08-08,213275.99999999726,0.0,30.0,750.0,750.0,314.5,314.5,0.0,0.0,47055.8244646151,165185.67553538212,212241.4999999972,23.072236112620633,False,SCEN_2011_APR_270D,60,conservation_15pct,130
2011-08-09,212241.4999999972,0.0,30.0,750.0,750.0,314.5,314.5,0.0,0.0,46807.262357320826,164399.73764267637,211206.9999999972,22.95977823676456,False,SCEN_2011_APR_270D,60,conservation_15pct,131
2011-08-10,211206.9999999972,0.0,30.0,750.0,750.0,314.5,314.5,0.0,0.0,46558.70025002655,163613.7997499706,210172.49999999715,22.847320360908483,False,SCEN_2011_APR_270D,60,conservation_15pct,132
2011-08-11,210172.49999999715,0.0,30.0,750.0,750.0,314.5,314.5,0.0,0.0,46310.13814273228,162827.86185726486,209137.99999999715,22.734862485052414,False,SCEN_2011_APR_270D,60,conservation_15pct,133
2011-08-12,209137.99999999715,0.0,30.0,750.0,750.0,314.5,314.5,0.0,0.0,46061.576035438,162041.9239645591,208103.4999999971,22.622404609196337,False,SCEN_2011_APR_270D,60,conservation_15pct,134
2011-08-13,208103.4999999971,0.0,30.0,750.0,750.0,314.5,314.5,0.0,0.0,45813.01392814373,161255.98607185335,207068.9999999971,22.509946733340264,False,SCEN_2011_APR_270D,60,conservation_15pct,135
2011-08-14,207068.9999999971,0.0,30.0,750.0,750.0,314.5,314.5,0.0,0.0,45564.451820849456,160470.0481791476,206034.49999999703,22.397488857484184,False,SCEN_2011_APR_270D,60,conservation_15pct,136
2011-08-15,206034.49999999703,0.0,30.0,750.0,750.0,314.5,314.5,0.0,0.0,45315.88971355518,159684.11028644184,204999.99999999703,22.285030981628115,False,SCEN_2011_APR_270D,60,conservation_15pct,137
2011-08-16,204999.99999999703,0.0,30.0,750.0,750.0,314.5,314.5,0.0,0.0,45067.32760626091,158898.17239373608,203965.49999999697,22.172573105772038,False,SCEN_2011_APR_270D,60,conservation_15pct,138
2011-08-17,203965.49999999697,0.0,30.0,750.0,750.0,314.5,314.5,0.0,0.0,44818.76549896663,158112.23450103033,202930.99999999697,22.060115229915965,False,SCEN_2011_APR_270D,60,conservation_15pct,139
2011-08-18,202930.99999999697,0.0,30.0,750.0,750.0,314.5,314.5,0.0,0.0,44570.20339167236,157326.29660832457,201896.49999999691,21.94765735405989,False,SCEN_2011_APR_270D,60,conservation_15pct,140
2011-08-19,201896.49999999691,0.0,30.0,750.0,750.0,314.5,314.5,0.0,0.0,44321.641284378085,156540.35871561882,200861.99999999691,21.83519947820382,False,SCEN_2011_APR_270D,60,conservation_15pct,141
2011-08-20,200861.99999999691,0.0,30.0,750.0,750.0,314.5,314.5,0.0,0.0,44073.07917708381,155754.42082291306,199827.49999999686,21.72274160234774,False,SCEN_2011_APR_270D,60,conservation_15pct,142
2011-08-21,199827.49999999686,0.0,30.0,750.0,750.0,314.5,314.5,0.0,0.0,43824.51706978954,154968.4829302073,198792.99999999686,21.61028372649167,False,SCEN_2011_APR_270D,60,conservation_15pct,143
2011-08-22,198792.99999999686,0.0,30.0,750.0,750.0,314.5,314.5,0.0,0.0,43575.95496249526,154182.54503750155,197758.4999999968,21.49782585063559,False,SCEN_2011_APR_270D,60,conservation_15pct,144
2011-08-23,197758.4999999968,0.0,30.0,750.0,750.0,314.5,314.5,0.0,0.0,43327.39285520099,153396.6071447958,196723.9999999968,21.38536797477952,False,SCEN_2011_APR_270D,60,conservation_15pct,145
2011-08-24,196723.9999999968,0.0,30.0,750.0,750.0,314.5,314.5,0.0,0.0,43078.830747906715,152610.66925209004,195689.49999999674,21.272910098923443,False,SCEN_2011_APR_270D,60,conservation_15pct,146
2011-08-25,195689.49999999674,4.459999999999999,230.69999999999996,750.0,750.0,314.5,314.5,0.0,0.0,42886.40529677072,151969.294703226,194855.69999999672,21.182269811935726,False,SCEN_2011_APR_270D,60,conservation_15pct,147
2011-08-26,194855.69999999672,0.0,30.0,750.0,750.0,314.5,314.5,0.0,0.0,42637.84318947644,151183.35681052026,193821.1999999967,21.06981193607965,False,SCEN_2011_APR_270D,60,conservation_15pct,148
2011-08-27,193821.1999999967,0.0,30.0,750.0,750.0,314.5,314.5,0.0,0.0,42389.28108218217,150397.4189178145,192786.69999999666,20.957354060223572,False,SCEN_2011_APR_270D,60,conservation_15pct,149
2011-08-28,192786.69999999666,0.0,30.0,750.0,750.0,314.5,314.5,0.0,0.0,42140.718974887895,149611.48102510875,191752.19999999664,20.8448961843675,False,SCEN_2011_APR_270D,60,conservation_15pct,150
2011-08-29,191752.19999999664,0.0,30.0,750.0,750.0,314.5,314.5,0.0,0.0,41892.15686759362,148825.543132403,190717.6999999966,20.732438308511426,False,SCEN_2011_APR_270D,60,conservation_15pct,151
2011-08-30,190717.6999999966,0.0,30.0,750.0,750.0,314.5,314.5,0.0,0.0,41643.59476029935,148039.60523969724,189683.19999999658,20.619980432655353,False,SCEN_2011_APR_270D,60,conservation_15pct,152
2011-08-31,189683.19999999658,0.0,30.0,750.0,750.0,314.5,314.5,0.0,0.0,41395.03265300507,147253.66734699148,188648.69999999655,20.507522556799277,False,SCEN_2011_APR_270D,60,conservation_15pct,153
2011-09-01,188648.69999999655,0.05999999999999999,32.7,750.0,750.0,314.5,314.5,0.0,0.0,41147.22574736315,146469.67425263338,187616.89999999653,20.395358191107352,False,SCEN_2011_APR_270D,60,conservation_15pct,154
2011-09-02,187616.89999999653,0.0,30.0,750.0,750.0,314.5,314.5,0.0,0.0,40898.66364006887,145683.73635992763,186582.3999999965,20.28290031525128,False,SCEN_2011_APR_270D,60,conservation_15pct,155
2011-09-03,186582.3999999965,0.0,30.0,750.0,750.0,314.5,314.5,0.0,0.0,40650.1015327746,144897.79846722187,185547.89999999647,20.170442439395202,False,SCEN_2011_APR_270D,60,conservation_15pct,156
2011-09-04,185547.89999999647,0.0,30.0,750.0,750.0,314.5,314.5,0.0,0.0,40401.539425480325,144111.86057451612,184513.39999999644,20.057984563539126,False,SCEN_2011_APR_270D,60,conservation_15pct,157
2011-09-05,184513.39999999644,0.0,30.0,750.0,750.0,314.5,314.5,0.0,0.0,40152.97731818605,143325.92268181036,183478.8999999964,19.945526687683053,True,SCEN_2011_APR_270D,60,conservation_15pct,158
2011-09-06,183478.8999999964,0.0,30.0,750.0,750.0,314.5,314.5,0.0,0.0,39904.41521089178,142539.9847891046,182444.39999999639,19.83306881182698,True,SCEN_2011_APR_270D,60,conservation_15pct,159
2011-09-07,182444.39999999639,0.0,30.0,750.0,750.0,314.5,314.5,0.0,0.0,39655.8531035975,141754.04689639885,181409.89999999636,19.720610935970907,True,SCEN_2011_APR_270D,60,conservation_15pct,160
2011-09-08,181409.89999999636,0.0,30.0,750.0,750.0,314.5,314.5,0.0,0.0,39407.29099630323,140968.1090036931,180375.39999999633,19.60815306011483,True,SCEN_2011_APR_270D,60,conservation_15pct,161
2011-09-09,180375.39999999633,0.0,30.0,750.0,750.0,314.5,314.5,0.0,0.0,39158.728889008955,140182.17111098734,179340.8999999963,19.495695184258757,True,SCEN_2011_APR_270D,60,conservation_15pct,162
2011-09-10,179340.8999999963,0.0,30.0,750.0,750.0,314.5,314.5,0.0,0.0,38910.16678171468,139396.2332182816,178306.39999999627,19.38323730840268,True,SCEN_2011_APR_270D,60,conservation_15pct,163
2011-09-11,178306.39999999627,0.0,30.0,750.0,750.0,314.5,314.5,0.0,0.0,38661.60467442041,138610.29532557583,177271.89999999624,19.270779432546608,True,SCEN_2011_APR_270D,60,conservation_15pct,164
2011-09-12,177271.89999999624,0.0,30.0,750.0,750.0,314.5,314.5,0.0,0.0,38413.04256712613,137824.35743287008,176237.3999999962,19.158321556690534,True,SCEN_2011_APR_270D,60,conservation_15pct,165
2011-09-13,176237.3999999962,0.0,30.0,750.0,750.0,314.5,314.5,0.0,0.0,38164.48045983186,137038.41954016432,175202.89999999618,19.045863680834458,True,SCEN_2011_APR_270D,60,conservation_15pct,166
2011-09-14,175202.89999999618,0.0,30.0,750.0,750.0,314.5,314.5,0.0,0.0,37915.918352537585,136252.48164745857,174168.39999999615,18.933405804978385,True,SCEN_2011_APR_270D,60,conservation_15pct,167
2011-09-15,174168.39999999615,0.0,30.0,750.0,750.0,314.5,314.5,0.0,0.0,37667.35624524331,135466.5437547528,173133.89999999612,18.82094792912231,True,SCEN_2011_APR_270D,60,conservation_15pct,168
2011-09-16,173133.89999999612,7.759999999999999,379.19999999999993,750.0,750.0,314.5,314.5,0.0,0.0,37516.46688498675,134932.13311500935,172448.5999999961,18.746450701162747,True,SCEN_2011_APR_270D,60,conservation_15pct,169
2011-09-17,172448.5999999961,8.78,425.09999999999997,750.0,750.0,314.5,314.5,0.0,0.0,37378.41595282021,134430.78404717587,171809.19999999608,18.676943145993704,True,SCEN_2011_APR_270D,60,conservation_15pct,170
2011-09-18,171809.19999999608,5.96,298.2,750.0,750.0,314.5,314.5,0.0,0.0,37204.87054299305,133838.029457003,171042.89999999604,18.59364061310969,True,SCEN_2011_APR_270D,60,conservation_15pct,171
2011-09-19,171042.89999999604,0.8199999999999998,66.89999999999999,750.0,750.0,314.5,314.5,0.0,0.0,36966.6295249476,133078.67047504842,170045.29999999603,18.48519404283031,True,SCEN_2011_APR_270D,60,conservation_15pct,172
2011-09-20,170045.29999999603,0.0,30.0,750.0,750.0,314.5,314.5,0.0,0.0,36718.06741765333,132292.73258234267,169010.799999996,18.37273616697424,True,SCEN_2011_APR_270D,60,conservation_15pct,173
2011-09-21,169010.799999996,0.0,30.0,750.0,750.0,314.5,314.5,0.0,0.0,36469.505310359054,131506.7946896369,167976.29999999597,18.260278291118162,True,SCEN_2011_APR_270D,60,conservation_15pct,174
2011-09-22,167976.29999999597,0.0,30.0,750.0,750.0,314.5,314.5,0.0,0.0,36220.94320306478,130720.85679693117,166941.79999999594,18.147820415262085,True,SCEN_2011_APR_270D,60,conservation_15pct,175
2011-09-23,166941.79999999594,0.0,30.0,750.0,750.0,314.5,314.5,0.0,0.0,35972.38109577051,129934.91890422544,165907.29999999594,18.035362539406016,True,SCEN_2011_APR_270D,60,conservation_15pct,176
2011-09-24,165907.29999999594,0.0,30.0,750.0,750.0,314.5,314.5,0.0,0.0,35723.81898847623,129148.98101151972,164872.79999999594,17.922904663549946,True,SCEN_2011_APR_270D,60,conservation_15pct,177
2011-09-25,164872.79999999594,0.0,30.0,750.0,750.0,314.5,314.5,0.0,0.0,35475.25688118196,128363.04311881399,163838.29999999594,17.810446787693873,True,SCEN_2011_APR_270D,60,conservation_15pct,178
2011-09-26,163838.29999999594,0.0,30.0,750.0,750.0,314.5,314.5,0.0,0.0,35226.694773887684,127577.10522610827,162803.79999999594,17.697988911837804,True,SCEN_2011_APR_270D,60,conservation_15pct,179
2011-09-27,162803.79999999594,0.0,30.0,750.0,750.0,314.5,314.5,0.0,0.0,34978.13266659341,126791.16733340254,161769.29999999594,17.58553103598173,True,SCEN_2011_APR_270D,60,conservation_15pct,180
2011-09-28,161769.29999999594,0.0,30.0,750.0,750.0,314.5,314.5,0.0,0.0,34729.570559299136,126005.22944069681,160734.79999999594,17.47307316012566,True,SCEN_2011_APR_270D,60,conservation_15pct,181
2011-09-29,160734.79999999594,0.72,62.4,750.0,750.0,314.5,314.5,0.0,0.0,34490.0708718331,125242.62912816284,159732.69999999594,17.364137406239365,True,SCEN_2011_APR_270D,60,conservation_15pct,182
2011-09-30,159732.69999999594,0.0,30.0,750.0,750.0,314.5,314.5,0.0,0.0,34241.50876453883,124456.69123545711,158698.19999999594,17.251679530383296,True,SCEN_2011_APR_270D,60,conservation_15pct,183
2011-10-01,158698.19999999594,0.0,30.0,380.0,380.0,314.5,314.5,0.0,0.0,34096.43725404856,123937.26274594739,158033.69999999594,17.179443417762357,True,SCEN_2011_APR_270D,60,conservation_15pct,184
2011-10-02,158033.69999999594,0.0,30.0,380.0,380.0,314.5,314.5,0.0,0.0,33951.365743558286,123417.83425643767,157369.19999999594,17.107207305141422,True,SCEN_2011_APR_270D,60,conservation_15pct,185
2011-10-03,157369.19999999594,0.0,30.0,380.0,380.0,314.5,314.5,0.0,0.0,33806.294233068016,122898.40576692794,156704.69999999597,17.034971192520487,True,SCEN_2011_APR_270D,60,conservation_15pct,186
2011-10-04,156704.69999999597,0.0,30.0,380.0,380.0,314.5,314.5,0.0,0.0,33661.222722577746,122378.97727741822,156040.19999999597,16.962735079899552,True,SCEN_2011_APR_270D,60,conservation_15pct,187
2011-10-05,156040.19999999597,0.0,30.0,380.0,380.0,314.5,314.5,0.0,0.0,33516.151212087476,121859.5487879085,155375.69999999597,16.890498967278614,True,SCEN_2011_APR_270D,60,conservation_15pct,188
2011-10-06,155375.69999999597,0.0,30.0,380.0,380.0,314.5,314.5,0.0,0.0,33371.079701597206,121340.12029839878,154711.199999996,16.81826285465768,True,SCEN_2011_APR_270D,60,conservation_15pct,189
2011-10-07,154711.199999996,1.02,75.9,380.0,380.0,314.5,314.5,0.0,0.0,33238.84661919694,120853.75338079904,154092.599999996,16.751016414827262,True,SCEN_2011_APR_270D,60,conservation_15pct,190
2011-10-08,154092.599999996,2.74,153.3,380.0,380.0,314.5,314.5,0.0,0.0,33128.26265083081,120423.13734916518,153551.39999999598,16.69218393303576,True,SCEN_2011_APR_270D,60,conservation_15pct,191
2011-10-09,153551.39999999598,28.340000000000003,1305.3000000000002,380.0,380.0,314.5,314.5,0.0,0.0,33339.89805413551,120822.30194586047,154162.199999996,16.758582454614196,True,SCEN_2011_APR_270D,60,conservation_15pct,192
2011-10-10,154162.199999996,0.0,30.0,380.0,380.0,314.5,314.5,0.0,0.0,33194.82654364524,120302.87345635075,153497.699999996,16.68634634199326,True,SCEN_2011_APR_270D,60,conservation_15pct,193
2011-10-11,153497.699999996,0.0,30.0,380.0,380.0,314.5,314.5,0.0,0.0,33049.75503315497,119783.44496684102,152833.199999996,16.614110229372322,True,SCEN_2011_APR_270D,60,conservation_15pct,194
2011-10-12,152833.199999996,0.0,30.0,380.0,380.0,314.5,314.5,0.0,0.0,32904.6835226647,119264.0164773313,152168.699999996,16.541874116751384,True,SCEN_2011_APR_270D,60,conservation_15pct,195
2011-10-13,152168.699999996,6.819999999999999,336.9,380.0,380.0,314.5,314.5,0.0,0.0,32845.45326665861,118965.64673333739,151811.099999996,16.50300032612197,True,SCEN_2011_APR_270D,60,conservation_15pct,196
2011-10-14,151811.099999996,0.0,30.0,380.0,380.0,314.5,314.5,0.0,0.0,32700.381756168343,118446.21824382766,151146.59999999602,16.430764213501035,True,SCEN_2011_APR_270D,60,conservation_15pct,197
2011-10-15,151146.59999999602,0.0,30.0,380.0,380.0,314.5,314.5,0.0,0.0,32555.310245678073,117926.78975431794,150482.09999999602,16.3585281008801,True,SCEN_2011_APR_270D,60,conservation_15pct,198
2011-10-16,150482.09999999602,0.0,30.0,380.0,380.0,314.5,314.5,0.0,0.0,32410.238735187802,117407.36126480822,149817.59999999602,16.286291988259162,True,SCEN_2011_APR_270D,60,conservation_15pct,199
2011-10-17,149817.59999999602,0.0,30.0,380.0,380.0,314.5,314.5,0.0,0.0,32265.167224697532,116887.9327752985,149153.09999999602,16.214055875638223,True,SCEN_2011_APR_270D,60,conservation_15pct,200
2011-10-18,149153.09999999602,0.0,30.0,380.0,380.0,314.5,314.5,0.0,0.0,32120.095714207262,116368.50428578877,148488.59999999605,16.14181976301729,True,SCEN_2011_APR_270D,60,conservation_15pct,201
2011-10-19,148488.59999999605,0.0,30.0,380.0,380.0,314.5,314.5,0.0,0.0,31975.024203716992,115849.07579627905,147824.09999999605,16.069583650396353,True,SCEN_2011_APR_270D,60,conservation_15pct,202
2011-10-20,147824.09999999605,0.0,30.0,380.0,380.0,314.5,314.5,0.0,0.0,31829.95269322672,115329.64730676933,147159.59999999605,15.997347537775417,True,SCEN_2011_APR_270D,60,conservation_15pct,203
2011-10-21,147159.59999999605,0.0,30.0,380.0,380.0,314.5,314.5,0.0,0.0,31684.88118273645,114810.2188172596,146495.09999999605,15.925111425154478,True,SCEN_2011_APR_270D,60,conservation_15pct,204
2011-10-22,146495.09999999605,0.0,30.0,380.0,380.0,314.5,314.5,0.0,0.0,31539.80967224618,114290.79032774988,145830.59999999608,15.852875312533547,True,SCEN_2011_APR_270D,60,conservation_15pct,205
2011-10-23,145830.59999999608,0.0,30.0,380.0,380.0,314.5,314.5,0.0,0.0,31394.73816175591,113771.36183824016,145166.09999999608,15.780639199912608,True,SCEN_2011_APR_270D,60,conservation_15pct,206
2011-10-24,145166.09999999608,0.0,30.0,380.0,380.0,314.5,314.5,0.0,0.0,31249.66665126564,113251.93334873044,144501.59999999608,15.70840308729167,True,SCEN_2011_APR_270D,60,conservation_15pct,207
2011-10-25,144501.59999999608,0.0,30.0,380.0,380.0,314.5,314.5,0.0,0.0,31104.59514077537,112732.50485922072,143837.09999999608,15.636166974670735,True,SCEN_2011_APR_270D,60,conservation_15pct,208
2011-10-26,143837.09999999608,0.0,30.0,380.0,380.0,314.5,314.5,0.0,0.0,30959.5236302851,112213.076369711,143172.5999999961,15.5639308620498,True,SCEN_2011_APR_270D,60,conservation_15pct,209
2011-10-27,143172.5999999961,0.09999999999999999,34.5,380.0,380.0,314.5,314.5,0.0,0.0,30815.71078921542,111696.88921078068,142512.5999999961,15.492183933035777,True,SCEN_2011_APR_270D,60,conservation_15pct,210
2011-10-28,142512.5999999961,0.39999999999999997,48.0,380.0,380.0,314.5,314.5,0.0,0.0,30675.673956407507,111190.4260435886,141866.0999999961,15.421904554842495,True,SCEN_2011_APR_270D,60,conservation_15pct,211
2011-10-29,141866.0999999961,0.0,30.0,380.0,380.0,314.5,314.5,0.0,0.0,30530.602445917237,110670.99755407887,141201.5999999961,15.349668442221557,True,SCEN_2011_APR_270D,60,conservation_15pct,212
2011-10-30,141201.5999999961,0.0,30.0,380.0,380.0,314.5,314.5,0.0,0.0,30385.530935426967,110151.56906456915,140537.0999999961,15.277432329600622,True,SCEN_2011_APR_270D,60,conservation_15pct,213
2011-10-31,140537.0999999961,0.0,30.0,380.0,380.0,314.5,314.5,0.0,0.0,30240.459424936696,109632.14057505943,139872.59999999614,15.205196216979685,True,SCEN_2011_APR_270D,60,conservation_15pct,214
2011-11-01,139872.59999999614,0.0,30.0,380.0,380.0,314.5,314.5,0.0,0.0,30095.387914446426,109112.7120855497,139208.09999999614,15.13296010435875,True,SCEN_2011_APR_270D,60,conservation_15pct,215
2011-11-02,139208.09999999614,0.05999999999999999,32.7,380.0,380.0,314.5,314.5,0.0,0.0,29951.07160560851,108595.22839438762,138546.29999999615,15.06101750190196,True,SCEN_2011_APR_270D,60,conservation_15pct,216
2011-11-03,138546.29999999615,0.9199999999999999,71.4,380.0,380.0,314.5,314.5,0.0,0.0,29817.57985378766,108105.62014620847,137923.19999999614,14.993281878464632,True,SCEN_2011_APR_270D,60,conservation_15pct,217
2011-11-04,137923.19999999614,0.0,30.0,380.0,380.0,314.5,314.5,0.0,0.0,29672.50834329739,107586.19165669875,137258.69999999614,14.921045765843694,True,SCEN_2011_APR_270D,60,conservation_15pct,218
2011-11-05,137258.69999999614,0.0,30.0,380.0,380.0,314.5,314.5,0.0,0.0,29527.43683280712,107066.76316718903,136594.19999999614,14.848809653222759,True,SCEN_2011_APR_270D,60,conservation_15pct,219
2011-11-06,136594.19999999614,0.0,30.0,380.0,380.0,314.5,314.5,0.0,0.0,29382.36532231685,106547.3346776793,135929.69999999617,14.776573540601824,True,SCEN_2011_APR_270D,60,conservation_15pct,220
2011-11-07,135929.69999999617,0.0,30.0,380.0,380.0,314.5,314.5,0.0,0.0,29237.29381182658,106027.90618816958,135265.19999999617,14.704337427980885,True,SCEN_2011_APR_270D,60,conservation_15pct,221
2011-11-08,135265.19999999617,0.36,46.2,380.0,380.0,314.5,314.5,0.0,0.0,29096.753511250434,105520.14648874574,134616.89999999618,14.633862376344839,True,SCEN_2011_APR_270D,60,conservation_15pct,222
2011-11-09,134616.89999999618,0.19999999999999998,39.0,380.0,380.0,314.5,314.5,0.0,0.0,28954.199339601342,105007.20066039484,133961.39999999618,14.56260463093773,True,SCEN_2011_APR_270D,60,conservation_15pct,223
2011-11-10,133961.39999999618,0.6,57.0,380.0,380.0,314.5,314.5,0.0,0.0,28816.679845634608,104507.22015436158,133323.89999999618,14.493303619958276,True,SCEN_2011_APR_270D,60,conservation_15pct,224
2011-11-11,133323.89999999618,0.0,30.0,380.0,380.0,314.5,314.5,0.0,0.0,28671.608335144338,103987.79166485186,132659.39999999618,14.42106750733734,True,SCEN_2011_APR_270D,60,conservation_15pct,225
2011-11-12,132659.39999999618,0.0,30.0,380.0,380.0,314.5,314.5,0.0,0.0,28526.536824654067,103468.36317534214,131994.8999999962,14.348831394716404,True,SCEN_2011_APR_270D,60,conservation_15pct,226
2011-11-13,131994.8999999962,0.0,30.0,380.0,380.0,314.5,314.5,0.0,0.0,28381.465314163797,102948.93468583241,131330.3999999962,14.276595282095467,True,SCEN_2011_APR_270D,60,conservation_15pct,227
2011-11-14,131330.3999999962,0.0,30.0,380.0,380.0,314.5,314.5,0.0,0.0,28236.393803673527,102429.50619632269,130665.89999999621,14.20435916947453,True,SCEN_2011_APR_270D,60,conservation_15pct,228
2011-11-15,130665.89999999621,2.84,157.8,380.0,380.0,314.5,314.5,0.0,0.0,28127.06850472799,102002.13149526823,130129.19999999623,14.146015871289947,True,SCEN_2011_APR_270D,60,conservation_15pct,229
2011-11-16,130129.19999999623,0.0,30.0,380.0,380.0,314.5,314.5,0.0,0.0,27981.99699423772,101482.7030057585,129464.69999999623,14.07377975866901,True,SCEN_2011_APR_270D,60,conservation_15pct,230
2011-11-17,129464.69999999623,0.0,30.0,380.0,380.0,314.5,314.5,0.0,0.0,27836.92548374745,100963.27451624878,128800.19999999623,14.001543646048074,True,SCEN_2011_APR_270D,60,conservation_15pct,231
2011-11-18,128800.19999999623,0.0,30.0,380.0,380.0,314.5,314.5,0.0,0.0,27691.85397325718,100443.84602673906,128135.69999999624,13.929307533427139,True,SCEN_2011_APR_270D,60,conservation_15pct,232
2011-11-19,128135.69999999624,0.0,30.0,380.0,380.0,314.5,314.5,0.0,0.0,27546.78246276691,99924.41753722934,127471.19999999626,13.857071420806202,True,SCEN_2011_APR_270D,60,conservation_15pct,233
2011-11-20,127471.19999999626,0.0,30.0,380.0,380.0,314.5,314.5,0.0,0.0,27401.71095227664,99404.98904771962,126806.69999999626,13.784835308185265,True,SCEN_2011_APR_270D,60,conservation_15pct,234
2011-11-21,126806.69999999626,0.9599999999999999,73.19999999999999,380.0,380.0,314.5,314.5,0.0,0.0,27268.72266822403,98916.67733177224,126185.39999999627,13.7172953581907,True,SCEN_2011_APR_270D,60,conservation_15pct,235
2011-11-22,126185.39999999627,0.11999999999999998,35.4,380.0,380.0,314.5,314.5,0.0,0.0,27125.161561038465,98401.1384389578,125526.29999999626,13.645646265898062,True,SCEN_2011_APR_270D,60,conservation_15pct,236
2011-11-23,125526.29999999626,0.0,30.0,380.0,380.0,314.5,314.5,0.0,0.0,26980.090050548195,97881.70994944808,124861.79999999628,13.573410153277127,True,SCEN_2011_APR_270D,60,conservation_15pct,237
2011-11-24,124861.79999999628,0.0,30.0,380.0,380.0,314.5,314.5,0.0,0.0,26835.018540057925,97362.28145993836,124197.29999999628,13.501174040656188,True,SCEN_2011_APR_270D,60,conservation_15pct,238
2011-11-25,124197.29999999628,0.0,30.0,380.0,380.0,314.5,314.5,0.0,0.0,26689.947029567655,96842.85297042863,123532.79999999629,13.428937928035253,True,SCEN_2011_APR_270D,60,conservation_15pct,239
2011-11-26,123532.79999999629,5.539999999999999,279.29999999999995,380.0,380.0,314.5,314.5,0.0,0.0,26614.605804978026,96502.99419501827,123117.5999999963,13.383802587237339,True,SCEN_2011_APR_270D,60,conservation_15pct,240
2011-11-27,123117.5999999963,0.0,30.0,380.0,380.0,314.5,314.5,0.0,0.0,26469.534294487756,95983.56570550855,122453.09999999631,13.311566474616404,True,SCEN_2011_APR_270D,60,conservation_15pct,241
2011-11-28,122453.09999999631,0.0,30.0,380.0,380.0,314.5,314.5,0.0,0.0,26324.462783997486,95464.13721599882,121788.59999999631,13.239330361995469,True,SCEN_2011_APR_270D,60,conservation_15pct,242
2011-11-29,121788.59999999631,0.0,30.0,380.0,380.0,314.5,314.5,0.0,0.0,26179.391273507215,94944.7087264891,121124.09999999631,13.16709424937453,True,SCEN_2011_APR_270D,60,conservation_15pct,243
2011-11-30,121124.09999999631,0.0,30.0,380.0,380.0,314.5,314.5,0.0,0.0,26034.319763016945,94425.28023697938,120459.59999999632,13.094858136753595,True,SCEN_2011_APR_270D,60,conservation_15pct,244
2011-12-01,120459.59999999632,0.09999999999999999,34.5,380.0,380.0,314.5,314.5,0.0,0.0,25890.506921947264,93909.09307804906,119799.59999999632,13.023111207739571,True,SCEN_2011_APR_270D,60,conservation_15pct,245
2011-12-02,119799.59999999632,1.4599999999999997,95.69999999999999,380.0,380.0,314.5,314.5,0.0,0.0,25763.811984997596,93436.98801499873,119200.79999999632,12.958017175779576,True,SCEN_2011_APR_270D,60,conservation_15pct,246
2011-12-03,119200.79999999632,0.72,62.4,380.0,380.0,314.5,314.5,0.0,0.0,25627.802894335568,92940.89710566076,118568.69999999632,12.889303185128417,True,SCEN_2011_APR_270D,60,conservation_15pct,247
2011-12-04,118568.69999999632,1.7400000000000002,108.30000000000001,380.0,380.0,314.5,314.5,0.0,0.0,25504.63223176355,92477.86776823278,117982.49999999633,12.825578867267783,True,SCEN_2011_APR_270D,60,conservation_15pct,248
2011-12-05,117982.49999999633,1.28,87.6,380.0,380.0,314.5,314.5,0.0,0.0,25375.671689856823,91999.92831013951,117375.59999999634,12.759604304815342,True,SCEN_2011_APR_270D,60,conservation_15pct,249
2011-12-06,117375.59999999634,0.0,30.0,380.0,380.0,314.5,314.5,0.0,0.0,25230.600179366553,91480.49982062979,116711.09999999634,12.687368192194407,True,SCEN_2011_APR_270D,60,conservation_15pct,250
2011-12-07,116711.09999999634,0.0,30.0,380.0,380.0,314.5,314.5,0.0,0.0,25085.528668876283,90961.07133112007,116046.59999999635,12.61513207957347,True,SCEN_2011_APR_270D,60,conservation_15pct,251
2011-12-08,116046.59999999635,0.0,30.0,380.0,380.0,314.5,314.5,0.0,0.0,24940.457158386012,90441.64284161034,115382.09999999635,12.542895966952534,True,SCEN_2011_APR_270D,60,conservation_15pct,252
2011-12-09,115382.09999999635,0.0,30.0,380.0,380.0,314.5,314.5,0.0,0.0,24795.385647895742,89922.21435210062,114717.59999999637,12.470659854331597,True,SCEN_2011_APR_270D,60,conservation_15pct,253
2011-12-10,114717.59999999637,6.0,300.0,380.0,380.0,314.5,314.5,0.0,0.0,24725.834302640826,89597.26569735554,114323.09999999637,12.427774758125489,True,SCEN_2011_APR_270D,60,conservation_15pct,254
2011-12-11,114323.09999999637,1.5199999999999998,98.39999999999999,380.0,380.0,314.5,314.5,0.0,0.0,24599.894567343512,89127.10543265285,113726.99999999636,12.362974236329642,True,SCEN_2011_APR_270D,60,conservation_15pct,255
2011-12-12,113726.99999999636,1.26,86.7,380.0,380.0,314.5,314.5,0.0,0.0,24470.682291552665,88648.5177084437,113119.19999999637,12.296901837155819,True,SCEN_2011_APR_270D,60,conservation_15pct,256
2011-12-13,113119.19999999637,0.72,62.4,380.0,380.0,314.5,314.5,0.0,0.0,24334.673200890637,88152.42679910573,112487.09999999637,12.22818784650466,True,SCEN_2011_APR_270D,60,conservation_15pct,257
2011-12-14,112487.09999999637,0.36,46.2,380.0,380.0,314.5,314.5,0.0,0.0,24194.13290031449,87644.66709968189,111838.79999999638,12.157712794868614,True,SCEN_2011_APR_270D,60,conservation_15pct,258
2011-12-15,111838.79999999638,0.6,57.0,380.0,380.0,314.5,314.5,0.0,0.0,24056.613406347755,87144.68659364863,111201.29999999638,12.088411783889159,True,SCEN_2011_APR_270D,60,conservation_15pct,259
2011-12-16,111201.29999999638,0.0,30.0,380.0,380.0,314.5,314.5,0.0,0.0,23911.541895857485,86625.2581041389,110536.7999999964,12.016175671268224,True,SCEN_2011_APR_270D,60,conservation_15pct,260
2011-12-17,110536.7999999964,0.0,30.0,380.0,380.0,314.5,314.5,0.0,0.0,23766.470385367214,86105.82961462918,109872.2999999964,11.943939558647287,True,SCEN_2011_APR_270D,60,conservation_15pct,261
2011-12-18,109872.2999999964,0.09999999999999999,34.5,380.0,380.0,314.5,314.5,0.0,0.0,23622.657544297534,85589.64245569886,109212.2999999964,11.872192629633265,True,SCEN_2011_APR_270D,60,conservation_15pct,262
2011-12-19,109212.2999999964,1.7400000000000002,108.30000000000001,380.0,380.0,314.5,314.5,0.0,0.0,23499.486881725516,85126.61311827089,108626.09999999641,11.808468311772629,True,SCEN_2011_APR_270D,60,conservation_15pct,263
2011-12-20,108626.09999999641,0.11999999999999998,35.4,380.0,380.0,314.5,314.5,0.0,0.0,23355.92577453995,84611.07422545645,107966.9999999964,11.736819219479989,True,SCEN_2011_APR_270D,60,conservation_15pct,264
2011-12-21,107966.9999999964,1.98,119.1,380.0,380.0,314.5,314.5,0.0,0.0,23235.775918577347,84155.82408141906,107391.59999999641,11.674268942275944,True,SCEN_2011_APR_270D,60,conservation_15pct,265
2011-12-22,107391.59999999641,5.64,283.79999999999995,380.0,380.0,314.5,314.5,0.0,0.0,23161.693363408307,83819.2066365881,106980.89999999641,11.629622785084946,True,SCEN_2011_APR_270D,60,conservation_15pct,266
2011-12-23,106980.89999999641,0.0,30.0,380.0,380.0,314.5,314.5,0.0,0.0,23016.621852918037,83299.77814707838,106316.39999999641,11.557386672464007,True,SCEN_2011_APR_270D,60,conservation_15pct,267
2011-12-24,106316.39999999641,1.6600000000000001,104.7,380.0,380.0,314.5,314.5,0.0,0.0,22892.444254809547,82834.15574518687,105726.59999999643,11.493271007717842,True,SCEN_2011_APR_270D,60,conservation_15pct,268
2011-12-25,105726.59999999643,0.16,37.2,380.0,380.0,314.5,314.5,0.0,0.0,22749.38661539222,82319.91338460421,105069.29999999644,11.421817588867968,True,SCEN_2011_APR_270D,60,conservation_15pct,269
2011-12-26,105069.29999999644,0.16,37.2,380.0,380.0,314.5,314.5,0.0,0.0,22606.328975974895,81805.67102402155,104411.99999999645,11.350364170018095,True,SCEN_2011_APR_270D,60,conservation_15pct,270
2011-04-01,321965.0,0.0,30.0,380.0,380.0,370.0,370.0,0.0,0.0,89716.60348950973,231528.39651049025,321245.0,34.92173062289379,False,SCEN_2011_APR_270D,40,baseline_demand,1
2011-04-02,321245.0,0.0,30.0,380.0,380.0,370.0,370.0,0.0,0.0,89378.20697901945,231146.79302098052,320525.0,34.84346124578759,False,SCEN_2011_APR_270D,40,baseline_demand,2
2011-04-03,320525.0,0.0,30.0,380.0,380.0,370.0,370.0,0.0,0.0,89039.81046852918,230765.1895314708,319805.0,34.76519186868138,False,SCEN_2011_APR_270D,40,baseline_demand,3
2011-04-04,319805.0,0.0,30.0,380.0,380.0,370.0,370.0,0.0,0.0,88701.4139580389,230383.58604196107,319085.0,34.686922491575174,False,SCEN_2011_APR_270D,40,baseline_demand,4
2011-04-05,319085.0,0.0,30.0,380.0,380.0,370.0,370.0,0.0,0.0,88363.01744754863,230001.98255245134,318365.0,34.608653114468964,False,SCEN_2011_APR_270D,40,baseline_demand,5
2011-04-06,318365.0,0.0,30.0,380.0,380.0,370.0,370.0,0.0,0.0,88024.62093705835,229620.37906294162,317645.0,34.530383737362754,False,SCEN_2011_APR_270D,40,baseline_demand,6
2011-04-07,317645.0,0.0,30.0,380.0,380.0,370.0,370.0,0.0,0.0,87686.22442656808,229238.7755734319,316925.0,34.452114360256545,False,SCEN_2011_APR_270D,40,baseline_demand,7
2011-04-08,316925.0,0.0,30.0,380.0,380.0,370.0,370.0,0.0,0.0,87347.8279160778,228857.17208392217,316205.0,34.37384498315034,False,SCEN_2011_APR_270D,40,baseline_demand,8
2011-04-09,316205.0,0.0,30.0,380.0,380.0,370.0,370.0,0.0,0.0,87009.43140558753,228475.56859441244,315485.0,34.29557560604414,False,SCEN_2011_APR_270D,40,baseline_demand,9
2011-04-10,315485.0,0.0,30.0,380.0,380.0,370.0,370.0,0.0,0.0,86671.03489509725,228093.96510490272,314765.0,34.21730622893793,False,SCEN_2011_APR_270D,40,baseline_demand,10
2011-04-11,314765.0,0.21333333333333335,39.6,380.0,380.0,370.0,370.0,0.0,0.0,86335.32354603757,227719.2764539624,314054.6,34.140080443526465,False,SCEN_2011_APR_270D,40,baseline_demand,11
2011-04-12,314054.6,0.0,30.0,380.0,380.0,370.0,370.0,0.0,0.0,85996.9270355473,227337.67296445268,313334.6,34.06181106642026,False,SCEN_2011_APR_270D,40,baseline_demand,12
2011-04-13,313334.6,0.0,30.0,380.0,380.0,370.0,370.0,0.0,0.0,85658.53052505702,226956.06947494295,312614.6,33.98354168931405,False,SCEN_2011_APR_270D,40,baseline_demand,13
2011-04-14,312614.6,0.0,30.0,380.0,380.0,370.0,370.0,0.0,0.0,85320.13401456675,226574.46598543323,311894.6,33.90527231220785,False,SCEN_2011_APR_270D,40,baseline_demand,14
2011-04-15,311894.6,0.0,30.0,380.0,380.0,370.0,370.0,0.0,0.0,84981.73750407647,226192.8624959235,311174.6,33.82700293510164,False,SCEN_2011_APR_270D,40,baseline_demand,15
2011-04-16,311174.6,0.0,30.0,380.0,380.0,370.0,370.0,0.0,0.0,84643.3409935862,225811.25900641378,310454.6,33.74873355799543,False,SCEN_2011_APR_270D,40,baseline_demand,16
2011-04-17,310454.6,0.0,30.0,380.0,380.0,370.0,370.0,0.0,0.0,84304.94448309593,225429.65551690405,309734.6,33.670464180889226,False,SCEN_2011_APR_270D,40,baseline_demand,17
2011-04-18,309734.6,0.0,30.0,380.0,380.0,370.0,370.0,0.0,0.0,83966.54797260565,225048.05202739433,309014.6,33.592194803783016,False,SCEN_2011_APR_270D,40,baseline_demand,18
2011-04-19,309014.6,0.0,30.0,380.0,380.0,370.0,370.0,0.0,0.0,83628.15146211538,224666.4485378846,308294.6,33.51392542667681,False,SCEN_2011_APR_270D,40,baseline_demand,19
2011-04-20,308294.6,0.0,30.0,380.0,380.0,370.0,370.0,0.0,0.0,83289.7549516251,224284.84504837487,307574.6,33.4356560495706,False,SCEN_2011_APR_270D,40,baseline_demand,20
2011-04-21,307574.6,0.0,30.0,380.0,380.0,370.0,370.0,0.0,0.0,82951.35844113483,223903.24155886515,306854.6,33.35738667246439,False,SCEN_2011_APR_270D,40,baseline_demand,21
2011-04-22,306854.6,0.0,30.0,380.0,380.0,370.0,370.0,0.0,0.0,82612.96193064455,223521.63806935542,306134.6,33.27911729535819,False,SCEN_2011_APR_270D,40,baseline_demand,22
2011-04-23,306134.6,0.0,30.0,380.0,380.0,370.0,370.0,0.0,0.0,82274.56542015428,223140.0345798457,305414.6,33.20084791825198,False,SCEN_2011_APR_270D,40,baseline_demand,23
2011-04-24,305414.6,0.0,30.0,380.0,380.0,370.0,370.0,0.0,0.0,81936.168909664,222758.43109033597,304694.6,33.12257854114578,False,SCEN_2011_APR_270D,40,baseline_demand,24
2011-04-25,304694.6,0.04,31.8,380.0,380.0,370.0,370.0,0.0,0.0,81598.27586694197,222378.124133058,303976.39999999997,33.04450483748233,False,SCEN_2011_APR_270D,40,baseline_demand,25
2011-04-26,303976.39999999997,0.0,30.0,380.0,380.0,370.0,370.0,0.0,0.0,81259.8793564517,221996.52064354828,303256.39999999997,32.966235460376126,False,SCEN_2011_APR_270D,40,baseline_demand,26
2011-04-27,303256.39999999997,0.0,30.0,380.0,380.0,370.0,370.0,0.0,0.0,80921.48284596142,221614.91715403856,302536.39999999997,32.887966083269916,False,SCEN_2011_APR_270D,40,baseline_demand,27
2011-04-28,302536.39999999997,0.0,30.0,380.0,380.0,370.0,370.0,0.0,0.0,80583.08633547115,221233.31366452883,301816.39999999997,32.80969670616371,False,SCEN_2011_APR_270D,40,baseline_demand,28
2011-04-29,301816.39999999997,0.0,30.0,380.0,380.0,370.0,370.0,0.0,0.0,80244.68982498087,220851.7101750191,301096.39999999997,32.7314273290575,False,SCEN_2011_APR_270D,40,baseline_demand,29
2011-04-30,301096.39999999997,0.0,30.0,380.0,380.0,370.0,370.0,0.0,0.0,79906.2933144906,220470.10668550938,300376.39999999997,32.65315795195129,False,SCEN_2011_APR_270D,40,baseline_demand,30
2011-05-01,300376.39999999997,0.0,30.0,380.0,380.0,370.0,370.0,0.0,0.0,79567.89680400032,220088.50319599966,299656.39999999997,32.57488857484509,False,SCEN_2011_APR_270D,40,baseline_demand,31
2011-05-02,299656.39999999997,0.4133333333333334,48.6,380.0,380.0,370.0,370.0,0.0,0.0,79234.70279378182,219720.29720621818,298955.0,32.49864115664746,False,SCEN_2011_APR_270D,40,baseline_demand,32
2011-05-03,298955.0,0.0,30.0,380.0,380.0,370.0,370.0,0.0,0.0,78896.30628329155,219338.69371670845,298235.0,32.420371779541256,False,SCEN_2011_APR_270D,40,baseline_demand,33
2011-05-04,298235.0,0.0,30.0,380.0,380.0,370.0,370.0,0.0,0.0,78557.90977280127,218957.09022719873,297515.0,32.342102402435046,False,SCEN_2011_APR_270D,40,baseline_demand,34
2011-05-05,297515.0,0.0,30.0,380.0,380.0,370.0,370.0,0.0,0.0,78219.513262311,218575.486737689,296795.0,32.26383302532884,False,SCEN_2011_APR_270D,40,baseline_demand,35
2011-05-06,296795.0,0.0,30.0,380.0,380.0,370.0,370.0,0.0,0.0,77881.11675182072,218193.88324817928,296075.0,32.18556364822263,False,SCEN_2011_APR_270D,40,baseline_demand,36
2011-05-07,296075.0,0.0,30.0,380.0,380.0,370.0,370.0,0.0,0.0,77542.72024133045,217812.27975866955,295355.0,32.10729427111643,False,SCEN_2011_APR_270D,40,baseline_demand,37
2011-05-08,295355.0,0.0,30.0,380.0,380.0,370.0,370.0,0.0,0.0,77204.32373084017,217430.67626915983,294635.0,32.02902489401021,False,SCEN_2011_APR_270D,40,baseline_demand,38
2011-05-09,294635.0,0.0,30.0,380.0,380.0,370.0,370.0,0.0,0.0,76865.9272203499,217049.0727796501,293915.0,31.95075551690401,False,SCEN_2011_APR_270D,40,baseline_demand,39
2011-05-10,293915.0,0.0,30.0,380.0,380.0,370.0,370.0,0.0,0.0,76527.53070985962,216667.46929014038,293195.0,31.872486139797807,False,SCEN_2011_APR_270D,40,baseline_demand,40
2011-05-11,293195.0,0.0,30.0,380.0,380.0,370.0,370.0,0.0,0.0,76189.13419936935,216285.86580063065,292475.0,31.794216762691597,False,SCEN_2011_APR_270D,40,baseline_demand,41
2011-05-12,292475.0,13.240000000000002,625.8000000000001,380.0,380.0,370.0,370.0,0.0,0.0,76017.38552016509,216333.41447983493,292350.80000000005,31.780715295140784,False,SCEN_2011_APR_270D,40,baseline_demand,42
2011-05-13,292350.80000000005,0.0,30.0,380.0,380.0,370.0,370.0,0.0,0.0,75678.98900967481,215951.8109903252,291630.80000000005,31.70244591803457,False,SCEN_2011_APR_270D,40,baseline_demand,43
2011-05-14,291630.80000000005,0.0,30.0,380.0,380.0,370.0,370.0,0.0,0.0,75340.59249918454,215570.20750081548,290910.80000000005,31.624176540928367,False,SCEN_2011_APR_270D,40,baseline_demand,44
2011-05-15,290910.80000000005,0.0,30.0,380.0,380.0,370.0,370.0,0.0,0.0,75002.19598869426,215188.60401130575,290190.80000000005,31.54590716382216,False,SCEN_2011_APR_270D,40,baseline_demand,45
2011-05-16,290190.80000000005,0.0,30.0,380.0,380.0,370.0,370.0,0.0,0.0,74663.79947820399,214807.00052179603,289470.80000000005,31.46763778671595,False,SCEN_2011_APR_270D,40,baseline_demand,46
2011-05-17,289470.80000000005,0.0,30.0,380.0,380.0,370.0,370.0,0.0,0.0,74325.40296771372,214425.3970322863,288750.80000000005,31.389368409609748,False,SCEN_2011_APR_270D,40,baseline_demand,47
2011-05-18,288750.80000000005,0.0,30.0,380.0,380.0,370.0,370.0,0.0,0.0,73987.00645722344,214043.79354277658,288030.80000000005,31.311099032503538,False,SCEN_2011_APR_270D,40,baseline_demand,48
2011-05-19,288030.80000000005,0.0,30.0,380.0,380.0,370.0,370.0,0.0,0.0,73648.60994673317,213662.19005326685,287310.80000000005,31.23282965539733,False,SCEN_2011_APR_270D,40,baseline_demand,49
2011-05-20,287310.80000000005,0.0,30.0,380.0,380.0,370.0,370.0,0.0,0.0,73310.21343624289,213280.58656375713,286590.80000000005,31.15456027829112,False,SCEN_2011_APR_270D,40,baseline_demand,50
2011-05-21,286590.80000000005,0.0,30.0,380.0,380.0,370.0,370.0,0.0,0.0,72971.81692575262,212898.9830742474,285870.80000000005,31.076290901184915,False,SCEN_2011_APR_270D,40,baseline_demand,51
2011-05-22,285870.80000000005,0.0,30.0,380.0,380.0,370.0,370.0,0.0,0.0,72633.42041526234,212517.37958473768,285150.80000000005,30.998021524078712,False,SCEN_2011_APR_270D,40,baseline_demand,52
2011-05-23,285150.80000000005,0.0,30.0,380.0,380.0,370.0,370.0,0.0,0.0,72295.02390477207,212135.77609522795,284430.80000000005,30.919752146972503,False,SCEN_2011_APR_270D,40,baseline_demand,53
2011-05-24,284430.80000000005,0.0,30.0,380.0,380.0,370.0,370.0,0.0,0.0,71956.6273942818,211754.17260571822,283710.80000000005,30.841482769866296,False,SCEN_2011_APR_270D,40,baseline_demand,54
2011-05-25,283710.80000000005,0.0,30.0,380.0,380.0,370.0,370.0,0.0,0.0,71618.23088379152,211372.5691162085,282990.80000000005,30.763213392760086,False,SCEN_2011_APR_270D,40,baseline_demand,55
2011-05-26,282990.80000000005,1.1466666666666667,81.6,380.0,380.0,370.0,370.0,0.0,0.0,71294.26711599067,211028.13288400936,282322.4,30.69055332101316,False,SCEN_2011_APR_270D,40,baseline_demand,56
2011-05-27,282322.4,0.0,30.0,380.0,380.0,370.0,370.0,0.0,0.0,70955.8706055004,210646.52939449964,281602.4,30.61228394390695,False,SCEN_2011_APR_270D,40,baseline_demand,57
2011-05-28,281602.4,0.0,30.0,380.0,380.0,370.0,370.0,0.0,0.0,70617.47409501013,210264.9259049899,280882.4,30.534014566800742,False,SCEN_2011_APR_270D,40,baseline_demand,58
2011-05-29,280882.4,0.0,30.0,380.0,380.0,370.0,370.0,0.0,0.0,70279.07758451985,209883.3224154802,280162.4,30.455745189694532,False,SCEN_2011_APR_270D,40,baseline_demand,59
2011-05-30,280162.4,0.0,30.0,380.0,380.0,370.0,370.0,0.0,0.0,69940.68107402958,209501.71892597046,279442.4,30.37747581258833,False,SCEN_2011_APR_270D,40,baseline_demand,60
2011-05-31,279442.4,0.0,30.0,380.0,380.0,370.0,370.0,0.0,0.0,69602.2845635393,209120.11543646074,278722.4,30.29920643548212,False,SCEN_2011_APR_270D,40,baseline_demand,61
2011-06-01,278722.4,0.0,30.0,750.0,750.0,370.0,370.0,0.0,0.0,69160.39745624503,208472.002543755,277632.4,30.180715295140782,False,SCEN_2011_APR_270D,40,baseline_demand,62
2011-06-02,277632.4,0.0,30.0,750.0,750.0,370.0,370.0,0.0,0.0,68718.51034895076,207823.88965104925,276542.4,30.062224154799438,False,SCEN_2011_APR_270D,40,baseline_demand,63
2011-06-03,276542.4,0.0,30.0,750.0,750.0,370.0,370.0,0.0,0.0,68276.62324165649,207175.7767583435,275452.4,29.943733014458097,False,SCEN_2011_APR_270D,40,baseline_demand,64
2011-06-04,275452.4,0.0,30.0,750.0,750.0,370.0,370.0,0.0,0.0,67834.73613436222,206527.66386563776,274362.39999999997,29.82524187411675,False,SCEN_2011_APR_270D,40,baseline_demand,65
2011-06-05,274362.39999999997,0.0,30.0,750.0,750.0,370.0,370.0,0.0,0.0,67392.84902706795,205879.55097293202,273272.39999999997,29.706750733775404,False,SCEN_2011_APR_270D,40,baseline_demand,66
2011-06-06,273272.39999999997,0.0,30.0,750.0,750.0,370.0,370.0,0.0,0.0,66950.96191977368,205231.43808022627,272182.39999999997,29.588259593434064,False,SCEN_2011_APR_270D,40,baseline_demand,67
2011-06-07,272182.39999999997,0.0,30.0,750.0,750.0,370.0,370.0,0.0,0.0,66509.0748124794,204583.32518752053,271092.3999999999,29.469768453092716,False,SCEN_2011_APR_270D,40,baseline_demand,68
2011-06-08,271092.3999999999,0.0,30.0,750.0,750.0,370.0,370.0,0.0,0.0,66067.18770518513,203935.2122948148,270002.3999999999,29.351277312751378,False,SCEN_2011_APR_270D,40,baseline_demand,69
2011-06-09,270002.3999999999,0.0,30.0,750.0,750.0,370.0,370.0,0.0,0.0,65625.30059789086,203287.09940210904,268912.3999999999,29.232786172410037,False,SCEN_2011_APR_270D,40,baseline_demand,70
2011-06-10,268912.3999999999,0.0,30.0,750.0,750.0,370.0,370.0,0.0,0.0,65183.413490596584,202638.9865094033,267822.3999999999,29.114295032068693,False,SCEN_2011_APR_270D,40,baseline_demand,71
2011-06-11,267822.3999999999,0.0,30.0,750.0,750.0,370.0,370.0,0.0,0.0,64741.52638330231,201990.87361669756,266732.39999999985,28.995803891727345,False,SCEN_2011_APR_270D,40,baseline_demand,72
2011-06-12,266732.39999999985,0.0,30.0,750.0,750.0,370.0,370.0,0.0,0.0,64299.63927600804,201342.7607239918,265642.39999999985,28.877312751386004,False,SCEN_2011_APR_270D,40,baseline_demand,73
2011-06-13,265642.39999999985,0.0,30.0,750.0,750.0,370.0,370.0,0.0,0.0,63857.75216871377,200694.64783128607,264552.39999999985,28.75882161104466,False,SCEN_2011_APR_270D,40,baseline_demand,74
2011-06-14,264552.39999999985,0.0,30.0,750.0,750.0,370.0,370.0,0.0,0.0,63415.8650614195,200046.53493858033,263462.39999999985,28.640330470703322,False,SCEN_2011_APR_270D,40,baseline_demand,75
2011-06-15,263462.39999999985,0.0,30.0,750.0,750.0,370.0,370.0,0.0,0.0,62973.97795412523,199398.42204587458,262372.3999999998,28.521839330361974,False,SCEN_2011_APR_270D,40,baseline_demand,76
2011-06-16,262372.3999999998,0.0,30.0,750.0,750.0,370.0,370.0,0.0,0.0,62532.09084683096,198750.30915316884,261282.3999999998,28.403348190020633,False,SCEN_2011_APR_270D,40,baseline_demand,77
2011-06-17,261282.3999999998,0.0,30.0,750.0,750.0,370.0,370.0,0.0,0.0,62090.203739536686,198102.1962604631,260192.3999999998,28.28485704967929,False,SCEN_2011_APR_270D,40,baseline_demand,78
2011-06-18,260192.3999999998,0.0,30.0,750.0,750.0,370.0,370.0,0.0,0.0,61648.316632242415,197454.08336775735,259102.39999999976,28.166365909337948,False,SCEN_2011_APR_270D,40,baseline_demand,79
2011-06-19,259102.39999999976,0.0,30.0,750.0,750.0,370.0,370.0,0.0,0.0,61206.429524948144,196805.9704750516,258012.39999999976,28.047874768996607,False,SCEN_2011_APR_270D,40,baseline_demand,80
2011-06-20,258012.39999999976,0.0,30.0,750.0,750.0,370.0,370.0,0.0,0.0,60764.54241765387,196157.85758234587,256922.39999999973,27.92938362865526,False,SCEN_2011_APR_270D,40,baseline_demand,81
2011-06-21,256922.39999999973,0.0,30.0,750.0,750.0,370.0,370.0,0.0,0.0,60322.6553103596,195509.74468964012,255832.39999999973,27.81089248831392,False,SCEN_2011_APR_270D,40,baseline_demand,82
2011-06-22,255832.39999999973,9.213333333333335,444.6000000000001,750.0,750.0,370.0,370.0,0.0,0.0,59996.733612348944,195160.26638765077,255156.9999999997,27.737471464289566,False,SCEN_2011_APR_270D,40,baseline_demand,83
2011-06-23,255156.9999999997,2.3333333333333335,135.0,750.0,750.0,370.0,370.0,0.0,0.0,59584.215458201754,194587.78454179797,254171.9999999997,27.630394608109544,False,SCEN_2011_APR_270D,40,baseline_demand,84
2011-06-24,254171.9999999997,0.17333333333333334,37.8,750.0,750.0,370.0,370.0,0.0,0.0,59144.51004456983,193945.28995542988,253089.7999999997,27.512751386020184,False,SCEN_2011_APR_270D,40,baseline_demand,85
2011-06-25,253089.7999999997,0.10666666666666667,34.8,750.0,750.0,370.0,370.0,0.0,0.0,58703.96551799085,193300.63448200884,252004.5999999997,27.394782041526216,False,SCEN_2011_APR_270D,40,baseline_demand,86
2011-06-26,252004.5999999997,0.0,30.0,750.0,750.0,370.0,370.0,0.0,0.0,58262.07841069658,192652.5215893031,250914.5999999997,27.27629090118488,False,SCEN_2011_APR_270D,40,baseline_demand,87
2011-06-27,250914.5999999997,0.0,30.0,750.0,750.0,370.0,370.0,0.0,0.0,57820.19130340231,192004.40869659735,249824.59999999966,27.15779976084353,False,SCEN_2011_APR_270D,40,baseline_demand,88
2011-06-28,249824.59999999966,0.0,30.0,750.0,750.0,370.0,370.0,0.0,0.0,57378.30419610804,191356.2958038916,248734.59999999966,27.03930862050219,False,SCEN_2011_APR_270D,40,baseline_demand,89
2011-06-29,248734.59999999966,0.0,30.0,750.0,750.0,370.0,370.0,0.0,0.0,56936.41708881377,190708.18291118587,247644.59999999963,26.920817480160846,False,SCEN_2011_APR_270D,40,baseline_demand,90
2011-06-30,247644.59999999963,0.33333333333333337,45.0,750.0,750.0,370.0,370.0,0.0,0.0,56498.72554625479,190070.87445374485,246569.59999999963,26.80395695184255,False,SCEN_2011_APR_270D,40,baseline_demand,91
2011-07-01,246569.59999999963,0.26666666666666666,42.0,750.0,750.0,370.0,370.0,0.0,0.0,56060.19489074875,189431.4051092509,245491.59999999963,26.686770301119644,False,SCEN_2011_APR_270D,40,baseline_demand,92
2011-07-02,245491.59999999963,0.0,30.0,750.0,750.0,370.0,370.0,0.0,0.0,55618.30778345448,188783.29221654515,244401.59999999963,26.568279160778307,False,SCEN_2011_APR_270D,40,baseline_demand,93
2011-07-03,244401.59999999963,0.48,51.599999999999994,750.0,750.0,370.0,370.0,0.0,0.0,55182.46228937904,188150.7377106206,243333.19999999963,26.452136101750153,False,SCEN_2011_APR_270D,40,baseline_demand,94
2011-07-04,243333.19999999963,0.0,30.0,750.0,750.0,370.0,370.0,0.0,0.0,54740.575182084765,187502.62481791485,242243.1999999996,26.333644961408805,False,SCEN_2011_APR_270D,40,baseline_demand,95
2011-07-05,242243.1999999996,0.0,30.0,750.0,750.0,370.0,370.0,0.0,0.0,54298.688074790494,186854.5119252091,241153.1999999996,26.215153821067467,False,SCEN_2011_APR_270D,40,baseline_demand,96
2011-07-06,241153.1999999996,0.0,30.0,750.0,750.0,370.0,370.0,0.0,0.0,53856.80096749622,186206.39903250337,240063.1999999996,26.096662680726123,False,SCEN_2011_APR_270D,40,baseline_demand,97
2011-07-07,240063.1999999996,0.0,30.0,750.0,750.0,370.0,370.0,0.0,0.0,53414.91386020195,185558.28613979762,238973.19999999958,25.978171540384775,False,SCEN_2011_APR_270D,40,baseline_demand,98
2011-07-08,238973.19999999958,0.0,30.0,750.0,750.0,370.0,370.0,0.0,0.0,52973.02675290768,184910.17324709188,237883.19999999955,25.859680400043434,False,SCEN_2011_APR_270D,40,baseline_demand,99
2011-07-09,237883.19999999955,0.0,30.0,750.0,750.0,370.0,370.0,0.0,0.0,52531.13964561341,184262.06035438614,236793.19999999955,25.74118925970209,False,SCEN_2011_APR_270D,40,baseline_demand,100
2011-07-10,236793.19999999955,0.04,31.8,750.0,750.0,370.0,370.0,0.0,0.0,52089.75600608737,183615.24399391215,235704.99999999953,25.622893792803513,False,SCEN_2011_APR_270D,40,baseline_demand,101
2011-07-11,235704.99999999953,0.0,30.0,750.0,750.0,370.0,370.0,0.0,0.0,51647.8688987931,182967.1311012064,234614.9999999995,25.504402652462172,False,SCEN_2011_APR_270D,40,baseline_demand,102
2011-07-12,234614.9999999995,0.0,30.0,750.0,750.0,370.0,370.0,0.0,0.0,51390.98179149883,182134.01820850067,233524.9999999995,25.385911512120828,False,SCEN_2011_APR_270D,40,baseline_demand,103
2011-07-13,233524.9999999995,0.0,30.0,750.0,750.0,370.0,370.0,0.0,0.0,51134.09468420456,181300.90531579492,232434.99999999948,25.267420371779487,False,SCEN_2011_APR_270D,40,baseline_demand,104
2011-07-14,232434.99999999948,0.0,30.0,750.0,750.0,370.0,370.0,0.0,0.0,50877.20757691029,180467.79242308918,231344.99999999948,25.148929231438146,False,SCEN_2011_APR_270D,40,baseline_demand,105
2011-07-15,231344.99999999948,0.0,30.0,750.0,750.0,370.0,370.0,0.0,0.0,50620.32046961602,179634.67953038344,230254.99999999945,25.030438091096798,False,SCEN_2011_APR_270D,40,baseline_demand,106
2011-07-16,230254.99999999945,0.0,30.0,750.0,750.0,370.0,370.0,0.0,0.0,50363.433362321746,178801.5666376777,229164.99999999945,24.911946950755457,False,SCEN_2011_APR_270D,40,baseline_demand,107
2011-07-17,229164.99999999945,0.0,30.0,750.0,750.0,370.0,370.0,0.0,0.0,50106.546255027475,177968.45374497195,228074.99999999942,24.793455810414113,False,SCEN_2011_APR_270D,40,baseline_demand,108
2011-07-18,228074.99999999942,0.0,30.0,750.0,750.0,370.0,370.0,0.0,0.0,49849.659147733204,177135.3408522662,226984.99999999942,24.67496467007277,False,SCEN_2011_APR_270D,40,baseline_demand,109
2011-07-19,226984.99999999942,2.8800000000000003,159.60000000000002,750.0,750.0,370.0,370.0,0.0,0.0,49629.0217197519,176395.57828024752,226024.59999999942,24.57056201761055,False,SCEN_2011_APR_270D,40,baseline_demand,110
2011-07-20,226024.59999999942,0.0,30.0,750.0,750.0,370.0,370.0,0.0,0.0,49372.13461245763,175562.46538754177,224934.5999999994,24.452070877269204,False,SCEN_2011_APR_270D,40,baseline_demand,111
2011-07-21,224934.5999999994,0.0,30.0,750.0,750.0,370.0,370.0,0.0,0.0,49115.24750516336,174729.35249483603,223844.5999999994,24.33357973692786,False,SCEN_2011_APR_270D,40,baseline_demand,112
2011-07-22,223844.5999999994,0.0,30.0,750.0,750.0,370.0,370.0,0.0,0.0,48858.36039786909,173896.23960213028,222754.59999999937,24.21508859658652,False,SCEN_2011_APR_270D,40,baseline_demand,113
2011-07-23,222754.59999999937,0.0,30.0,750.0,750.0,370.0,370.0,0.0,0.0,48601.47329057482,173063.12670942454,221664.59999999937,24.096597456245174,False,SCEN_2011_APR_270D,40,baseline_demand,114
2011-07-24,221664.59999999937,0.0,30.0,750.0,750.0,370.0,370.0,0.0,0.0,48344.586183280546,172230.0138167188,220574.59999999934,23.97810631590383,False,SCEN_2011_APR_270D,40,baseline_demand,115
2011-07-25,220574.59999999934,0.0,30.0,750.0,750.0,370.0,370.0,0.0,0.0,48087.699075986275,171396.90092401305,219484.59999999934,23.85961517556249,False,SCEN_2011_APR_270D,40,baseline_demand,116
2011-07-26,219484.59999999934,0.0,30.0,750.0,750.0,370.0,370.0,0.0,0.0,47830.811968692,170563.7880313073,218394.5999999993,23.741124035221144,False,SCEN_2011_APR_270D,40,baseline_demand,117
2011-07-27,218394.5999999993,0.0,30.0,750.0,750.0,370.0,370.0,0.0,0.0,47573.92486139773,169730.67513860157,217304.5999999993,23.622632894879803,False,SCEN_2011_APR_270D,40,baseline_demand,118
2011-07-28,217304.5999999993,0.0,30.0,750.0,750.0,370.0,370.0,0.0,0.0,47317.03775410346,168897.56224589582,216214.59999999928,23.50414175453846,False,SCEN_2011_APR_270D,40,baseline_demand,119
2011-07-29,216214.59999999928,1.4533333333333334,95.4,750.0,750.0,370.0,370.0,0.0,0.0,47078.44330905508,168111.55669094418,215189.99999999927,23.3927600826176,False,SCEN_2011_APR_270D,40,baseline_demand,120
2011-07-30,215189.99999999927,0.13333333333333333,36.0,750.0,750.0,370.0,370.0,0.0,0.0,46823.23442765493,167282.76557234433,214105.99999999924,23.27492118708547,False,SCEN_2011_APR_270D,40,baseline_demand,121
2011-07-31,214105.99999999924,0.0,30.0,750.0,750.0,370.0,370.0,0.0,0.0,46566.347320360655,166449.6526796386,213015.99999999924,23.156430046744127,False,SCEN_2011_APR_270D,40,baseline_demand,122
2011-08-01,213015.99999999924,0.0,30.0,750.0,750.0,370.0,370.0,0.0,0.0,46309.460213066384,165616.53978693284,211925.99999999924,23.03793890640279,False,SCEN_2011_APR_270D,40,baseline_demand,123
2011-08-02,211925.99999999924,0.0,30.0,750.0,750.0,370.0,370.0,0.0,0.0,46052.57310577211,164783.4268942271,210835.9999999992,22.91944776606144,False,SCEN_2011_APR_270D,40,baseline_demand,124
2011-08-03,210835.9999999992,0.0,30.0,750.0,750.0,370.0,370.0,0.0,0.0,45795.68599847784,163950.31400152136,209745.99999999919,22.800956625720097,False,SCEN_2011_APR_270D,40,baseline_demand,125
2011-08-04,209745.99999999919,0.0,30.0,750.0,750.0,370.0,370.0,0.0,0.0,45538.79889118357,163117.2011088156,208655.99999999919,22.68246548537876,False,SCEN_2011_APR_270D,40,baseline_demand,126
2011-08-05,208655.99999999919,0.0,30.0,750.0,750.0,370.0,370.0,0.0,0.0,45281.9117838893,162284.08821610987,207565.99999999919,22.563974345037416,False,SCEN_2011_APR_270D,40,baseline_demand,127
2011-08-06,207565.99999999919,0.0,30.0,750.0,750.0,370.0,370.0,0.0,0.0,45025.02467659503,161450.97532340413,206475.99999999916,22.44548320469607,False,SCEN_2011_APR_270D,40,baseline_demand,128
2011-08-07,206475.99999999916,0.0,30.0,750.0,750.0,370.0,370.0,0.0,0.0,44768.13756930076,160617.86243069838,205385.99999999913,22.326992064354727,False,SCEN_2011_APR_270D,40,baseline_demand,129
2011-08-08,205385.99999999913,0.0,30.0,750.0,750.0,370.0,370.0,0.0,0.0,44511.25046200649,159784.74953799264,204295.99999999913,22.208500924013386,False,SCEN_2011_APR_270D,40,baseline_demand,130
2011-08-09,204295.99999999913,0.0,30.0,750.0,750.0,370.0,370.0,0.0,0.0,44254.363354712215,158951.6366452869,203205.99999999913,22.090009783672045,False,SCEN_2011_APR_270D,40,baseline_demand,131
2011-08-10,203205.99999999913,0.0,30.0,750.0,750.0,370.0,370.0,0.0,0.0,43997.476247417944,158118.52375258115,202115.9999999991,21.971518643330697,False,SCEN_2011_APR_270D,40,baseline_demand,132
2011-08-11,202115.9999999991,0.0,30.0,750.0,750.0,370.0,370.0,0.0,0.0,43740.58914012367,157285.4108598754,201025.99999999907,21.853027502989352,False,SCEN_2011_APR_270D,40,baseline_demand,133
2011-08-12,201025.99999999907,0.0,30.0,750.0,750.0,370.0,370.0,0.0,0.0,43483.7020328294,156452.29796716967,199935.99999999907,21.73453636264801,False,SCEN_2011_APR_270D,40,baseline_demand,134
2011-08-13,199935.99999999907,0.0,30.0,750.0,750.0,370.0,370.0,0.0,0.0,43226.81492553513,155619.18507446392,198845.99999999907,21.61604522230667,False,SCEN_2011_APR_270D,40,baseline_demand,135
2011-08-14,198845.99999999907,0.0,30.0,750.0,750.0,370.0,370.0,0.0,0.0,42969.92781824086,154786.07218175818,197755.99999999904,21.497554081965326,False,SCEN_2011_APR_270D,40,baseline_demand,136
2011-08-15,197755.99999999904,0.0,30.0,750.0,750.0,370.0,370.0,0.0,0.0,42713.04071094659,153952.95928905244,196665.999999999,21.37906294162398,False,SCEN_2011_APR_270D,40,baseline_demand,137
2011-08-16,196665.999999999,0.0,30.0,750.0,750.0,370.0,370.0,0.0,0.0,42456.15360365232,153119.8463963467,195575.999999999,21.26057180128264,False,SCEN_2011_APR_270D,40,baseline_demand,138
2011-08-17,195575.999999999,0.0,30.0,750.0,750.0,370.0,370.0,0.0,0.0,42199.26649635805,152286.73350364095,194485.999999999,21.142080660941296,False,SCEN_2011_APR_270D,40,baseline_demand,139
2011-08-18,194485.999999999,0.0,30.0,750.0,750.0,370.0,370.0,0.0,0.0,41942.379389063775,151453.6206109352,193395.99999999898,21.023589520599955,False,SCEN_2011_APR_270D,40,baseline_demand,140
2011-08-19,193395.99999999898,0.0,30.0,750.0,750.0,370.0,370.0,0.0,0.0,41685.492281769504,150620.50771822946,192305.99999999895,20.90509838025861,False,SCEN_2011_APR_270D,40,baseline_demand,141
2011-08-20,192305.99999999895,0.0,30.0,750.0,750.0,370.0,370.0,0.0,0.0,41428.60517447523,149787.39482552372,191215.99999999895,20.786607239917267,False,SCEN_2011_APR_270D,40,baseline_demand,142
2011-08-21,191215.99999999895,0.0,30.0,750.0,750.0,370.0,370.0,0.0,0.0,41171.71806718096,148954.28193281798,190125.99999999895,20.66811609957593,False,SCEN_2011_APR_270D,40,baseline_demand,143
2011-08-22,190125.99999999895,0.0,30.0,750.0,750.0,370.0,370.0,0.0,0.0,40914.83095988669,148121.16904011223,189035.99999999892,20.549624959234585,False,SCEN_2011_APR_270D,40,baseline_demand,144
2011-08-23,189035.99999999892,0.0,30.0,750.0,750.0,370.0,370.0,0.0,0.0,40657.94385259242,147288.0561474065,187945.9999999989,20.431133818893237,False,SCEN_2011_APR_270D,40,baseline_demand,145
2011-08-24,187945.9999999989,0.0,30.0,750.0,750.0,370.0,370.0,0.0,0.0,40401.05674529815,146454.94325470075,186855.9999999989,20.312642678551896,False,SCEN_2011_APR_270D,40,baseline_demand,146
2011-08-25,186855.9999999989,2.973333333333333,163.79999999999998,750.0,750.0,370.0,370.0,0.0,0.0,40181.59407544273,145718.20592455615,185899.79999999888,20.208696597456125,False,SCEN_2011_APR_270D,40,baseline_demand,147
2011-08-26,185899.79999999888,0.0,30.0,750.0,750.0,370.0,370.0,0.0,0.0,39924.70696814846,144885.0930318504,184809.79999999888,20.09020545711478,False,SCEN_2011_APR_270D,40,baseline_demand,148
2011-08-27,184809.79999999888,0.0,30.0,750.0,750.0,370.0,370.0,0.0,0.0,39667.819860854186,144051.98013914467,183719.79999999885,19.971714316773436,True,SCEN_2011_APR_270D,40,baseline_demand,149
2011-08-28,183719.79999999885,0.0,30.0,750.0,750.0,370.0,370.0,0.0,0.0,39410.932753559915,143218.86724643892,182629.79999999882,19.853223176432095,True,SCEN_2011_APR_270D,40,baseline_demand,150
2011-08-29,182629.79999999882,0.0,30.0,750.0,750.0,370.0,370.0,0.0,0.0,39154.045646265644,142385.75435373318,181539.79999999882,19.73473203609075,True,SCEN_2011_APR_270D,40,baseline_demand,151
2011-08-30,181539.79999999882,0.0,30.0,750.0,750.0,370.0,370.0,0.0,0.0,38897.15853897137,141552.64146102744,180449.79999999882,19.61624089574941,True,SCEN_2011_APR_270D,40,baseline_demand,152
2011-08-31,180449.79999999882,0.0,30.0,750.0,750.0,370.0,370.0,0.0,0.0,38640.2714316771,140719.5285683217,179359.7999999988,19.497749755408066,True,SCEN_2011_APR_270D,40,baseline_demand,153
2011-09-01,179359.7999999988,0.04,31.8,750.0,750.0,370.0,370.0,0.0,0.0,38383.887792151065,139887.7122078477,178271.59999999878,19.379454288509486,True,SCEN_2011_APR_270D,40,baseline_demand,154
2011-09-02,178271.59999999878,0.0,30.0,750.0,750.0,370.0,370.0,0.0,0.0,38127.000684856794,139054.59931514197,177181.59999999875,19.260963148168145,True,SCEN_2011_APR_270D,40,baseline_demand,155
2011-09-03,177181.59999999875,0.0,30.0,750.0,750.0,370.0,370.0,0.0,0.0,37870.11357756252,138221.48642243622,176091.59999999875,19.142472007826804,True,SCEN_2011_APR_270D,40,baseline_demand,156
2011-09-04,176091.59999999875,0.0,30.0,750.0,750.0,370.0,370.0,0.0,0.0,37613.22647026825,137388.37352973048,175001.59999999873,19.023980867485456,True,SCEN_2011_APR_270D,40,baseline_demand,157
2011-09-05,175001.59999999873,0.0,30.0,750.0,750.0,370.0,370.0,0.0,0.0,37356.33936297398,136555.26063702474,173911.59999999873,18.90548972714412,True,SCEN_2011_APR_270D,40,baseline_demand,158
2011-09-06,173911.59999999873,0.0,30.0,750.0,750.0,370.0,370.0,0.0,0.0,37099.45225567971,135722.147744319,172821.5999999987,18.786998586802774,True,SCEN_2011_APR_270D,40,baseline_demand,159
2011-09-07,172821.5999999987,0.0,30.0,750.0,750.0,370.0,370.0,0.0,0.0,36842.56514838544,134889.03485161325,171731.5999999987,18.66850744646143,True,SCEN_2011_APR_270D,40,baseline_demand,160
2011-09-08,171731.5999999987,0.0,30.0,750.0,750.0,370.0,370.0,0.0,0.0,36585.67804109117,134055.9219589075,170641.59999999867,18.550016306120085,True,SCEN_2011_APR_270D,40,baseline_demand,161
2011-09-09,170641.59999999867,0.0,30.0,750.0,750.0,370.0,370.0,0.0,0.0,36328.790933796896,133222.80906620176,169551.59999999867,18.431525165778744,True,SCEN_2011_APR_270D,40,baseline_demand,162
2011-09-10,169551.59999999867,0.0,30.0,750.0,750.0,370.0,370.0,0.0,0.0,36071.903826502625,132389.69617349602,168461.59999999864,18.3130340254374,True,SCEN_2011_APR_270D,40,baseline_demand,163
2011-09-11,168461.59999999864,0.0,30.0,750.0,750.0,370.0,370.0,0.0,0.0,35815.01671920835,131556.58328079028,167371.59999999864,18.19454288509606,True,SCEN_2011_APR_270D,40,baseline_demand,164
2011-09-12,167371.59999999864,0.0,30.0,750.0,750.0,370.0,370.0,0.0,0.0,35558.12961191408,130723.47038808453,166281.5999999986,18.076051744754714,True,SCEN_2011_APR_270D,40,baseline_demand,165
2011-09-13,166281.5999999986,0.0,30.0,750.0,750.0,370.0,370.0,0.0,0.0,35301.24250461981,129890.3574953788,165191.5999999986,17.957560604413374,True,SCEN_2011_APR_270D,40,baseline_demand,166
2011-09-14,165191.5999999986,0.0,30.0,750.0,750.0,370.0,370.0,0.0,0.0,35044.35539732554,129057.24460267308,164101.5999999986,17.83906946407203,True,SCEN_2011_APR_270D,40,baseline_demand,167
2011-09-15,164101.5999999986,0.0,30.0,750.0,750.0,370.0,370.0,0.0,0.0,34787.46829003127,128224.13170996735,163011.5999999986,17.72057832373069,True,SCEN_2011_APR_270D,40,baseline_demand,168
2011-09-16,163011.5999999986,5.173333333333333,262.79999999999995,750.0,750.0,370.0,370.0,0.0,0.0,34595.696347428806,127558.7036525698,162154.39999999863,17.627394281987023,True,SCEN_2011_APR_270D,40,baseline_demand,169
2011-09-17,162154.39999999863,5.8533333333333335,293.40000000000003,750.0,750.0,370.0,370.0,0.0,0.0,34412.483356886354,126915.31664311225,161327.7999999986,17.537536688770366,True,SCEN_2011_APR_270D,40,baseline_demand,170
2011-09-18,161327.7999999986,3.9733333333333336,208.8,750.0,750.0,370.0,370.0,0.0,0.0,34205.60738123683,126210.99261876177,160416.59999999858,17.43848244374373,True,SCEN_2011_APR_270D,40,baseline_demand,171
2011-09-19,160416.59999999858,0.5466666666666666,54.599999999999994,750.0,750.0,370.0,370.0,0.0,0.0,33955.60100010844,125395.59899989015,159351.1999999986,17.322665507120185,True,SCEN_2011_APR_270D,40,baseline_demand,172
2011-09-20,159351.1999999986,0.0,30.0,750.0,750.0,370.0,370.0,0.0,0.0,33698.71389281417,124562.48610718442,158261.1999999986,17.204174366778844,True,SCEN_2011_APR_270D,40,baseline_demand,173
2011-09-21,158261.1999999986,0.0,30.0,750.0,750.0,370.0,370.0,0.0,0.0,33441.8267855199,123729.37321447869,157171.1999999986,17.085683226437503,True,SCEN_2011_APR_270D,40,baseline_demand,174
2011-09-22,157171.1999999986,0.0,30.0,750.0,750.0,370.0,370.0,0.0,0.0,33184.93967822563,122896.26032177296,156081.1999999986,16.967192086096162,True,SCEN_2011_APR_270D,40,baseline_demand,175
2011-09-23,156081.1999999986,0.0,30.0,750.0,750.0,370.0,370.0,0.0,0.0,32928.05257093136,122063.14742906723,154991.1999999986,16.848700945754818,True,SCEN_2011_APR_270D,40,baseline_demand,176
2011-09-24,154991.1999999986,0.0,30.0,750.0,750.0,370.0,370.0,0.0,0.0,32671.16546363709,121230.0345363615,153901.1999999986,16.73020980541348,True,SCEN_2011_APR_270D,40,baseline_demand,177
2011-09-25,153901.1999999986,0.0,30.0,750.0,750.0,370.0,370.0,0.0,0.0,32414.27835634282,120396.92164365578,152811.1999999986,16.611718665072136,True,SCEN_2011_APR_270D,40,baseline_demand,178
2011-09-26,152811.1999999986,0.0,30.0,750.0,750.0,370.0,370.0,0.0,0.0,32157.39124904855,119563.80875095005,151721.1999999986,16.493227524730795,True,SCEN_2011_APR_270D,40,baseline_demand,179
2011-09-27,151721.1999999986,0.0,30.0,750.0,750.0,370.0,370.0,0.0,0.0,31900.504141754278,118730.69585824432,150631.1999999986,16.374736384389454,True,SCEN_2011_APR_270D,40,baseline_demand,180
2011-09-28,150631.1999999986,0.0,30.0,750.0,750.0,370.0,370.0,0.0,0.0,31643.617034460007,117897.58296553859,149541.1999999986,16.256245244048113,True,SCEN_2011_APR_270D,40,baseline_demand,181
2011-09-29,149541.1999999986,0.48,51.599999999999994,750.0,750.0,370.0,370.0,0.0,0.0,31392.771540384565,117080.02845961403,148472.7999999986,16.14010218501996,True,SCEN_2011_APR_270D,40,baseline_demand,182
2011-09-30,148472.7999999986,0.0,30.0,750.0,750.0,370.0,370.0,0.0,0.0,31135.884433090294,116246.9155669083,147382.7999999986,16.021611044678615,True,SCEN_2011_APR_270D,40,baseline_demand,183
2011-10-01,147382.7999999986,0.0,30.0,380.0,380.0,370.0,370.0,0.0,0.0,30982.487922600023,115680.31207739857,146662.7999999986,15.943341667572408,True,SCEN_2011_APR_270D,40,baseline_demand,184
2011-10-02,146662.7999999986,0.0,30.0,380.0,380.0,370.0,370.0,0.0,0.0,30829.091412109752,115113.70858788885,145942.7999999986,15.8650722904662,True,SCEN_2011_APR_270D,40,baseline_demand,185
2011-10-03,145942.7999999986,0.0,30.0,380.0,380.0,370.0,370.0,0.0,0.0,30675.69490161948,114547.10509837912,145222.7999999986,15.786802913359995,True,SCEN_2011_APR_270D,40,baseline_demand,186
2011-10-04,145222.7999999986,0.0,30.0,380.0,380.0,370.0,370.0,0.0,0.0,30522.29839112921,113980.5016088694,144502.7999999986,15.708533536253789,True,SCEN_2011_APR_270D,40,baseline_demand,187
2011-10-05,144502.7999999986,0.0,30.0,380.0,380.0,370.0,370.0,0.0,0.0,30368.90188063894,113413.89811935967,143782.79999999862,15.630264159147583,True,SCEN_2011_APR_270D,40,baseline_demand,188
2011-10-06,143782.79999999862,0.0,30.0,380.0,380.0,370.0,370.0,0.0,0.0,30215.50537014867,112847.29462984994,143062.79999999862,15.551994782041376,True,SCEN_2011_APR_270D,40,baseline_demand,189
2011-10-07,143062.79999999862,0.68,60.6,380.0,380.0,370.0,370.0,0.0,0.0,30070.667811718406,112302.7321882802,142373.39999999863,15.477051853462184,True,SCEN_2011_APR_270D,40,baseline_demand,190
2011-10-08,142373.39999999863,1.826666666666667,112.20000000000002,380.0,380.0,370.0,370.0,0.0,0.0,29940.262995977566,111795.33700402104,141735.5999999986,15.407718230242267,True,SCEN_2011_APR_270D,40,baseline_demand,191
2011-10-09,141735.5999999986,18.893333333333338,880.2000000000002,380.0,380.0,370.0,370.0,0.0,0.0,30024.67109468395,111841.12890531466,141865.79999999862,15.421871942602309,True,SCEN_2011_APR_270D,40,baseline_demand,192
2011-10-10,141865.79999999862,0.0,30.0,380.0,380.0,370.0,370.0,0.0,0.0,29871.274584193678,111274.52541580494,141145.79999999862,15.3436025654961,True,SCEN_2011_APR_270D,40,baseline_demand,193
2011-10-11,141145.79999999862,0.0,30.0,380.0,380.0,370.0,370.0,0.0,0.0,29717.878073703407,110707.92192629521,140425.79999999862,15.265333188389892,True,SCEN_2011_APR_270D,40,baseline_demand,194
2011-10-12,140425.79999999862,0.0,30.0,380.0,380.0,370.0,370.0,0.0,0.0,29564.481563213136,110141.31843678548,139705.79999999862,15.187063811283686,True,SCEN_2011_APR_270D,40,baseline_demand,195
2011-10-13,139705.79999999862,4.546666666666666,234.59999999999997,380.0,380.0,370.0,370.0,0.0,0.0,29468.31255571232,109722.0874442863,139190.39999999863,15.131035982171825,True,SCEN_2011_APR_270D,40,baseline_demand,196
2011-10-14,139190.39999999863,0.0,30.0,380.0,380.0,370.0,370.0,0.0,0.0,29314.91604522205,109155.48395477657,138470.39999999863,15.052766605065617,True,SCEN_2011_APR_270D,40,baseline_demand,197
2011-10-15,138470.39999999863,0.0,30.0,380.0,380.0,370.0,370.0,0.0,0.0,29161.51953473178,108588.88046526685,137750.39999999863,14.97449722795941,True,SCEN_2011_APR_270D,40,baseline_demand,198
2011-10-16,137750.39999999863,0.0,30.0,380.0,380.0,370.0,370.0,0.0,0.0,29008.123024241508,108022.27697575712,137030.39999999863,14.896227850853204,True,SCEN_2011_APR_270D,40,baseline_demand,199
2011-10-17,137030.39999999863,0.0,30.0,380.0,380.0,370.0,370.0,0.0,0.0,28854.726513751237,107455.6734862474,136310.39999999863,14.817958473746998,True,SCEN_2011_APR_270D,40,baseline_demand,200
2011-10-18,136310.39999999863,0.0,30.0,380.0,380.0,370.0,370.0,0.0,0.0,28701.330003260966,106889.06999673767,135590.39999999863,14.73968909664079,True,SCEN_2011_APR_270D,40,baseline_demand,201
2011-10-19,135590.39999999863,0.0,30.0,380.0,380.0,370.0,370.0,0.0,0.0,28547.933492770695,106322.46650722795,134870.39999999863,14.661419719534582,True,SCEN_2011_APR_270D,40,baseline_demand,202
2011-10-20,134870.39999999863,0.0,30.0,380.0,380.0,370.0,370.0,0.0,0.0,28394.536982280424,105755.86301771822,134150.39999999866,14.583150342428377,True,SCEN_2011_APR_270D,40,baseline_demand,203
2011-10-21,134150.39999999866,0.0,30.0,380.0,380.0,370.0,370.0,0.0,0.0,28241.140471790153,105189.2595282085,133430.39999999866,14.504880965322172,True,SCEN_2011_APR_270D,40,baseline_demand,204
2011-10-22,133430.39999999866,0.0,30.0,380.0,380.0,370.0,370.0,0.0,0.0,28087.743961299882,104622.65603869877,132710.39999999866,14.426611588215966,True,SCEN_2011_APR_270D,40,baseline_demand,205
2011-10-23,132710.39999999866,0.0,30.0,380.0,380.0,370.0,370.0,0.0,0.0,27934.34745080961,104056.05254918904,131990.39999999866,14.348342211109758,True,SCEN_2011_APR_270D,40,baseline_demand,206
2011-10-24,131990.39999999866,0.0,30.0,380.0,380.0,370.0,370.0,0.0,0.0,27780.95094031934,103489.44905967932,131270.39999999866,14.27007283400355,True,SCEN_2011_APR_270D,40,baseline_demand,207
2011-10-25,131270.39999999866,0.0,30.0,380.0,380.0,370.0,370.0,0.0,0.0,27627.55442982907,102922.8455701696,130550.39999999866,14.191803456897341,True,SCEN_2011_APR_270D,40,baseline_demand,208
2011-10-26,130550.39999999866,0.0,30.0,380.0,380.0,370.0,370.0,0.0,0.0,27474.1579193388,102356.24208065987,129830.39999999867,14.113534079791137,True,SCEN_2011_APR_270D,40,baseline_demand,209
2011-10-27,129830.39999999867,0.06666666666666667,33.0,380.0,380.0,370.0,370.0,0.0,0.0,27321.600521795586,101791.79947820307,129113.39999999866,14.035590825089535,True,SCEN_2011_APR_270D,40,baseline_demand,210
2011-10-28,129113.39999999866,0.26666666666666666,42.0,380.0,380.0,370.0,370.0,0.0,0.0,27171.560463093552,101233.8395369051,128405.39999999866,13.958625937601768,True,SCEN_2011_APR_270D,40,baseline_demand,211
2011-10-29,128405.39999999866,0.0,30.0,380.0,380.0,370.0,370.0,0.0,0.0,27018.16395260328,100667.23604739537,127685.39999999866,13.88035656049556,True,SCEN_2011_APR_270D,40,baseline_demand,212
2011-10-30,127685.39999999866,0.0,30.0,380.0,380.0,370.0,370.0,0.0,0.0,26864.76744211301,100100.63255788565,126965.39999999866,13.802087183389352,True,SCEN_2011_APR_270D,40,baseline_demand,213
2011-10-31,126965.39999999866,0.0,30.0,380.0,380.0,370.0,370.0,0.0,0.0,26711.37093162274,99534.02906837592,126245.39999999866,13.723817806283146,True,SCEN_2011_APR_270D,40,baseline_demand,214
2011-11-01,126245.39999999866,0.0,30.0,380.0,380.0,370.0,370.0,0.0,0.0,26557.97442113247,98967.4255788662,125525.39999999867,13.64554842917694,True,SCEN_2011_APR_270D,40,baseline_demand,215
2011-11-02,125525.39999999867,0.04,31.8,380.0,380.0,370.0,370.0,0.0,0.0,26405.081378410436,98402.11862158823,124807.19999999867,13.567474725513499,True,SCEN_2011_APR_270D,40,baseline_demand,216
2011-11-03,124807.19999999867,0.6133333333333333,57.599999999999994,380.0,380.0,370.0,370.0,0.0,0.0,26259.40470703311,97855.39529296555,124114.79999999866,13.492205674529695,True,SCEN_2011_APR_270D,40,baseline_demand,217
2011-11-04,124114.79999999866,0.0,30.0,380.0,380.0,370.0,370.0,0.0,0.0,26106.00819654284,97288.79180345582,123394.79999999866,13.413936297423486,True,SCEN_2011_APR_270D,40,baseline_demand,218
2011-11-05,123394.79999999866,0.0,30.0,380.0,380.0,370.0,370.0,0.0,0.0,25952.61168605257,96722.1883139461,122674.79999999866,13.33566692031728,True,SCEN_2011_APR_270D,40,baseline_demand,219
2011-11-06,122674.79999999866,0.0,30.0,380.0,380.0,370.0,370.0,0.0,0.0,25799.215175562298,96155.58482443637,121954.79999999868,13.257397543211075,True,SCEN_2011_APR_270D,40,baseline_demand,220
2011-11-07,121954.79999999868,0.0,30.0,380.0,380.0,370.0,370.0,0.0,0.0,25645.818665072027,95588.98133492665,121234.79999999868,13.179128166104867,True,SCEN_2011_APR_270D,40,baseline_demand,221
2011-11-08,121234.79999999868,0.24,40.8,380.0,380.0,370.0,370.0,0.0,0.0,25495.442961191173,95030.1570388075,120525.59999999868,13.102032829655256,True,SCEN_2011_APR_270D,40,baseline_demand,222
2011-11-09,120525.59999999868,0.13333333333333333,36.0,380.0,380.0,370.0,370.0,0.0,0.0,25343.724676595022,94467.87532340366,119811.59999999868,13.024415697358267,True,SCEN_2011_APR_270D,40,baseline_demand,223
2011-11-10,119811.59999999868,0.4,48.0,380.0,380.0,370.0,370.0,0.0,0.0,25195.36284378711,93914.23715621157,119109.59999999868,12.948103054679713,True,SCEN_2011_APR_270D,40,baseline_demand,224
2011-11-11,119109.59999999868,0.0,30.0,380.0,380.0,370.0,370.0,0.0,0.0,25041.966333296838,93347.63366670185,118389.59999999868,12.869833677573506,True,SCEN_2011_APR_270D,40,baseline_demand,225
2011-11-12,118389.59999999868,0.0,30.0,380.0,380.0,370.0,370.0,0.0,0.0,24888.569822806567,92781.03017719212,117669.5999999987,12.7915643004673,True,SCEN_2011_APR_270D,40,baseline_demand,226
2011-11-13,117669.5999999987,0.0,30.0,380.0,380.0,370.0,370.0,0.0,0.0,24735.173312316296,92214.4266876824,116949.5999999987,12.713294923361094,True,SCEN_2011_APR_270D,40,baseline_demand,227
2011-11-14,116949.5999999987,0.0,30.0,380.0,380.0,370.0,370.0,0.0,0.0,24581.776801826025,91647.82319817267,116229.5999999987,12.635025546254885,True,SCEN_2011_APR_270D,40,baseline_demand,228
2011-11-15,116229.5999999987,1.8933333333333335,115.2,380.0,380.0,370.0,370.0,0.0,0.0,24452.211099032244,91142.58890096645,115594.7999999987,12.56601804543958,True,SCEN_2011_APR_270D,40,baseline_demand,229
2011-11-16,115594.7999999987,0.0,30.0,380.0,380.0,370.0,370.0,0.0,0.0,24298.814588541973,90575.98541145673,114874.79999999871,12.487748668333374,True,SCEN_2011_APR_270D,40,baseline_demand,230
2011-11-17,114874.79999999871,0.0,30.0,380.0,380.0,370.0,370.0,0.0,0.0,24145.4180780517,90009.381921947,114154.79999999871,12.409479291227168,True,SCEN_2011_APR_270D,40,baseline_demand,231
2011-11-18,114154.79999999871,0.0,30.0,380.0,380.0,370.0,370.0,0.0,0.0,23992.02156756143,89442.77843243728,113434.79999999871,12.33120991412096,True,SCEN_2011_APR_270D,40,baseline_demand,232
2011-11-19,113434.79999999871,0.0,30.0,380.0,380.0,370.0,370.0,0.0,0.0,23838.62505707116,88876.17494292755,112714.79999999871,12.252940537014751,True,SCEN_2011_APR_270D,40,baseline_demand,233
2011-11-20,112714.79999999871,0.0,30.0,380.0,380.0,370.0,370.0,0.0,0.0,23685.22854658089,88309.57145341783,111994.79999999871,12.174671159908545,True,SCEN_2011_APR_270D,40,baseline_demand,234
2011-11-21,111994.79999999871,0.64,58.8,380.0,380.0,370.0,370.0,0.0,0.0,23539.887520382388,87763.71247961633,111303.59999999871,12.099532557886587,True,SCEN_2011_APR_270D,40,baseline_demand,235
2011-11-22,111303.59999999871,0.08,33.6,380.0,380.0,370.0,370.0,0.0,0.0,23387.49794542859,87199.70205457012,110587.19999999872,12.02165452766591,True,SCEN_2011_APR_270D,40,baseline_demand,236
2011-11-23,110587.19999999872,0.0,30.0,380.0,380.0,370.0,370.0,0.0,0.0,23234.10143493832,86633.0985650604,109867.19999999872,11.943385150559704,True,SCEN_2011_APR_270D,40,baseline_demand,237
2011-11-24,109867.19999999872,0.0,30.0,380.0,380.0,370.0,370.0,0.0,0.0,23080.704924448048,86066.49507555067,109147.19999999872,11.865115773453496,True,SCEN_2011_APR_270D,40,baseline_demand,238
2011-11-25,109147.19999999872,0.0,30.0,380.0,380.0,370.0,370.0,0.0,0.0,22927.308413957777,85499.89158604095,108427.19999999873,11.78684639634729,True,SCEN_2011_APR_270D,40,baseline_demand,239
2011-11-26,108427.19999999873,3.6933333333333334,196.2,380.0,380.0,370.0,370.0,0.0,0.0,22820.398760734603,85053.00123926412,107873.39999999873,11.726644200456434,True,SCEN_2011_APR_270D,40,baseline_demand,240
2011-11-27,107873.39999999873,0.0,30.0,380.0,380.0,370.0,370.0,0.0,0.0,22667.00225024433,84486.3977497544,107153.39999999873,11.648374823350226,True,SCEN_2011_APR_270D,40,baseline_demand,241
2011-11-28,107153.39999999873,0.0,30.0,380.0,380.0,370.0,370.0,0.0,0.0,22513.60573975406,83919.79426024467,106433.39999999873,11.570105446244018,True,SCEN_2011_APR_270D,40,baseline_demand,242
2011-11-29,106433.39999999873,0.0,30.0,380.0,380.0,370.0,370.0,0.0,0.0,22360.20922926379,83353.19077073495,105713.39999999874,11.491836069137813,True,SCEN_2011_APR_270D,40,baseline_demand,243
2011-11-30,105713.39999999874,0.0,30.0,380.0,380.0,370.0,370.0,0.0,0.0,22206.81271877352,82786.58728122522,104993.39999999874,11.413566692031605,True,SCEN_2011_APR_270D,40,baseline_demand,244
2011-12-01,104993.39999999874,0.06666666666666667,33.0,380.0,380.0,370.0,370.0,0.0,0.0,22054.255321230306,82222.14467876843,104276.39999999873,11.335623437330005,True,SCEN_2011_APR_270D,40,baseline_demand,245
2011-12-02,104276.39999999873,0.9733333333333333,73.8,380.0,380.0,370.0,370.0,0.0,0.0,21913.109859767104,81687.09014023162,103600.19999999873,11.262115447331093,True,SCEN_2011_APR_270D,40,baseline_demand,246
2011-12-03,103600.19999999873,0.48,51.599999999999994,380.0,380.0,370.0,370.0,0.0,0.0,21765.754962495663,81136.04503750306,102901.79999999872,11.186194151538071,True,SCEN_2011_APR_270D,40,baseline_demand,247
2011-12-04,102901.79999999872,1.1600000000000001,82.2,380.0,380.0,370.0,370.0,0.0,0.0,21626.959017284225,80607.0409827145,102233.99999999873,11.113599304272066,True,SCEN_2011_APR_270D,40,baseline_demand,248
2011-12-05,102233.99999999873,0.8533333333333334,68.4,380.0,380.0,370.0,370.0,0.0,0.0,21484.303152516317,80068.09684748242,101552.39999999874,11.039504293944857,True,SCEN_2011_APR_270D,40,baseline_demand,249
2011-12-06,101552.39999999874,0.0,30.0,380.0,380.0,370.0,370.0,0.0,0.0,21330.906642026046,79501.4933579727,100832.39999999874,10.96123491683865,True,SCEN_2011_APR_270D,40,baseline_demand,250
2011-12-07,100832.39999999874,0.0,30.0,380.0,380.0,370.0,370.0,0.0,0.0,21177.510131535775,78934.88986846297,100112.39999999874,10.882965539732444,True,SCEN_2011_APR_270D,40,baseline_demand,251
2011-12-08,100112.39999999874,0.0,30.0,380.0,380.0,370.0,370.0,0.0,0.0,21024.113621045504,78368.28637895324,99392.39999999874,10.804696162626236,True,SCEN_2011_APR_270D,40,baseline_demand,252
2011-12-09,99392.39999999874,0.0,30.0,380.0,380.0,370.0,370.0,0.0,0.0,20870.717110555233,77801.68288944352,98672.39999999874,10.726426785520028,True,SCEN_2011_APR_270D,40,baseline_demand,253
2011-12-10,98672.39999999874,4.0,210.0,380.0,380.0,370.0,370.0,0.0,0.0,20767.66737688853,77364.73262311022,98132.39999999874,10.667724752690374,True,SCEN_2011_APR_270D,40,baseline_demand,254
2011-12-11,98132.39999999874,1.0133333333333334,75.6,380.0,380.0,370.0,370.0,0.0,0.0,20627.025383193562,76830.9746168052,97457.99999999875,10.594412436134226,True,SCEN_2011_APR_270D,40,baseline_demand,255
2011-12-12,97457.99999999875,0.8400000000000001,67.80000000000001,380.0,380.0,370.0,370.0,0.0,0.0,20484.20169583624,76291.59830416251,96775.79999999875,10.520252201326095,True,SCEN_2011_APR_270D,40,baseline_demand,256
2011-12-13,96775.79999999875,0.48,51.599999999999994,380.0,380.0,370.0,370.0,0.0,0.0,20336.8467985648,75740.55320143396,96077.39999999876,10.444330905533075,True,SCEN_2011_APR_270D,40,baseline_demand,257
2011-12-14,96077.39999999876,0.24,40.8,380.0,380.0,370.0,370.0,0.0,0.0,20186.471094683944,75181.72890531481,95368.19999999876,10.367235569083462,True,SCEN_2011_APR_270D,40,baseline_demand,258
2011-12-15,95368.19999999876,0.4,48.0,380.0,380.0,370.0,370.0,0.0,0.0,20038.10926187603,74628.09073812273,94666.19999999876,10.290922926404908,True,SCEN_2011_APR_270D,40,baseline_demand,259
2011-12-16,94666.19999999876,0.0,30.0,380.0,380.0,370.0,370.0,0.0,0.0,19884.71275138576,74061.487248613,93946.19999999876,10.212653549298702,True,SCEN_2011_APR_270D,40,baseline_demand,260
2011-12-17,93946.19999999876,0.0,30.0,380.0,380.0,370.0,370.0,0.0,0.0,19731.31624089549,73494.88375910328,93226.19999999876,10.134384172192496,True,SCEN_2011_APR_270D,40,baseline_demand,261
2011-12-18,93226.19999999876,0.06666666666666667,33.0,380.0,380.0,370.0,370.0,0.0,0.0,19578.758843352276,72930.44115664648,92509.19999999876,10.056440917490898,True,SCEN_2011_APR_270D,40,baseline_demand,262
2011-12-19,92509.19999999876,1.1600000000000001,82.2,380.0,380.0,370.0,370.0,0.0,0.0,19439.96289814084,72401.43710185793,91841.39999999877,9.983846070224892,True,SCEN_2011_APR_270D,40,baseline_demand,263
2011-12-20,91841.39999999877,0.08,33.6,380.0,380.0,370.0,370.0,0.0,0.0,19287.57332318704,71837.42667681172,91124.99999999876,9.905968040004213,True,SCEN_2011_APR_270D,40,baseline_demand,264
2011-12-21,91124.99999999876,1.3200000000000003,89.4,380.0,380.0,370.0,370.0,0.0,0.0,19150.791249048547,71313.60875095021,90464.39999999876,9.834155886509269,True,SCEN_2011_APR_270D,40,baseline_demand,265
2011-12-22,90464.39999999876,3.7600000000000002,199.20000000000002,380.0,380.0,370.0,370.0,0.0,0.0,19044.72070877243,70868.87929122633,89913.59999999875,9.77427981302302,True,SCEN_2011_APR_270D,40,baseline_demand,266
2011-12-23,89913.59999999875,0.0,30.0,380.0,380.0,370.0,370.0,0.0,0.0,18891.32419828216,70302.2758017166,89193.59999999877,9.696010435916813,True,SCEN_2011_APR_270D,40,baseline_demand,267
2011-12-24,89193.59999999877,1.106666666666667,79.80000000000001,380.0,380.0,370.0,370.0,0.0,0.0,18751.85696271308,69771.5430372857,88523.39999999877,9.62315469072712,True,SCEN_2011_APR_270D,40,baseline_demand,268
2011-12-25,88523.39999999877,0.10666666666666667,34.8,380.0,380.0,370.0,370.0,0.0,0.0,18599.803032938104,69208.39696706067,87808.19999999877,9.545407109468288,True,SCEN_2011_APR_270D,40,baseline_demand,269
2011-12-26,87808.19999999877,0.10666666666666667,34.8,380.0,380.0,370.0,370.0,0.0,0.0,18447.74910316313,68645.25089683566,87092.99999999878,9.467659528209454,True,SCEN_2011_APR_270D,40,baseline_demand,270
2011-04-01,321965.0,0.0,30.0,380.0,380.0,314.5,314.5,0.0,0.0,89752.67848950972,231547.82151049023,321300.49999999994,34.92776388737905,False,SCEN_2011_APR_270D,40,conservation_15pct,1
2011-04-02,321300.49999999994,0.0,30.0,380.0,380.0,314.5,314.5,0.0,0.0,89450.35697901945,231185.6430209805,320635.99999999994,34.85552777475812,False,SCEN_2011_APR_270D,40,conservation_15pct,2
2011-04-03,320635.99999999994,0.0,30.0,380.0,380.0,314.5,314.5,0.0,0.0,89148.03546852917,230823.46453147076,319971.49999999994,34.78329166213718,False,SCEN_2011_APR_270D,40,conservation_15pct,3
2011-04-04,319971.49999999994,0.0,30.0,380.0,380.0,314.5,314.5,0.0,0.0,88845.71395803889,230461.28604196102,319306.9999999999,34.71105554951624,False,SCEN_2011_APR_270D,40,conservation_15pct,4
2011-04-05,319306.9999999999,0.0,30.0,380.0,380.0,314.5,314.5,0.0,0.0,88543.39244754861,230099.10755245129,318642.4999999999,34.638819436895304,False,SCEN_2011_APR_270D,40,conservation_15pct,5
2011-04-06,318642.4999999999,0.0,30.0,380.0,380.0,314.5,314.5,0.0,0.0,88241.07093705834,229736.92906294155,317977.9999999999,34.56658332427436,False,SCEN_2011_APR_270D,40,conservation_15pct,6
2011-04-07,317977.9999999999,0.0,30.0,380.0,380.0,314.5,314.5,0.0,0.0,87938.74942656806,229374.7505734318,317313.4999999999,34.49434721165343,False,SCEN_2011_APR_270D,40,conservation_15pct,7
2011-04-08,317313.4999999999,0.0,30.0,380.0,380.0,314.5,314.5,0.0,0.0,87636.42791607778,229012.57208392207,316648.9999999999,34.42211109903249,False,SCEN_2011_APR_270D,40,conservation_15pct,8
2011-04-09,316648.9999999999,0.0,30.0,380.0,380.0,314.5,314.5,0.0,0.0,87334.1064055875,228650.39359441234,315984.4999999998,34.34987498641155,False,SCEN_2011_APR_270D,40,conservation_15pct,9
2011-04-10,315984.4999999998,0.0,30.0,380.0,380.0,314.5,314.5,0.0,0.0,87031.78489509723,228288.2151049026,315319.9999999998,34.277638873790615,False,SCEN_2011_APR_270D,40,conservation_15pct,10
2011-04-11,315319.9999999998,0.21333333333333335,39.6,380.0,380.0,314.5,314.5,0.0,0.0,86732.14854603754,227932.95145396228,314665.0999999998,34.206446352864425,False,SCEN_2011_APR_270D,40,conservation_15pct,11
2011-04-12,314665.0999999998,0.0,30.0,380.0,380.0,314.5,314.5,0.0,0.0,86429.82703554726,227570.77296445254,314000.5999999998,34.13421024024348,False,SCEN_2011_APR_270D,40,conservation_15pct,12
2011-04-13,314000.5999999998,0.0,30.0,380.0,380.0,314.5,314.5,0.0,0.0,86127.50552505699,227208.5944749428,313336.0999999998,34.06197412762255,False,SCEN_2011_APR_270D,40,conservation_15pct,13
2011-04-14,313336.0999999998,0.0,30.0,380.0,380.0,314.5,314.5,0.0,0.0,85825.18401456671,226846.41598543306,312671.59999999974,33.989738015001606,False,SCEN_2011_APR_270D,40,conservation_15pct,14
2011-04-15,312671.59999999974,0.0,30.0,380.0,380.0,314.5,314.5,0.0,0.0,85522.86250407643,226484.23749592333,312007.09999999974,33.917501902380664,False,SCEN_2011_APR_270D,40,conservation_15pct,15
2011-04-16,312007.09999999974,0.0,30.0,380.0,380.0,314.5,314.5,0.0,0.0,85220.54099358615,226122.0590064136,311342.59999999974,33.84526578975973,False,SCEN_2011_APR_270D,40,conservation_15pct,16
2011-04-17,311342.59999999974,0.0,30.0,380.0,380.0,314.5,314.5,0.0,0.0,84918.21948309588,225759.88051690385,310678.09999999974,33.773029677138794,False,SCEN_2011_APR_270D,40,conservation_15pct,17
2011-04-18,310678.09999999974,0.0,30.0,380.0,380.0,314.5,314.5,0.0,0.0,84615.8979726056,225397.70202739412,310013.59999999974,33.70079356451786,False,SCEN_2011_APR_270D,40,conservation_15pct,18
2011-04-19,310013.59999999974,0.0,30.0,380.0,380.0,314.5,314.5,0.0,0.0,84313.57646211532,225035.52353788438,309349.0999999997,33.62855745189691,False,SCEN_2011_APR_270D,40,conservation_15pct,19
2011-04-20,309349.0999999997,0.0,30.0,380.0,380.0,314.5,314.5,0.0,0.0,84011.25495162504,224673.34504837464,308684.5999999997,33.556321339275975,False,SCEN_2011_APR_270D,40,conservation_15pct,20
2011-04-21,308684.5999999997,0.0,30.0,380.0,380.0,314.5,314.5,0.0,0.0,83708.93344113477,224311.1665588649,308020.0999999997,33.48408522665503,False,SCEN_2011_APR_270D,40,conservation_15pct,21
2011-04-22,308020.0999999997,0.0,30.0,380.0,380.0,314.5,314.5,0.0,0.0,83406.61193064449,223948.98806935517,307355.5999999996,33.41184911403409,False,SCEN_2011_APR_270D,40,conservation_15pct,22
2011-04-23,307355.5999999996,0.0,30.0,380.0,380.0,314.5,314.5,0.0,0.0,83104.29042015421,223586.80957984543,306691.0999999996,33.339613001413156,False,SCEN_2011_APR_270D,40,conservation_15pct,23
2011-04-24,306691.0999999996,0.0,30.0,380.0,380.0,314.5,314.5,0.0,0.0,82801.96890966393,223224.6310903357,306026.5999999996,33.26737688879222,False,SCEN_2011_APR_270D,40,conservation_15pct,24
2011-04-25,306026.5999999996,0.04,31.8,380.0,380.0,314.5,314.5,0.0,0.0,82500.1508669419,222863.74913305772,305363.8999999996,33.19533644961405,False,SCEN_2011_APR_270D,40,conservation_15pct,25
2011-04-26,305363.8999999996,0.0,30.0,380.0,380.0,314.5,314.5,0.0,0.0,82197.82935645162,222501.57064354798,304699.3999999996,33.12310033699311,False,SCEN_2011_APR_270D,40,conservation_15pct,26
2011-04-27,304699.3999999996,0.0,30.0,380.0,380.0,314.5,314.5,0.0,0.0,81895.50784596134,222139.39215403824,304034.89999999956,33.05086422437217,False,SCEN_2011_APR_270D,40,conservation_15pct,27
2011-04-28,304034.89999999956,0.0,30.0,380.0,380.0,314.5,314.5,0.0,0.0,81593.18633547107,221777.2136645285,303370.39999999956,32.97862811175123,False,SCEN_2011_APR_270D,40,conservation_15pct,28
2011-04-29,303370.39999999956,0.0,30.0,380.0,380.0,314.5,314.5,0.0,0.0,81290.86482498079,221415.03517501877,302705.89999999956,32.90639199913029,False,SCEN_2011_APR_270D,40,conservation_15pct,29
2011-04-30,302705.89999999956,0.0,30.0,380.0,380.0,314.5,314.5,0.0,0.0,80988.54331449051,221052.85668550903,302041.39999999956,32.83415588650935,False,SCEN_2011_APR_270D,40,conservation_15pct,30
2011-05-01,302041.39999999956,0.0,30.0,380.0,380.0,314.5,314.5,0.0,0.0,80686.22180400023,220690.6781959993,301376.89999999956,32.76191977388842,False,SCEN_2011_APR_270D,40,conservation_15pct,31
2011-05-02,301376.89999999956,0.4133333333333334,48.6,380.0,380.0,314.5,314.5,0.0,0.0,80389.10279378173,220341.8972062178,300730.99999999953,32.69170562017605,False,SCEN_2011_APR_270D,40,conservation_15pct,32
2011-05-03,300730.99999999953,0.0,30.0,380.0,380.0,314.5,314.5,0.0,0.0,80086.78128329145,219979.71871670807,300066.49999999953,32.619469507555124,False,SCEN_2011_APR_270D,40,conservation_15pct,33
2011-05-04,300066.49999999953,0.0,30.0,380.0,380.0,314.5,314.5,0.0,0.0,79784.45977280117,219617.54022719833,299401.99999999953,32.54723339493418,False,SCEN_2011_APR_270D,40,conservation_15pct,34
2011-05-05,299401.99999999953,0.0,30.0,380.0,380.0,314.5,314.5,0.0,0.0,79482.1382623109,219255.3617376886,298737.4999999995,32.47499728231324,False,SCEN_2011_APR_270D,40,conservation_15pct,35
2011-05-06,298737.4999999995,0.0,30.0,380.0,380.0,314.5,314.5,0.0,0.0,79179.81675182062,218893.18324817886,298072.9999999995,32.402761169692305,False,SCEN_2011_APR_270D,40,conservation_15pct,36
2011-05-07,298072.9999999995,0.0,30.0,380.0,380.0,314.5,314.5,0.0,0.0,78877.49524133034,218531.00475866912,297408.4999999995,32.33052505707136,False,SCEN_2011_APR_270D,40,conservation_15pct,37
2011-05-08,297408.4999999995,0.0,30.0,380.0,380.0,314.5,314.5,0.0,0.0,78575.17373084006,218168.82626915938,296743.9999999994,32.25828894445042,False,SCEN_2011_APR_270D,40,conservation_15pct,38
2011-05-09,296743.9999999994,0.0,30.0,380.0,380.0,314.5,314.5,0.0,0.0,78272.85222034979,217806.64777964965,296079.4999999994,32.18605283182948,False,SCEN_2011_APR_270D,40,conservation_15pct,39
2011-05-10,296079.4999999994,0.0,30.0,380.0,380.0,314.5,314.5,0.0,0.0,77970.53070985951,217444.4692901399,295414.9999999994,32.11381671920855,False,SCEN_2011_APR_270D,40,conservation_15pct,40
2011-05-11,295414.9999999994,0.0,30.0,380.0,380.0,314.5,314.5,0.0,0.0,77668.20919936923,217082.29080063017,294750.4999999994,32.04158060658761,False,SCEN_2011_APR_270D,40,conservation_15pct,41
2011-05-12,294750.4999999994,13.240000000000002,625.8000000000001,380.0,380.0,314.5,314.5,0.0,0.0,77532.53552016497,217149.26447983444,294681.7999999994,32.03411240352206,False,SCEN_2011_APR_270D,40,conservation_15pct,42
2011-05-13,294681.7999999994,0.0,30.0,380.0,380.0,314.5,314.5,0.0,0.0,77230.21400967469,216787.0859903247,294017.2999999994,31.96187629090112,False,SCEN_2011_APR_270D,40,conservation_15pct,43
2011-05-14,294017.2999999994,0.0,30.0,380.0,380.0,314.5,314.5,0.0,0.0,76927.89249918441,216424.90750081497,293352.79999999935,31.889640178280175,False,SCEN_2011_APR_270D,40,conservation_15pct,44
2011-05-15,293352.79999999935,0.0,30.0,380.0,380.0,314.5,314.5,0.0,0.0,76625.57098869413,216062.72901130523,292688.29999999935,31.81740406565924,False,SCEN_2011_APR_270D,40,conservation_15pct,45
2011-05-16,292688.29999999935,0.0,30.0,380.0,380.0,314.5,314.5,0.0,0.0,76323.24947820386,215700.5505217955,292023.79999999935,31.7451679530383,False,SCEN_2011_APR_270D,40,conservation_15pct,46
2011-05-17,292023.79999999935,0.0,30.0,380.0,380.0,314.5,314.5,0.0,0.0,76020.92796771358,215338.37203228576,291359.29999999935,31.672931840417366,False,SCEN_2011_APR_270D,40,conservation_15pct,47
2011-05-18,291359.29999999935,0.0,30.0,380.0,380.0,314.5,314.5,0.0,0.0,75718.6064572233,214976.19354277602,290694.79999999935,31.60069572779643,False,SCEN_2011_APR_270D,40,conservation_15pct,48
2011-05-19,290694.79999999935,0.0,30.0,380.0,380.0,314.5,314.5,0.0,0.0,75416.28494673302,214614.01505326628,290030.2999999993,31.528459615175485,False,SCEN_2011_APR_270D,40,conservation_15pct,49
2011-05-20,290030.2999999993,0.0,30.0,380.0,380.0,314.5,314.5,0.0,0.0,75113.96343624275,214251.83656375654,289365.7999999993,31.456223502554547,False,SCEN_2011_APR_270D,40,conservation_15pct,50
2011-05-21,289365.7999999993,0.0,30.0,380.0,380.0,314.5,314.5,0.0,0.0,74811.64192575247,213889.6580742468,288701.2999999993,31.38398738993361,False,SCEN_2011_APR_270D,40,conservation_15pct,51
2011-05-22,288701.2999999993,0.0,30.0,380.0,380.0,314.5,314.5,0.0,0.0,74509.32041526219,213527.47958473707,288036.79999999923,31.311751277312666,False,SCEN_2011_APR_270D,40,conservation_15pct,52
2011-05-23,288036.79999999923,0.0,30.0,380.0,380.0,314.5,314.5,0.0,0.0,74206.99890477191,213165.30109522733,287372.29999999923,31.239515164691735,False,SCEN_2011_APR_270D,40,conservation_15pct,53
2011-05-24,287372.29999999923,0.0,30.0,380.0,380.0,314.5,314.5,0.0,0.0,73904.67739428164,212803.1226057176,286707.79999999923,31.167279052070796,False,SCEN_2011_APR_270D,40,conservation_15pct,54
2011-05-25,286707.79999999923,0.0,30.0,380.0,380.0,314.5,314.5,0.0,0.0,73602.35588379136,212440.94411620786,286043.29999999923,31.095042939449858,False,SCEN_2011_APR_270D,40,conservation_15pct,55
2011-05-26,286043.29999999923,1.1466666666666667,81.6,380.0,380.0,314.5,314.5,0.0,0.0,73314.46711599051,212115.9328840087,285430.3999999992,31.028416132188198,False,SCEN_2011_APR_270D,40,conservation_15pct,56
2011-05-27,285430.3999999992,0.0,30.0,380.0,380.0,314.5,314.5,0.0,0.0,73012.14560550023,211753.75439449897,284765.8999999992,30.95618001956726,False,SCEN_2011_APR_270D,40,conservation_15pct,57
2011-05-28,284765.8999999992,0.0,30.0,380.0,380.0,314.5,314.5,0.0,0.0,72709.82409500996,211391.57590498924,284101.3999999992,30.88394390694632,False,SCEN_2011_APR_270D,40,conservation_15pct,58
2011-05-29,284101.3999999992,0.0,30.0,380.0,380.0,314.5,314.5,0.0,0.0,72407.50258451968,211029.3974154795,283436.8999999992,30.811707794325383,False,SCEN_2011_APR_270D,40,conservation_15pct,59
2011-05-30,283436.8999999992,0.0,30.0,380.0,380.0,314.5,314.5,0.0,0.0,72105.1810740294,210667.21892596976,282772.39999999915,30.73947168170444,False,SCEN_2011_APR_270D,40,conservation_15pct,60
2011-05-31,282772.39999999915,0.0,30.0,380.0,380.0,314.5,314.5,0.0,0.0,71802.85956353912,210305.04043646003,282107.89999999915,30.667235569083505,False,SCEN_2011_APR_270D,40,conservation_15pct,61
2011-06-01,282107.89999999915,0.0,30.0,750.0,750.0,314.5,314.5,0.0,0.0,71397.04745624485,209676.35254375427,281073.3999999991,30.554777693227425,False,SCEN_2011_APR_270D,40,conservation_15pct,62
2011-06-02,281073.3999999991,0.0,30.0,750.0,750.0,314.5,314.5,0.0,0.0,70991.23534895058,209047.66465104852,280038.8999999991,30.442319817371356,False,SCEN_2011_APR_270D,40,conservation_15pct,63
2011-06-03,280038.8999999991,0.0,30.0,750.0,750.0,314.5,314.5,0.0,0.0,70585.4232416563,208418.97675834276,279004.3999999991,30.329861941515286,False,SCEN_2011_APR_270D,40,conservation_15pct,64
2011-06-04,279004.3999999991,0.0,30.0,750.0,750.0,314.5,314.5,0.0,0.0,70179.61113436203,207790.288865637,277969.89999999903,30.217404065659203,False,SCEN_2011_APR_270D,40,conservation_15pct,65
2011-06-05,277969.89999999903,0.0,30.0,750.0,750.0,314.5,314.5,0.0,0.0,69773.79902706775,207161.60097293125,276935.399999999,30.10494618980313,False,SCEN_2011_APR_270D,40,conservation_15pct,66
2011-06-06,276935.399999999,0.0,30.0,750.0,750.0,314.5,314.5,0.0,0.0,69367.98691977348,206532.9130802255,275900.899999999,29.992488313947057,False,SCEN_2011_APR_270D,40,conservation_15pct,67
2011-06-07,275900.899999999,0.0,30.0,750.0,750.0,314.5,314.5,0.0,0.0,68962.1748124792,205904.22518751974,274866.399999999,29.880030438090987,False,SCEN_2011_APR_270D,40,conservation_15pct,68
2011-06-08,274866.399999999,0.0,30.0,750.0,750.0,314.5,314.5,0.0,0.0,68556.36270518493,205275.53729481398,273831.8999999989,29.767572562234907,False,SCEN_2011_APR_270D,40,conservation_15pct,69
2011-06-09,273831.8999999989,0.0,30.0,750.0,750.0,314.5,314.5,0.0,0.0,68150.55059789066,204646.84940210823,272797.39999999886,29.65511468637883,False,SCEN_2011_APR_270D,40,conservation_15pct,70
2011-06-10,272797.39999999886,0.0,30.0,750.0,750.0,314.5,314.5,0.0,0.0,67744.73849059638,204018.16150940247,271762.89999999886,29.54265681052276,False,SCEN_2011_APR_270D,40,conservation_15pct,71
2011-06-11,271762.89999999886,0.0,30.0,750.0,750.0,314.5,314.5,0.0,0.0,67338.92638330211,203389.47361669672,270728.39999999886,29.43019893466669,False,SCEN_2011_APR_270D,40,conservation_15pct,72
2011-06-12,270728.39999999886,0.0,30.0,750.0,750.0,314.5,314.5,0.0,0.0,66933.11427600784,202760.78572399096,269693.8999999988,29.317741058810608,False,SCEN_2011_APR_270D,40,conservation_15pct,73
2011-06-13,269693.8999999988,0.0,30.0,750.0,750.0,314.5,314.5,0.0,0.0,66527.30216871356,202132.0978312852,268659.39999999874,29.205283182954535,False,SCEN_2011_APR_270D,40,conservation_15pct,74
2011-06-14,268659.39999999874,0.0,30.0,750.0,750.0,314.5,314.5,0.0,0.0,66121.49006141929,201503.40993857945,267624.89999999874,29.09282530709846,False,SCEN_2011_APR_270D,40,conservation_15pct,75
2011-06-15,267624.89999999874,0.0,30.0,750.0,750.0,314.5,314.5,0.0,0.0,65715.67795412501,200874.7220458737,266590.39999999874,28.98036743124239,False,SCEN_2011_APR_270D,40,conservation_15pct,76
2011-06-16,266590.39999999874,0.0,30.0,750.0,750.0,314.5,314.5,0.0,0.0,65309.86584683073,200246.03415316794,265555.8999999987,28.867909555386312,False,SCEN_2011_APR_270D,40,conservation_15pct,77
2011-06-17,265555.8999999987,0.0,30.0,750.0,750.0,314.5,314.5,0.0,0.0,64904.05373953646,199617.3462604622,264521.3999999986,28.755451679530236,False,SCEN_2011_APR_270D,40,conservation_15pct,78
2011-06-18,264521.3999999986,0.0,30.0,750.0,750.0,314.5,314.5,0.0,0.0,64498.241632242185,198988.65836775643,263486.8999999986,28.64299380367416,False,SCEN_2011_APR_270D,40,conservation_15pct,79
2011-06-19,263486.8999999986,0.0,30.0,750.0,750.0,314.5,314.5,0.0,0.0,64092.42952494791,198359.97047505068,262452.39999999857,28.530535927818086,False,SCEN_2011_APR_270D,40,conservation_15pct,80
2011-06-20,262452.39999999857,0.0,30.0,750.0,750.0,314.5,314.5,0.0,0.0,63686.61741765364,197731.28258234492,261417.89999999857,28.418078051962013,False,SCEN_2011_APR_270D,40,conservation_15pct,81
2011-06-21,261417.89999999857,0.0,30.0,750.0,750.0,314.5,314.5,0.0,0.0,63280.80531035936,197102.59468963917,260383.39999999854,28.30562017610594,False,SCEN_2011_APR_270D,40,conservation_15pct,82
2011-06-22,260383.39999999854,9.213333333333335,444.6000000000001,750.0,750.0,314.5,314.5,0.0,0.0,62990.9586123487,196772.5413876498,259763.49999999852,28.238232416566856,False,SCEN_2011_APR_270D,40,conservation_15pct,83
2011-06-23,259763.49999999852,2.3333333333333335,135.0,750.0,750.0,314.5,314.5,0.0,0.0,62614.51545820151,196219.484541797,258833.9999999985,28.137188824872105,False,SCEN_2011_APR_270D,40,conservation_15pct,84
2011-06-24,258833.9999999985,0.17333333333333334,37.8,750.0,750.0,314.5,314.5,0.0,0.0,62210.885044569586,195596.4149554289,257807.29999999847,28.025578867268013,False,SCEN_2011_APR_270D,40,conservation_15pct,85
2011-06-25,257807.29999999847,0.10666666666666667,34.8,750.0,750.0,314.5,314.5,0.0,0.0,61806.4155179906,194971.18448200784,256777.59999999843,27.913642787259313,False,SCEN_2011_APR_270D,40,conservation_15pct,86
2011-06-26,256777.59999999843,0.0,30.0,750.0,750.0,314.5,314.5,0.0,0.0,61400.60341069633,194342.49658930209,255743.0999999984,27.801184911403244,False,SCEN_2011_APR_270D,40,conservation_15pct,87
2011-06-27,255743.0999999984,0.0,30.0,750.0,750.0,314.5,314.5,0.0,0.0,60994.79130340205,193713.80869659633,254708.59999999838,27.688727035547167,False,SCEN_2011_APR_270D,40,conservation_15pct,88
2011-06-28,254708.59999999838,0.0,30.0,750.0,750.0,314.5,314.5,0.0,0.0,60588.97919610778,193085.12080389058,253674.09999999835,27.57626915969109,False,SCEN_2011_APR_270D,40,conservation_15pct,89
2011-06-29,253674.09999999835,0.0,30.0,750.0,750.0,314.5,314.5,0.0,0.0,60183.167088813505,192456.43291118482,252639.59999999832,27.463811283835014,False,SCEN_2011_APR_270D,40,conservation_15pct,90
2011-06-30,252639.59999999832,0.33333333333333337,45.0,750.0,750.0,314.5,314.5,0.0,0.0,59781.550546254526,191838.5494537438,251620.09999999832,27.35298402000199,False,SCEN_2011_APR_270D,40,conservation_15pct,91
2011-07-01,251620.09999999832,0.26666666666666666,42.0,750.0,750.0,314.5,314.5,0.0,0.0,59379.094890748485,191218.50510924982,250597.5999999983,27.24183063376435,False,SCEN_2011_APR_270D,40,conservation_15pct,92
2011-07-02,250597.5999999983,0.0,30.0,750.0,750.0,314.5,314.5,0.0,0.0,58973.28278345421,190589.81721654406,249563.0999999983,27.129372757908282,False,SCEN_2011_APR_270D,40,conservation_15pct,93
2011-07-03,249563.0999999983,0.48,51.599999999999994,750.0,750.0,314.5,314.5,0.0,0.0,58573.51228937876,189976.6877106195,248550.19999999827,27.019262963365392,False,SCEN_2011_APR_270D,40,conservation_15pct,94
2011-07-04,248550.19999999827,0.0,30.0,750.0,750.0,314.5,314.5,0.0,0.0,58167.70018208449,189347.99981791375,247515.69999999824,26.906805087509323,False,SCEN_2011_APR_270D,40,conservation_15pct,95
2011-07-05,247515.69999999824,0.0,30.0,750.0,750.0,314.5,314.5,0.0,0.0,57761.888074790215,188719.311925208,246481.1999999982,26.794347211653246,False,SCEN_2011_APR_270D,40,conservation_15pct,96
2011-07-06,246481.1999999982,0.0,30.0,750.0,750.0,314.5,314.5,0.0,0.0,57356.07596749594,188090.62403250224,245446.69999999818,26.68188933579717,False,SCEN_2011_APR_270D,40,conservation_15pct,97
2011-07-07,245446.69999999818,0.0,30.0,750.0,750.0,314.5,314.5,0.0,0.0,56950.26386020167,187461.93613979648,244412.19999999815,26.569431459941097,False,SCEN_2011_APR_270D,40,conservation_15pct,98
2011-07-08,244412.19999999815,0.0,30.0,750.0,750.0,314.5,314.5,0.0,0.0,56544.45175290739,186833.24824709073,243377.69999999812,26.45697358408502,False,SCEN_2011_APR_270D,40,conservation_15pct,99
2011-07-09,243377.69999999812,0.0,30.0,750.0,750.0,314.5,314.5,0.0,0.0,56138.63964561312,186204.56035438497,242343.1999999981,26.34451570822895,False,SCEN_2011_APR_270D,40,conservation_15pct,100
2011-07-10,242343.1999999981,0.04,31.8,750.0,750.0,314.5,314.5,0.0,0.0,55733.33100608708,185577.16899391098,241310.49999999805,26.23225350581564,False,SCEN_2011_APR_270D,40,conservation_15pct,101
2011-07-11,241310.49999999805,0.0,30.0,750.0,750.0,314.5,314.5,0.0,0.0,55327.518898792805,184948.48110120522,240275.99999999802,26.11979562995956,False,SCEN_2011_APR_270D,40,conservation_15pct,102
2011-07-12,240275.99999999802,0.0,30.0,750.0,750.0,314.5,314.5,0.0,0.0,54921.70679149853,184319.79320849947,239241.499999998,26.00733775410349,False,SCEN_2011_APR_270D,40,conservation_15pct,103
2011-07-13,239241.499999998,0.0,30.0,750.0,750.0,314.5,314.5,0.0,0.0,54515.89468420426,183691.1053157937,238206.99999999796,25.894879878247412,False,SCEN_2011_APR_270D,40,conservation_15pct,104
2011-07-14,238206.99999999796,0.0,30.0,750.0,750.0,314.5,314.5,0.0,0.0,54110.08257690998,183062.41742308796,237172.49999999793,25.782422002391343,False,SCEN_2011_APR_270D,40,conservation_15pct,105
2011-07-15,237172.49999999793,0.0,30.0,750.0,750.0,314.5,314.5,0.0,0.0,53704.27046961571,182433.7295303822,236137.9999999979,25.669964126535266,False,SCEN_2011_APR_270D,40,conservation_15pct,106
2011-07-16,236137.9999999979,0.0,30.0,750.0,750.0,314.5,314.5,0.0,0.0,53298.458362321435,181805.04163767645,235103.49999999788,25.55750625067919,False,SCEN_2011_APR_270D,40,conservation_15pct,107
2011-07-17,235103.49999999788,0.0,30.0,750.0,750.0,314.5,314.5,0.0,0.0,52892.64625502716,181176.3537449707,234068.99999999785,25.445048374823116,False,SCEN_2011_APR_270D,40,conservation_15pct,108
2011-07-18,234068.99999999785,0.0,30.0,750.0,750.0,314.5,314.5,0.0,0.0,52486.83414773289,180547.66585226494,233034.49999999782,25.33259049896704,False,SCEN_2011_APR_270D,40,conservation_15pct,109
2011-07-19,233034.49999999782,2.8800000000000003,159.60000000000002,750.0,750.0,314.5,314.5,0.0,0.0,52117.27171975158,180012.32828024623,232129.59999999782,25.23422111099009,False,SCEN_2011_APR_270D,40,conservation_15pct,110
2011-07-20,232129.59999999782,0.0,30.0,750.0,750.0,314.5,314.5,0.0,0.0,51711.45961245731,179383.64038754048,231095.0999999978,25.121763235134015,False,SCEN_2011_APR_270D,40,conservation_15pct,111
2011-07-21,231095.0999999978,0.0,30.0,750.0,750.0,314.5,314.5,0.0,0.0,51305.64750516303,178754.95249483472,230060.59999999776,25.00930535927794,False,SCEN_2011_APR_270D,40,conservation_15pct,112
2011-07-22,230060.59999999776,0.0,30.0,750.0,750.0,314.5,314.5,0.0,0.0,51057.08539786876,177969.01460212897,229026.09999999774,24.896847483421865,False,SCEN_2011_APR_270D,40,conservation_15pct,113
2011-07-23,229026.09999999774,0.0,30.0,750.0,750.0,314.5,314.5,0.0,0.0,50808.523290574485,177183.0767094232,227991.5999999977,24.78438960756579,False,SCEN_2011_APR_270D,40,conservation_15pct,114
2011-07-24,227991.5999999977,0.0,30.0,750.0,750.0,314.5,314.5,0.0,0.0,50559.96118328021,176397.13881671746,226957.09999999768,24.671931731709716,False,SCEN_2011_APR_270D,40,conservation_15pct,115
2011-07-25,226957.09999999768,0.0,30.0,750.0,750.0,314.5,314.5,0.0,0.0,50311.39907598594,175611.2009240117,225922.59999999765,24.559473855853643,False,SCEN_2011_APR_270D,40,conservation_15pct,116
2011-07-26,225922.59999999765,0.0,30.0,750.0,750.0,314.5,314.5,0.0,0.0,50062.83696869166,174825.26303130595,224888.09999999762,24.447015979997566,False,SCEN_2011_APR_270D,40,conservation_15pct,117
2011-07-27,224888.09999999762,0.0,30.0,750.0,750.0,314.5,314.5,0.0,0.0,49814.27486139739,174039.3251386002,223853.5999999976,24.334558104141493,False,SCEN_2011_APR_270D,40,conservation_15pct,118
2011-07-28,223853.5999999976,0.0,30.0,750.0,750.0,314.5,314.5,0.0,0.0,49565.712754103115,173253.38724589444,222819.09999999756,24.222100228285417,False,SCEN_2011_APR_270D,40,conservation_15pct,119
2011-07-29,222819.09999999756,1.4533333333333334,95.4,750.0,750.0,314.5,314.5,0.0,0.0,49335.44330905473,172514.5566909428,221849.99999999753,24.116751820849824,False,SCEN_2011_APR_270D,40,conservation_15pct,120
2011-07-30,221849.99999999753,0.13333333333333333,36.0,750.0,750.0,314.5,314.5,0.0,0.0,49088.559427654574,171732.94057234292,220821.4999999975,24.00494618980297,False,SCEN_2011_APR_270D,40,conservation_15pct,121
2011-07-31,220821.4999999975,0.0,30.0,750.0,750.0,314.5,314.5,0.0,0.0,48839.9973203603,170947.00267963717,219786.99999999747,23.892488313946895,False,SCEN_2011_APR_270D,40,conservation_15pct,122
2011-08-01,219786.99999999747,0.0,30.0,750.0,750.0,314.5,314.5,0.0,0.0,48591.435213066026,170161.0647869314,218752.49999999744,23.78003043809082,False,SCEN_2011_APR_270D,40,conservation_15pct,123
2011-08-02,218752.49999999744,0.0,30.0,750.0,750.0,314.5,314.5,0.0,0.0,48342.87310577175,169375.12689422566,217717.9999999974,23.667572562234742,False,SCEN_2011_APR_270D,40,conservation_15pct,124
2011-08-03,217717.9999999974,0.0,30.0,750.0,750.0,314.5,314.5,0.0,0.0,48094.31099847748,168589.1890015199,216683.49999999738,23.55511468637867,False,SCEN_2011_APR_270D,40,conservation_15pct,125
2011-08-04,216683.49999999738,0.0,30.0,750.0,750.0,314.5,314.5,0.0,0.0,47845.748891183204,167803.25110881415,215648.99999999735,23.442656810522593,False,SCEN_2011_APR_270D,40,conservation_15pct,126
2011-08-05,215648.99999999735,0.0,30.0,750.0,750.0,314.5,314.5,0.0,0.0,47597.18678388893,167017.3132161084,214614.49999999732,23.33019893466652,False,SCEN_2011_APR_270D,40,conservation_15pct,127
2011-08-06,214614.49999999732,0.0,30.0,750.0,750.0,314.5,314.5,0.0,0.0,47348.624676594656,166231.37532340264,213579.9999999973,23.217741058810446,False,SCEN_2011_APR_270D,40,conservation_15pct,128
2011-08-07,213579.9999999973,0.0,30.0,750.0,750.0,314.5,314.5,0.0,0.0,47100.06256930038,165445.43743069688,212545.49999999726,23.105283182954373,False,SCEN_2011_APR_270D,40,conservation_15pct,129
2011-08-08,212545.49999999726,0.0,30.0,750.0,750.0,314.5,314.5,0.0,0.0,46851.50046200611,164659.49953799113,211510.99999999724,22.992825307098297,False,SCEN_2011_APR_270D,40,conservation_15pct,130
2011-08-09,211510.99999999724,0.0,30.0,750.0,750.0,314.5,314.5,0.0,0.0,46602.938354711834,163873.56164528537,210476.4999999972,22.880367431242224,False,SCEN_2011_APR_270D,40,conservation_15pct,131
2011-08-10,210476.4999999972,0.0,30.0,750.0,750.0,314.5,314.5,0.0,0.0,46354.37624741756,163087.62375257962,209441.99999999718,22.767909555386147,False,SCEN_2011_APR_270D,40,conservation_15pct,132
2011-08-11,209441.99999999718,0.0,30.0,750.0,750.0,314.5,314.5,0.0,0.0,46105.814140123286,162301.68585987386,208407.49999999715,22.655451679530074,False,SCEN_2011_APR_270D,40,conservation_15pct,133
2011-08-12,208407.49999999715,0.0,30.0,750.0,750.0,314.5,314.5,0.0,0.0,45857.25203282901,161515.7479671681,207372.99999999712,22.542993803674,False,SCEN_2011_APR_270D,40,conservation_15pct,134
2011-08-13,207372.99999999712,0.0,30.0,750.0,750.0,314.5,314.5,0.0,0.0,45608.68992553474,160729.81007446235,206338.4999999971,22.430535927817925,False,SCEN_2011_APR_270D,40,conservation_15pct,135
2011-08-14,206338.4999999971,0.0,30.0,750.0,750.0,314.5,314.5,0.0,0.0,45360.127818240464,159943.8721817566,205303.99999999706,22.31807805196185,False,SCEN_2011_APR_270D,40,conservation_15pct,136
2011-08-15,205303.99999999706,0.0,30.0,750.0,750.0,314.5,314.5,0.0,0.0,45111.56571094619,159157.93428905084,204269.49999999703,22.205620176105775,False,SCEN_2011_APR_270D,40,conservation_15pct,137
2011-08-16,204269.49999999703,0.0,30.0,750.0,750.0,314.5,314.5,0.0,0.0,44863.003603651916,158371.9963963451,203234.999999997,22.093162300249702,False,SCEN_2011_APR_270D,40,conservation_15pct,138
2011-08-17,203234.999999997,0.0,30.0,750.0,750.0,314.5,314.5,0.0,0.0,44614.44149635764,157586.05850363933,202200.49999999697,21.980704424393625,False,SCEN_2011_APR_270D,40,conservation_15pct,139
2011-08-18,202200.49999999697,0.0,30.0,750.0,750.0,314.5,314.5,0.0,0.0,44365.87938906337,156800.12061093358,201165.99999999694,21.868246548537552,False,SCEN_2011_APR_270D,40,conservation_15pct,140
2011-08-19,201165.99999999694,0.0,30.0,750.0,750.0,314.5,314.5,0.0,0.0,44117.317281769094,156014.18271822782,200131.49999999691,21.75578867268148,False,SCEN_2011_APR_270D,40,conservation_15pct,141
2011-08-20,200131.49999999691,0.0,30.0,750.0,750.0,314.5,314.5,0.0,0.0,43868.75517447482,155228.24482552207,199096.9999999969,21.643330796825403,False,SCEN_2011_APR_270D,40,conservation_15pct,142
2011-08-21,199096.9999999969,0.0,30.0,750.0,750.0,314.5,314.5,0.0,0.0,43620.193067180546,154442.3069328163,198062.49999999686,21.53087292096933,False,SCEN_2011_APR_270D,40,conservation_15pct,143
2011-08-22,198062.49999999686,0.0,30.0,750.0,750.0,314.5,314.5,0.0,0.0,43371.63095988627,153656.36904011056,197027.99999999683,21.418415045113253,False,SCEN_2011_APR_270D,40,conservation_15pct,144
2011-08-23,197027.99999999683,0.0,30.0,750.0,750.0,314.5,314.5,0.0,0.0,43123.068852592,152870.4311474048,195993.4999999968,21.30595716925718,False,SCEN_2011_APR_270D,40,conservation_15pct,145
2011-08-24,195993.4999999968,0.0,30.0,750.0,750.0,314.5,314.5,0.0,0.0,42874.506745297724,152084.49325469905,194958.99999999677,21.193499293401104,False,SCEN_2011_APR_270D,40,conservation_15pct,146
2011-08-25,194958.99999999677,2.973333333333333,163.79999999999998,750.0,750.0,314.5,314.5,0.0,0.0,42663.3690754423,151394.93092455444,194058.29999999673,21.0955864767906,False,SCEN_2011_APR_270D,40,conservation_15pct,147
2011-08-26,194058.29999999673,0.0,30.0,750.0,750.0,314.5,314.5,0.0,0.0,42414.80696814803,150608.9930318487,193023.79999999673,20.983128600934528,False,SCEN_2011_APR_270D,40,conservation_15pct,148
2011-08-27,193023.79999999673,0.0,30.0,750.0,750.0,314.5,314.5,0.0,0.0,42166.24486085375,149823.05513914293,191989.29999999667,20.87067072507845,False,SCEN_2011_APR_270D,40,conservation_15pct,149
2011-08-28,191989.29999999667,0.0,30.0,750.0,750.0,314.5,314.5,0.0,0.0,41917.68275355948,149037.11724643718,190954.79999999667,20.758212849222378,False,SCEN_2011_APR_270D,40,conservation_15pct,150
2011-08-29,190954.79999999667,0.0,30.0,750.0,750.0,314.5,314.5,0.0,0.0,41669.120646265204,148251.17935373142,189920.2999999966,20.6457549733663,False,SCEN_2011_APR_270D,40,conservation_15pct,151
2011-08-30,189920.2999999966,0.0,30.0,750.0,750.0,314.5,314.5,0.0,0.0,41420.55853897093,147465.24146102567,188885.7999999966,20.533297097510232,False,SCEN_2011_APR_270D,40,conservation_15pct,152
2011-08-31,188885.7999999966,0.0,30.0,750.0,750.0,314.5,314.5,0.0,0.0,41171.996431676656,146679.3035683199,187851.29999999655,20.420839221654152,False,SCEN_2011_APR_270D,40,conservation_15pct,153
2011-09-01,187851.29999999655,0.04,31.8,750.0,750.0,314.5,314.5,0.0,0.0,40923.93779215062,145894.66220784592,186818.59999999654,20.308577019240843,False,SCEN_2011_APR_270D,40,conservation_15pct,154
2011-09-02,186818.59999999654,0.0,30.0,750.0,750.0,314.5,314.5,0.0,0.0,40675.37568485634,145108.72431514016,185784.0999999965,20.19611914338477,False,SCEN_2011_APR_270D,40,conservation_15pct,155
2011-09-03,185784.0999999965,0.0,30.0,750.0,750.0,314.5,314.5,0.0,0.0,40426.81357756207,144322.7864224344,184749.59999999648,20.083661267528697,False,SCEN_2011_APR_270D,40,conservation_15pct,156
2011-09-04,184749.59999999648,0.0,30.0,750.0,750.0,314.5,314.5,0.0,0.0,40178.251470267795,143536.84852972865,183715.09999999646,19.971203391672624,True,SCEN_2011_APR_270D,40,conservation_15pct,157
2011-09-05,183715.09999999646,0.0,30.0,750.0,750.0,314.5,314.5,0.0,0.0,39929.68936297352,142750.9106370229,182680.59999999643,19.858745515816548,True,SCEN_2011_APR_270D,40,conservation_15pct,158
2011-09-06,182680.59999999643,0.0,30.0,750.0,750.0,314.5,314.5,0.0,0.0,39681.12725567925,141964.97274431714,181646.0999999964,19.746287639960475,True,SCEN_2011_APR_270D,40,conservation_15pct,159
2011-09-07,181646.0999999964,0.0,30.0,750.0,750.0,314.5,314.5,0.0,0.0,39432.56514838497,141179.0348516114,180611.59999999637,19.633829764104398,True,SCEN_2011_APR_270D,40,conservation_15pct,160
2011-09-08,180611.59999999637,0.0,30.0,750.0,750.0,314.5,314.5,0.0,0.0,39184.0030410907,140393.09695890563,179577.09999999634,19.521371888248325,True,SCEN_2011_APR_270D,40,conservation_15pct,161
2011-09-09,179577.09999999634,0.0,30.0,750.0,750.0,314.5,314.5,0.0,0.0,38935.440933796424,139607.15906619988,178542.5999999963,19.408914012392252,True,SCEN_2011_APR_270D,40,conservation_15pct,162
2011-09-10,178542.5999999963,0.0,30.0,750.0,750.0,314.5,314.5,0.0,0.0,38686.87882650215,138821.22117349412,177508.09999999628,19.296456136536175,True,SCEN_2011_APR_270D,40,conservation_15pct,163
2011-09-11,177508.09999999628,0.0,30.0,750.0,750.0,314.5,314.5,0.0,0.0,38438.316719207876,138035.28328078837,176473.59999999625,19.183998260680102,True,SCEN_2011_APR_270D,40,conservation_15pct,164
2011-09-12,176473.59999999625,0.0,30.0,750.0,750.0,314.5,314.5,0.0,0.0,38189.7546119136,137249.3453880826,175439.09999999622,19.071540384824026,True,SCEN_2011_APR_270D,40,conservation_15pct,165
2011-09-13,175439.09999999622,0.0,30.0,750.0,750.0,314.5,314.5,0.0,0.0,37941.19250461933,136463.40749537686,174404.5999999962,18.959082508967953,True,SCEN_2011_APR_270D,40,conservation_15pct,166
2011-09-14,174404.5999999962,0.0,30.0,750.0,750.0,314.5,314.5,0.0,0.0,37692.630397325054,135677.4696026711,173370.09999999616,18.846624633111876,True,SCEN_2011_APR_270D,40,conservation_15pct,167
2011-09-15,173370.09999999616,0.0,30.0,750.0,750.0,314.5,314.5,0.0,0.0,37444.06829003078,134891.53170996535,172335.59999999614,18.734166757255803,True,SCEN_2011_APR_270D,40,conservation_15pct,168
2011-09-16,172335.59999999614,5.173333333333333,262.79999999999995,750.0,750.0,314.5,314.5,0.0,0.0,37260.621347428314,134273.2786525678,171533.89999999612,18.647015979997406,True,SCEN_2011_APR_270D,40,conservation_15pct,169
2011-09-17,171533.89999999612,5.8533333333333335,293.40000000000003,750.0,750.0,314.5,314.5,0.0,0.0,37085.73335688586,133677.06664311024,170762.7999999961,18.563191651266017,True,SCEN_2011_APR_270D,40,conservation_15pct,170
2011-09-18,170762.7999999961,3.9733333333333336,208.8,750.0,750.0,314.5,314.5,0.0,0.0,36887.18238123633,133019.91761875976,169907.09999999608,18.470170670724652,True,SCEN_2011_APR_270D,40,conservation_15pct,171
2011-09-19,169907.09999999608,0.5466666666666666,54.599999999999994,750.0,750.0,314.5,314.5,0.0,0.0,36645.50100010794,132251.69899988812,168897.19999999605,18.36038699858637,True,SCEN_2011_APR_270D,40,conservation_15pct,172
2011-09-20,168897.19999999605,0.0,30.0,750.0,750.0,314.5,314.5,0.0,0.0,36396.93889281367,131465.76110718236,167862.69999999602,18.247929122730298,True,SCEN_2011_APR_270D,40,conservation_15pct,173
2011-09-21,167862.69999999602,0.0,30.0,750.0,750.0,314.5,314.5,0.0,0.0,36148.376785519395,130679.82321447662,166828.19999999602,18.13547124687423,True,SCEN_2011_APR_270D,40,conservation_15pct,174
2011-09-22,166828.19999999602,0.0,30.0,750.0,750.0,314.5,314.5,0.0,0.0,35899.81467822512,129893.8853217709,165793.69999999602,18.023013371018155,True,SCEN_2011_APR_270D,40,conservation_15pct,175
2011-09-23,165793.69999999602,0.0,30.0,750.0,750.0,314.5,314.5,0.0,0.0,35651.25257093085,129107.94742906517,164759.19999999602,17.910555495162086,True,SCEN_2011_APR_270D,40,conservation_15pct,176
2011-09-24,164759.19999999602,0.0,30.0,750.0,750.0,314.5,314.5,0.0,0.0,35402.69046363657,128322.00953635944,163724.69999999602,17.798097619306013,True,SCEN_2011_APR_270D,40,conservation_15pct,177
2011-09-25,163724.69999999602,0.0,30.0,750.0,750.0,314.5,314.5,0.0,0.0,35154.1283563423,127536.07164365372,162690.19999999602,17.685639743449943,True,SCEN_2011_APR_270D,40,conservation_15pct,178
2011-09-26,162690.19999999602,0.0,30.0,750.0,750.0,314.5,314.5,0.0,0.0,34905.566249048024,126750.13375094799,161655.69999999602,17.57318186759387,True,SCEN_2011_APR_270D,40,conservation_15pct,179
2011-09-27,161655.69999999602,0.0,30.0,750.0,750.0,314.5,314.5,0.0,0.0,34657.00414175375,125964.19585824227,160621.19999999602,17.4607239917378,True,SCEN_2011_APR_270D,40,conservation_15pct,180
2011-09-28,160621.19999999602,0.0,30.0,750.0,750.0,314.5,314.5,0.0,0.0,34408.44203445948,125178.25796553654,159586.69999999602,17.34826611588173,True,SCEN_2011_APR_270D,40,conservation_15pct,181
2011-09-29,159586.69999999602,0.48,51.599999999999994,750.0,750.0,314.5,314.5,0.0,0.0,34165.92154038403,124407.87845961198,158573.799999996,17.238156321338842,True,SCEN_2011_APR_270D,40,conservation_15pct,182
2011-09-30,158573.799999996,0.0,30.0,750.0,750.0,314.5,314.5,0.0,0.0,33917.359433089754,123621.94056690625,157539.299999996,17.12569844548277,True,SCEN_2011_APR_270D,40,conservation_15pct,183
2011-10-01,157539.299999996,0.0,30.0,380.0,380.0,314.5,314.5,0.0,0.0,33772.287922599484,123102.51207739653,156874.79999999603,17.053462332861834,True,SCEN_2011_APR_270D,40,conservation_15pct,184
2011-10-02,156874.79999999603,0.0,30.0,380.0,380.0,314.5,314.5,0.0,0.0,33627.216412109214,122583.08358788681,156210.29999999603,16.9812262202409,True,SCEN_2011_APR_270D,40,conservation_15pct,185
2011-10-03,156210.29999999603,0.0,30.0,380.0,380.0,314.5,314.5,0.0,0.0,33482.14490161894,122063.65509837709,155545.79999999603,16.90899010761996,True,SCEN_2011_APR_270D,40,conservation_15pct,186
2011-10-04,155545.79999999603,0.0,30.0,380.0,380.0,314.5,314.5,0.0,0.0,33337.07339112867,121544.22660886736,154881.29999999603,16.836753994999025,True,SCEN_2011_APR_270D,40,conservation_15pct,187
2011-10-05,154881.29999999603,0.0,30.0,380.0,380.0,314.5,314.5,0.0,0.0,33192.0018806384,121024.79811935764,154216.79999999603,16.764517882378087,True,SCEN_2011_APR_270D,40,conservation_15pct,188
2011-10-06,154216.79999999603,0.0,30.0,380.0,380.0,314.5,314.5,0.0,0.0,33046.93037014813,120505.36962984792,153552.29999999606,16.69228176975715,True,SCEN_2011_APR_270D,40,conservation_15pct,189
2011-10-07,153552.29999999606,0.68,60.6,380.0,380.0,314.5,314.5,0.0,0.0,32910.41781171787,120007.98218827818,152918.39999999607,16.623372105663233,True,SCEN_2011_APR_270D,40,conservation_15pct,190
2011-10-08,152918.39999999607,1.826666666666667,112.20000000000002,380.0,380.0,314.5,314.5,0.0,0.0,32788.337995977025,119547.76200401902,152336.09999999605,16.560071746928585,True,SCEN_2011_APR_270D,40,conservation_15pct,191
2011-10-09,152336.09999999605,18.893333333333338,880.2000000000002,380.0,380.0,314.5,314.5,0.0,0.0,32881.0710946834,119640.72890531264,152521.79999999603,16.58025872377389,True,SCEN_2011_APR_270D,40,conservation_15pct,192
2011-10-10,152521.79999999603,0.0,30.0,380.0,380.0,314.5,314.5,0.0,0.0,32735.999584193134,119121.30041580292,151857.29999999606,16.50802261115296,True,SCEN_2011_APR_270D,40,conservation_15pct,193
2011-10-11,151857.29999999606,0.0,30.0,380.0,380.0,314.5,314.5,0.0,0.0,32590.928073702864,118601.8719262932,151192.79999999606,16.43578649853202,True,SCEN_2011_APR_270D,40,conservation_15pct,194
2011-10-12,151192.79999999606,0.0,30.0,380.0,380.0,314.5,314.5,0.0,0.0,32445.856563212594,118082.44343678348,150528.29999999606,16.363550385911083,True,SCEN_2011_APR_270D,40,conservation_15pct,195
2011-10-13,150528.29999999606,4.546666666666666,234.59999999999997,380.0,380.0,314.5,314.5,0.0,0.0,32358.01255571178,117710.3874442843,150068.39999999607,16.313555821284496,True,SCEN_2011_APR_270D,40,conservation_15pct,196
2011-10-14,150068.39999999607,0.0,30.0,380.0,380.0,314.5,314.5,0.0,0.0,32212.94104522151,117190.95895477457,149403.89999999607,16.241319708663557,True,SCEN_2011_APR_270D,40,conservation_15pct,197
2011-10-15,149403.89999999607,0.0,30.0,380.0,380.0,314.5,314.5,0.0,0.0,32067.86953473124,116671.53046526485,148739.3999999961,16.169083596042626,True,SCEN_2011_APR_270D,40,conservation_15pct,198
2011-10-16,148739.3999999961,0.0,30.0,380.0,380.0,314.5,314.5,0.0,0.0,31922.79802424097,116152.10197575513,148074.8999999961,16.096847483421687,True,SCEN_2011_APR_270D,40,conservation_15pct,199
2011-10-17,148074.8999999961,0.0,30.0,380.0,380.0,314.5,314.5,0.0,0.0,31777.7265137507,115632.6734862454,147410.3999999961,16.02461137080075,True,SCEN_2011_APR_270D,40,conservation_15pct,200
2011-10-18,147410.3999999961,0.0,30.0,380.0,380.0,314.5,314.5,0.0,0.0,31632.65500326043,115113.24499673568,146745.89999999612,15.952375258179815,True,SCEN_2011_APR_270D,40,conservation_15pct,201
2011-10-19,146745.89999999612,0.0,30.0,380.0,380.0,314.5,314.5,0.0,0.0,31487.583492770158,114593.81650722596,146081.39999999612,15.880139145558877,True,SCEN_2011_APR_270D,40,conservation_15pct,202
2011-10-20,146081.39999999612,0.0,30.0,380.0,380.0,314.5,314.5,0.0,0.0,31342.511982279888,114074.38801771624,145416.89999999612,15.807903032937942,True,SCEN_2011_APR_270D,40,conservation_15pct,203
2011-10-21,145416.89999999612,0.0,30.0,380.0,380.0,314.5,314.5,0.0,0.0,31197.440471789618,113554.95952820651,144752.39999999612,15.735666920317005,True,SCEN_2011_APR_270D,40,conservation_15pct,204
2011-10-22,144752.39999999612,0.0,30.0,380.0,380.0,314.5,314.5,0.0,0.0,31052.368961299348,113035.53103869679,144087.89999999612,15.663430807696066,True,SCEN_2011_APR_270D,40,conservation_15pct,205
2011-10-23,144087.89999999612,0.0,30.0,380.0,380.0,314.5,314.5,0.0,0.0,30907.297450809077,112516.10254918707,143423.39999999615,15.591194695075133,True,SCEN_2011_APR_270D,40,conservation_15pct,206
2011-10-24,143423.39999999615,0.0,30.0,380.0,380.0,314.5,314.5,0.0,0.0,30762.225940318807,111996.67405967735,142758.89999999615,15.518958582454195,True,SCEN_2011_APR_270D,40,conservation_15pct,207
2011-10-25,142758.89999999615,0.0,30.0,380.0,380.0,314.5,314.5,0.0,0.0,30617.154429828537,111477.24557016762,142094.39999999615,15.44672246983326,True,SCEN_2011_APR_270D,40,conservation_15pct,208
2011-10-26,142094.39999999615,0.0,30.0,380.0,380.0,314.5,314.5,0.0,0.0,30472.082919338267,110957.8170806579,141429.89999999618,15.374486357212325,True,SCEN_2011_APR_270D,40,conservation_15pct,209
2011-10-27,141429.89999999618,0.06666666666666667,33.0,380.0,380.0,314.5,314.5,0.0,0.0,30327.850521795055,110440.54947820111,140768.39999999615,15.302576366995996,True,SCEN_2011_APR_270D,40,conservation_15pct,210
2011-10-28,140768.39999999615,0.26666666666666666,42.0,380.0,380.0,314.5,314.5,0.0,0.0,30186.135463093022,109929.76453690314,140115.89999999615,15.231644743993494,True,SCEN_2011_APR_270D,40,conservation_15pct,211
2011-10-29,140115.89999999615,0.0,30.0,380.0,380.0,314.5,314.5,0.0,0.0,30041.06395260275,109410.33604739342,139451.39999999618,15.159408631372559,True,SCEN_2011_APR_270D,40,conservation_15pct,212
2011-10-30,139451.39999999618,0.0,30.0,380.0,380.0,314.5,314.5,0.0,0.0,29895.99244211248,108890.9075578837,138786.89999999618,15.087172518751624,True,SCEN_2011_APR_270D,40,conservation_15pct,213
2011-10-31,138786.89999999618,0.0,30.0,380.0,380.0,314.5,314.5,0.0,0.0,29750.92093162221,108371.47906837397,138122.39999999618,15.014936406130685,True,SCEN_2011_APR_270D,40,conservation_15pct,214
2011-11-01,138122.39999999618,0.0,30.0,380.0,380.0,314.5,314.5,0.0,0.0,29605.84942113194,107852.05057886425,137457.89999999618,14.94270029350975,True,SCEN_2011_APR_270D,40,conservation_15pct,215
2011-11-02,137457.89999999618,0.04,31.8,380.0,380.0,314.5,314.5,0.0,0.0,29461.28137840991,107333.91862158629,136795.1999999962,14.870659854331581,True,SCEN_2011_APR_270D,40,conservation_15pct,216
2011-11-03,136795.1999999962,0.6133333333333333,57.599999999999994,380.0,380.0,314.5,314.5,0.0,0.0,29323.929707032585,106834.3702929636,136158.2999999962,14.801424067833047,True,SCEN_2011_APR_270D,40,conservation_15pct,217
2011-11-04,136158.2999999962,0.0,30.0,380.0,380.0,314.5,314.5,0.0,0.0,29178.858196542315,106314.94180345388,135493.7999999962,14.729187955212112,True,SCEN_2011_APR_270D,40,conservation_15pct,218
2011-11-05,135493.7999999962,0.0,30.0,380.0,380.0,314.5,314.5,0.0,0.0,29033.786686052044,105795.51331394416,134829.2999999962,14.656951842591173,True,SCEN_2011_APR_270D,40,conservation_15pct,219
2011-11-06,134829.2999999962,0.0,30.0,380.0,380.0,314.5,314.5,0.0,0.0,28888.715175561774,105276.08482443444,134164.7999999962,14.584715729970235,True,SCEN_2011_APR_270D,40,conservation_15pct,220
2011-11-07,134164.7999999962,0.0,30.0,380.0,380.0,314.5,314.5,0.0,0.0,28743.643665071504,104756.65633492472,133500.2999999962,14.5124796173493,True,SCEN_2011_APR_270D,40,conservation_15pct,221
2011-11-08,133500.2999999962,0.24,40.8,380.0,380.0,314.5,314.5,0.0,0.0,28601.59296119065,104245.00703880558,132846.59999999622,14.441417545384958,True,SCEN_2011_APR_270D,40,conservation_15pct,222
2011-11-09,132846.59999999622,0.13333333333333333,36.0,380.0,380.0,314.5,314.5,0.0,0.0,28458.1996765945,103729.90032340173,132188.09999999622,14.369833677573238,True,SCEN_2011_APR_270D,40,conservation_15pct,223
2011-11-10,132188.09999999622,0.4,48.0,380.0,380.0,314.5,314.5,0.0,0.0,28318.162843786587,103223.43715620965,131541.59999999625,14.29955429937996,True,SCEN_2011_APR_270D,40,conservation_15pct,224
2011-11-11,131541.59999999625,0.0,30.0,380.0,380.0,314.5,314.5,0.0,0.0,28173.091333296317,102704.00866669993,130877.09999999625,14.227318186759023,True,SCEN_2011_APR_270D,40,conservation_15pct,225
2011-11-12,130877.09999999625,0.0,30.0,380.0,380.0,314.5,314.5,0.0,0.0,28028.019822806047,102184.5801771902,130212.59999999625,14.155082074138086,True,SCEN_2011_APR_270D,40,conservation_15pct,226
2011-11-13,130212.59999999625,0.0,30.0,380.0,380.0,314.5,314.5,0.0,0.0,27882.948312315777,101665.15168768048,129548.09999999625,14.08284596151715,True,SCEN_2011_APR_270D,40,conservation_15pct,227
2011-11-14,129548.09999999625,0.0,30.0,380.0,380.0,314.5,314.5,0.0,0.0,27737.876801825507,101145.72319817076,128883.59999999627,14.010609848896213,True,SCEN_2011_APR_270D,40,conservation_15pct,228
2011-11-15,128883.59999999627,1.8933333333333335,115.2,380.0,380.0,314.5,314.5,0.0,0.0,27616.636099031726,100687.66390096454,128304.29999999626,13.947635612566177,True,SCEN_2011_APR_270D,40,conservation_15pct,229
2011-11-16,128304.29999999626,0.0,30.0,380.0,380.0,314.5,314.5,0.0,0.0,27471.564588541456,100168.23541145482,127639.79999999628,13.875399499945242,True,SCEN_2011_APR_270D,40,conservation_15pct,230
2011-11-17,127639.79999999628,0.0,30.0,380.0,380.0,314.5,314.5,0.0,0.0,27326.493078051186,99648.8069219451,126975.29999999629,13.803163387324306,True,SCEN_2011_APR_270D,40,conservation_15pct,231
2011-11-18,126975.29999999629,0.0,30.0,380.0,380.0,314.5,314.5,0.0,0.0,27181.421567560916,99129.37843243538,126310.79999999629,13.730927274703369,True,SCEN_2011_APR_270D,40,conservation_15pct,232
2011-11-19,126310.79999999629,0.0,30.0,380.0,380.0,314.5,314.5,0.0,0.0,27036.350057070646,98609.94994292565,125646.29999999629,13.658691162082432,True,SCEN_2011_APR_270D,40,conservation_15pct,233
2011-11-20,125646.29999999629,0.0,30.0,380.0,380.0,314.5,314.5,0.0,0.0,26891.278546580375,98090.52145341593,124981.7999999963,13.586455049461495,True,SCEN_2011_APR_270D,40,conservation_15pct,234
2011-11-21,124981.7999999963,0.64,58.8,380.0,380.0,314.5,314.5,0.0,0.0,26754.262520381875,97591.83747961443,124346.09999999631,13.517349711924808,True,SCEN_2011_APR_270D,40,conservation_15pct,235
2011-11-22,124346.09999999631,0.08,33.6,380.0,380.0,314.5,314.5,0.0,0.0,26610.197945428077,97075.00205456823,123685.19999999632,13.445504946189402,True,SCEN_2011_APR_270D,40,conservation_15pct,236
2011-11-23,123685.19999999632,0.0,30.0,380.0,380.0,314.5,314.5,0.0,0.0,26465.126434937807,96555.57356505851,123020.69999999632,13.373268833568467,True,SCEN_2011_APR_270D,40,conservation_15pct,237
2011-11-24,123020.69999999632,0.0,30.0,380.0,380.0,314.5,314.5,0.0,0.0,26320.054924447537,96036.14507554879,122356.19999999633,13.30103272094753,True,SCEN_2011_APR_270D,40,conservation_15pct,238
2011-11-25,122356.19999999633,0.0,30.0,380.0,380.0,314.5,314.5,0.0,0.0,26174.983413957267,95516.71658603907,121691.69999999633,13.228796608326594,True,SCEN_2011_APR_270D,40,conservation_15pct,239
2011-11-26,121691.69999999633,3.6933333333333334,196.2,380.0,380.0,314.5,314.5,0.0,0.0,26076.398760734093,95117.00123926224,121193.39999999634,13.174627676921007,True,SCEN_2011_APR_270D,40,conservation_15pct,240
2011-11-27,121193.39999999634,0.0,30.0,380.0,380.0,314.5,314.5,0.0,0.0,25931.327250243823,94597.57274975252,120528.89999999634,13.10239156430007,True,SCEN_2011_APR_270D,40,conservation_15pct,241
2011-11-28,120528.89999999634,0.0,30.0,380.0,380.0,314.5,314.5,0.0,0.0,25786.255739753553,94078.1442602428,119864.39999999636,13.030155451679134,True,SCEN_2011_APR_270D,40,conservation_15pct,242
2011-11-29,119864.39999999636,0.0,30.0,380.0,380.0,314.5,314.5,0.0,0.0,25641.184229263283,93558.71577073308,119199.89999999636,12.957919339058197,True,SCEN_2011_APR_270D,40,conservation_15pct,243
2011-11-30,119199.89999999636,0.0,30.0,380.0,380.0,314.5,314.5,0.0,0.0,25496.112718773013,93039.28728122335,118535.39999999637,12.885683226437262,True,SCEN_2011_APR_270D,40,conservation_15pct,244
2011-12-01,118535.39999999637,0.06666666666666667,33.0,380.0,380.0,314.5,314.5,0.0,0.0,25351.8803212298,92522.01967876656,117873.89999999636,12.813773236220932,True,SCEN_2011_APR_270D,40,conservation_15pct,245
2011-12-02,117873.89999999636,0.9733333333333333,73.8,380.0,380.0,314.5,314.5,0.0,0.0,25219.0598597666,92034.14014022976,117253.19999999636,12.746298510707291,True,SCEN_2011_APR_270D,40,conservation_15pct,246
2011-12-03,117253.19999999636,0.48,51.599999999999994,380.0,380.0,314.5,314.5,0.0,0.0,25080.02996249516,91530.2700375012,116610.29999999636,12.67641047939954,True,SCEN_2011_APR_270D,40,conservation_15pct,247
2011-12-04,116610.29999999636,1.1600000000000001,82.2,380.0,380.0,314.5,314.5,0.0,0.0,24949.559017283722,91048.44098271265,115997.99999999638,12.609848896618804,True,SCEN_2011_APR_270D,40,conservation_15pct,248
2011-12-05,115997.99999999638,0.8533333333333334,68.4,380.0,380.0,314.5,314.5,0.0,0.0,24815.228152515814,90556.67184748057,115371.89999999639,12.541787150776864,True,SCEN_2011_APR_270D,40,conservation_15pct,249
2011-12-06,115371.89999999639,0.0,30.0,380.0,380.0,314.5,314.5,0.0,0.0,24670.156642025544,90037.24335797084,114707.39999999639,12.469551038155927,True,SCEN_2011_APR_270D,40,conservation_15pct,250
2011-12-07,114707.39999999639,0.0,30.0,380.0,380.0,314.5,314.5,0.0,0.0,24525.085131535274,89517.81486846112,114042.8999999964,12.397314925534992,True,SCEN_2011_APR_270D,40,conservation_15pct,251
2011-12-08,114042.8999999964,0.0,30.0,380.0,380.0,314.5,314.5,0.0,0.0,24380.013621045004,88998.3863789514,113378.3999999964,12.325078812914056,True,SCEN_2011_APR_270D,40,conservation_15pct,252
2011-12-09,113378.3999999964,0.0,30.0,380.0,380.0,314.5,314.5,0.0,0.0,24234.942110554734,88478.95788944168,112713.89999999641,12.25284270029312,True,SCEN_2011_APR_270D,40,conservation_15pct,253
2011-12-10,112713.89999999641,4.0,210.0,380.0,380.0,314.5,314.5,0.0,0.0,24140.21737688803,88089.18262310838,112229.39999999641,12.200173931948735,True,SCEN_2011_APR_270D,40,conservation_15pct,254
2011-12-11,112229.39999999641,1.0133333333333334,75.6,380.0,380.0,314.5,314.5,0.0,0.0,24007.900383193064,87602.59961680336,111610.49999999642,12.13289487987786,True,SCEN_2011_APR_270D,40,conservation_15pct,255
2011-12-12,111610.49999999642,0.8400000000000001,67.80000000000001,380.0,380.0,314.5,314.5,0.0,0.0,23873.401695835742,87110.39830416068,110983.79999999642,12.064767909554998,True,SCEN_2011_APR_270D,40,conservation_15pct,256
2011-12-13,110983.79999999642,0.48,51.599999999999994,380.0,380.0,314.5,314.5,0.0,0.0,23734.3717985643,86606.52820143213,110340.89999999643,11.994879878247247,True,SCEN_2011_APR_270D,40,conservation_15pct,257
2011-12-14,110340.89999999643,0.24,40.8,380.0,380.0,314.5,314.5,0.0,0.0,23592.321094683448,86094.87890531299,109687.19999999643,11.923817806282903,True,SCEN_2011_APR_270D,40,conservation_15pct,258
2011-12-15,109687.19999999643,0.4,48.0,380.0,380.0,314.5,314.5,0.0,0.0,23452.284261875535,85588.41573812091,109040.69999999645,11.853538428089623,True,SCEN_2011_APR_270D,40,conservation_15pct,259
2011-12-16,109040.69999999645,0.0,30.0,380.0,380.0,314.5,314.5,0.0,0.0,23307.212751385265,85068.98724861119,108376.19999999645,11.781302315468686,True,SCEN_2011_APR_270D,40,conservation_15pct,260
2011-12-17,108376.19999999645,0.0,30.0,380.0,380.0,314.5,314.5,0.0,0.0,23162.141240894995,84549.55875910146,107711.69999999646,11.709066202847751,True,SCEN_2011_APR_270D,40,conservation_15pct,261
2011-12-18,107711.69999999646,0.06666666666666667,33.0,380.0,380.0,314.5,314.5,0.0,0.0,23017.908843351783,84032.29115664467,107050.19999999646,11.637156212631423,True,SCEN_2011_APR_270D,40,conservation_15pct,262
2011-12-19,107050.19999999646,1.1600000000000001,82.2,380.0,380.0,314.5,314.5,0.0,0.0,22887.437898140346,83550.46210185612,106437.89999999646,11.570594629850687,True,SCEN_2011_APR_270D,40,conservation_15pct,263
2011-12-20,106437.89999999646,0.08,33.6,380.0,380.0,314.5,314.5,0.0,0.0,22743.373323186548,83033.62667680992,105776.99999999646,11.49874986411528,True,SCEN_2011_APR_270D,40,conservation_15pct,264
2011-12-21,105776.99999999646,1.3200000000000003,89.4,380.0,380.0,314.5,314.5,0.0,0.0,22614.916249048056,82556.9837509484,105171.89999999646,11.432970975105604,True,SCEN_2011_APR_270D,40,conservation_15pct,265
2011-12-22,105171.89999999646,3.7600000000000002,199.20000000000002,380.0,380.0,314.5,314.5,0.0,0.0,22517.17070877194,82159.42929122453,104676.59999999647,11.379128166104628,True,SCEN_2011_APR_270D,40,conservation_15pct,266
2011-12-23,104676.59999999647,0.0,30.0,380.0,380.0,314.5,314.5,0.0,0.0,22372.09919828167,81640.0008017148,104012.09999999648,11.306892053483693,True,SCEN_2011_APR_270D,40,conservation_15pct,267
2011-12-24,104012.09999999648,1.106666666666667,79.80000000000001,380.0,380.0,314.5,314.5,0.0,0.0,22240.95696271259,81156.4430372839,103397.39999999649,11.240069572779268,True,SCEN_2011_APR_270D,40,conservation_15pct,268
2011-12-25,103397.39999999649,0.10666666666666667,34.8,380.0,380.0,314.5,314.5,0.0,0.0,22097.228032937615,80640.47196705888,102737.69999999649,11.168355256005706,True,SCEN_2011_APR_270D,40,conservation_15pct,269
2011-12-26,102737.69999999649,0.10666666666666667,34.8,380.0,380.0,314.5,314.5,0.0,0.0,21953.49910316264,80124.50089683387,102077.99999999651,11.096640939232145,True,SCEN_2011_APR_270D,40,conservation_15pct,270
